message_id,message,verdict,scam_type,risk_level,evidence,requested_action,language,category,confidence,source,contains_url,contains_phone,asks_for_otp,asks_for_upi_pin,asks_for_money,impersonates_authority,urgency
IND-01608,"For Aadhaar services, use the official UIDAI website or authorised centre. Never share OTP with anyone. Check the official portal for details.",LEGITIMATE,NONE,LOW,Normal transactional/personal communication; no malicious request,NONE,ENGLISH,Aadhaar,0.99,public_dataset_derived,0,0,1,0,0,1,LOW
IND-03224,"Bhai, A parcel-fee message came from an unknown number and asks for ₹499 through a link. Is it genuine?",SUSPICIOUS,COURIER_FRAUD,MEDIUM,"Potential fraud indicators present, but authenticity is not established",VERIFY_BEFORE_ACTION,HINGLISH,UNVERIFIED_COMMUNICATION,0.85,synthetic_augmented,0,0,0,0,1,0,MEDIUM
IND-04464,Important hai: Drinking hot water with turmeric completely prevents viral infections. Share with everyone.,FALSE_MISINFORMATION,NONE,MEDIUM,Unverified or misleading claim; forwarding pressure or implausible assertion,VERIFY_SOURCE,HINGLISH,MISINFORMATION,0.92,synthetic_augmented,0,0,0,0,0,0,MEDIUM
IND-03611,Mujhe ek message mila hai: A parcel-fee message came from an unknown number and asks for ₹499 through a link. Is it genuine?,SUSPICIOUS,COURIER_FRAUD,MEDIUM,"Potential fraud indicators present, but authenticity is not established",VERIFY_BEFORE_ACTION,HINDI_ROMAN,UNVERIFIED_COMMUNICATION,0.85,synthetic_augmented,0,0,0,0,1,0,HIGH
IND-02297,"Bhai ghar pahunch gaya hoon. Dinner ke baad call karta hoon. For security, never share OTP.",LEGITIMATE,NONE,LOW,Normal transactional/personal communication; no malicious request,NONE,HINGLISH,Family,0.94,public_dataset_derived,0,0,1,0,0,0,LOW
IND-00939,"Madam, Prize department: pay the verification fee immediately to receive your lottery winnings.",SCAM,LOTTERY_SCAM,HIGH,Prize claim requires fee/payment,PAY_FEE,HINGLISH,Lottery,0.89,public_dataset_derived,0,0,0,0,1,0,CRITICAL
IND-00007,Emergency donation appeal: transfer ₹500 now to help a hospital patient. Please forward to 10 groups.,SCAM,CHARITY_SCAM,MEDIUM,Urgent donation request with unverifiable details,DONATE,ENGLISH,Charity,0.92,synthetic_augmented,0,0,0,0,1,0,HIGH
IND-00493,"Bhai, Click http://secure-login.example to prevent your WhatsApp account from being disabled.",SCAM,PHISHING,HIGH,Suspicious link requesting credentials/payment,CLICK_LINK,HINGLISH,Phishing,0.99,public_dataset_derived,1,0,0,0,0,0,HIGH
IND-02925,"Your OTP is 482913. Do not share this OTP with anyone. If you did not request it, contact your bank through the official app. Please verify through the official app.",LEGITIMATE,NONE,LOW,Normal transactional/personal communication; no malicious request,NONE,ENGLISH,Banking,0.9,public_dataset_derived,0,0,1,0,0,1,LOW
IND-01022,"Madam, CBI officer here. A money laundering case is registered against your Aadhaar. Transfer ₹20,000 for verification.",SCAM,POLICE_IMPERSONATION,CRITICAL,Threat of arrest/case; demands money,PAY_OR_TRANSFER,HINGLISH,Law enforcement,0.94,public_dataset_derived,0,0,0,0,1,1,HIGH
IND-03311,Kripya check karein: I received a message saying I have an income-tax refund and it contains a link. I haven't checked the official portal.,SUSPICIOUS,TAX_REFUND_SCAM,MEDIUM,"Potential fraud indicators present, but authenticity is not established",VERIFY_BEFORE_ACTION,HINDI_ROMAN,UNVERIFIED_COMMUNICATION,0.71,synthetic_augmented,0,0,0,0,0,0,MEDIUM
IND-00485,"Turant check karein: Your electricity connection will be disconnected tonight due to unpaid bill. Pay ₹1,850 at http://power-pay.example.",SCAM,ELECTRICITY_SCAM,HIGH,Disconnection threat plus payment/link,PAY_BILL,HINDI_ROMAN,Utilities,0.97,synthetic_augmented,1,0,0,0,1,0,HIGH
IND-01459,"Sir, Your ₹5 lakh loan is approved. Send ₹999 insurance charges to release the amount today.",SCAM,LOAN_SCAM,HIGH,Loan promise with advance processing fee,PAY_FEE,HINGLISH,Loans,0.88,public_dataset_derived,0,0,0,0,1,0,HIGH
IND-02468,Bhai ghar pahunch gaya hoon. Dinner ke baad call karta hoon.,LEGITIMATE,NONE,LOW,Normal transactional/personal communication; no malicious request,NONE,HINGLISH,Family,0.93,public_dataset_derived,0,0,0,0,0,0,LOW
IND-01408,"Bahut zaroori hai: Guaranteed 3X return in 7 days. Transfer ₹10,000 to our UPI account and our expert will trade for you.",SCAM,INVESTMENT_SCAM,HIGH,Guaranteed/high returns; asks for transfer,TRANSFER_MONEY,HINDI_ROMAN,Investment,0.89,synthetic_augmented,0,0,0,0,1,0,HIGH
IND-01907,UPI payment of ₹850 to XYZ Store was successful. Transaction reference TXN872319.,LEGITIMATE,NONE,LOW,Normal transactional/personal communication; no malicious request,NONE,ENGLISH,UPI,0.94,public_dataset_derived,0,0,0,0,1,0,LOW
IND-01432,"Kripya dhyan dein: Police video verification required. Stay on the call and transfer ₹25,000 to prove your account is clean.",SCAM,DIGITAL_ARREST,CRITICAL,Authority impersonation; intimidation; payment demand,PAY_OR_TRANSFER,HINDI_ROMAN,Law enforcement,0.98,public_dataset_derived,0,0,0,0,1,1,CRITICAL
IND-00427,Kripya dhyan dein: Your meter has been flagged. Pay the pending amount now or your connection will be terminated today.,SCAM,ELECTRICITY_SCAM,HIGH,Disconnection threat plus payment/link,PAY_BILL,HINDI_ROMAN,Utilities,0.9,synthetic_augmented,0,0,0,0,1,0,HIGH
IND-00347,Turant check karein: Your Aadhaar is linked to a criminal investigation. Do not disconnect. Pay the security deposit immediately.,SCAM,DIGITAL_ARREST,CRITICAL,Authority impersonation; intimidation; payment demand,PAY_OR_TRANSFER,HINDI_ROMAN,Law enforcement,0.89,synthetic_augmented,0,0,0,0,1,1,HIGH
IND-00131,"Please dhyan do, Your bank KYC is incomplete. Account will be blocked today. Share OTP to complete verification.",SCAM,KYC_FRAUD,HIGH,OTP request; KYC/account threat; urgency,SHARE_OTP,HINGLISH,KYC / Banking,0.89,public_dataset_derived,0,0,1,0,0,1,HIGH
IND-00317,Urgent hai: Scholarship registration closes today. Pay ₹199 processing charges immediately.,SCAM,SCHOLARSHIP_SCAM,HIGH,Scholarship claim requires fee/bank details,PAY_FEE,HINGLISH,Education,0.92,public_dataset_derived,0,0,0,0,1,0,HIGH
IND-02658,Your train ticket booking is confirmed. PNR 4512789630. Check journey details through the official railway service. Check the official portal for details.,LEGITIMATE,NONE,LOW,Normal transactional/personal communication; no malicious request,NONE,ENGLISH,Railway,0.94,public_dataset_derived,0,0,0,0,0,1,LOW
IND-00800,"Sir, Please transfer ₹499 to this personal UPI ID to unlock your cashback immediately.",SCAM,UPI_FRAUD,HIGH,Requests UPI PIN/payment; urgency,PAY_OR_SHARE_UPI,HINGLISH,UPI,0.93,public_dataset_derived,0,0,0,0,1,0,HIGH
IND-03393,I received a message saying I have an income-tax refund and it contains a link. I haven't checked the official portal.,SUSPICIOUS,TAX_REFUND_SCAM,MEDIUM,"Potential fraud indicators present, but authenticity is not established",VERIFY_BEFORE_ACTION,ENGLISH,UNVERIFIED_COMMUNICATION,0.89,synthetic_augmented,0,0,0,0,0,0,MEDIUM
IND-01162,"Madam, Your refund is ready. Enter card number, CVV and OTP at http://refund-portal.example.",SCAM,PHISHING,HIGH,Suspicious link requesting credentials/payment,CLICK_LINK,HINGLISH,Phishing,0.89,synthetic_augmented,1,0,1,0,0,0,HIGH
IND-01927,"Bhai tera parcel aa gaya hai, main reception pe rakh raha hoon. Check the official portal for details.",LEGITIMATE,NONE,LOW,Normal transactional/personal communication; no malicious request,NONE,HINGLISH,Delivery,0.93,public_dataset_derived,0,0,0,0,0,0,LOW
IND-04213,Bahut important khabar: The government has announced 5 lakh permanent jobs for anyone who forwards this message.,FALSE_MISINFORMATION,NONE,MEDIUM,Unverified or misleading claim; forwarding pressure or implausible assertion,VERIFY_SOURCE,HINDI_ROMAN,MISINFORMATION,0.91,synthetic_augmented,0,0,0,0,0,1,HIGH
IND-00410,Bahut zaroori hai: FedEx parcel alert: your package cannot be delivered until ₹799 is paid. Pay now to avoid return.,SCAM,COURIER_FRAUD,HIGH,Unexpected parcel/customs fee; payment request or link,PAY_FEE,HINDI_ROMAN,Courier,0.95,synthetic_augmented,0,0,0,0,1,0,HIGH
IND-00290,"Police video verification required. Stay on the call and transfer ₹25,000 to prove your account is clean.",SCAM,DIGITAL_ARREST,CRITICAL,Authority impersonation; intimidation; payment demand,PAY_OR_TRANSFER,ENGLISH,Law enforcement,0.9,public_dataset_derived,0,0,0,0,1,1,CRITICAL
IND-00964,Kripya dhyan dein: Your verification OTP has been generated. Send the OTP here so we can stop the unauthorized transaction.,SCAM,OTP_THEFT,HIGH,Requests one-time password; suspicious verification,SHARE_OTP,HINDI_ROMAN,Banking,0.95,synthetic_augmented,0,0,1,0,0,0,CRITICAL
IND-04627,Bahut important khabar: IRCTC is giving free train tickets to anyone who registers through this forwarded WhatsApp form.,FALSE_MISINFORMATION,NONE,MEDIUM,Unverified or misleading claim; forwarding pressure or implausible assertion,VERIFY_SOURCE,HINDI_ROMAN,MISINFORMATION,0.8,synthetic_augmented,0,0,0,0,0,1,MEDIUM
IND-00906,"Bhai, Your refund is ready. Enter card number, CVV and OTP at http://refund-portal.example.",SCAM,PHISHING,HIGH,Suspicious link requesting credentials/payment,CLICK_LINK,HINGLISH,Phishing,0.97,public_dataset_derived,1,0,1,0,0,0,HIGH
IND-03419,Mujhe ek message mila hai: A caller claiming to be from my bank asked for an OTP to cancel a transaction. I did not share it.,SUSPICIOUS,BANK_IMPERSONATION,MEDIUM,"Potential fraud indicators present, but authenticity is not established",VERIFY_BEFORE_ACTION,HINDI_ROMAN,UNVERIFIED_COMMUNICATION,0.79,synthetic_augmented,0,0,1,0,0,1,MEDIUM
IND-01420,"Please dhyan do, Instagram security alert: unusual login detected. Verify your password and OTP using http://security-check.example.",SCAM,ACCOUNT_TAKEOVER,HIGH,Threatens account closure and requests login/OTP,LOGIN_OR_SHARE_OTP,HINGLISH,Account security,0.98,synthetic_augmented,1,0,1,0,0,0,CRITICAL
IND-00465,Urgent hai: Loan verification requires an advance payment of ₹799 and PAN/Aadhaar on WhatsApp.,SCAM,LOAN_SCAM,HIGH,Loan promise with advance processing fee,PAY_FEE,HINGLISH,Loans,0.92,public_dataset_derived,0,0,0,0,1,1,CRITICAL
IND-01377,Urgent hai: Your account needs urgent verification. Login at http://account-check.example before midnight.,SCAM,PHISHING,HIGH,Suspicious link requesting credentials/payment,CLICK_LINK,HINGLISH,Phishing,0.91,public_dataset_derived,1,0,0,0,0,0,HIGH
IND-01253,"Kripya dhyan dein: Your refund is ready. Enter card number, CVV and OTP at http://refund-portal.example.",SCAM,PHISHING,HIGH,Suspicious link requesting credentials/payment,CLICK_LINK,HINDI_ROMAN,Phishing,0.95,synthetic_augmented,1,0,1,0,0,0,HIGH
IND-00801,"You have won ₹25,00,000 in the lucky draw. Pay ₹2,999 tax charges to release your prize.",SCAM,LOTTERY_SCAM,HIGH,Prize claim requires fee/payment,PAY_FEE,ENGLISH,Lottery,0.94,synthetic_augmented,0,0,0,0,1,0,HIGH
IND-00860,Turant check karein: Your UPI account will be suspended today. Send your UPI PIN to the verification agent to reactivate it.,SCAM,UPI_FRAUD,HIGH,Requests UPI PIN/payment; urgency,PAY_OR_SHARE_UPI,HINDI_ROMAN,UPI,0.99,public_dataset_derived,0,0,0,1,0,0,HIGH
IND-00830,Turant check karein: Your ₹5 lakh loan is approved. Send ₹999 insurance charges to release the amount today.,SCAM,LOAN_SCAM,HIGH,Loan promise with advance processing fee,PAY_FEE,HINDI_ROMAN,Loans,0.89,public_dataset_derived,0,0,0,0,1,0,HIGH
IND-00680,"Courier department: parcel contains restricted material. Pay ₹2,000 immediately or legal action will start.",SCAM,COURIER_FRAUD,HIGH,Unexpected parcel/customs fee; payment request or link,PAY_FEE,ENGLISH,Courier,0.98,public_dataset_derived,0,0,0,0,1,0,CRITICAL
IND-03808,Kripya check karein: Someone says my KYC will expire today and wants my documents on WhatsApp. I have not verified the sender.,SUSPICIOUS,KYC_FRAUD,MEDIUM,"Potential fraud indicators present, but authenticity is not established",VERIFY_BEFORE_ACTION,HINDI_ROMAN,UNVERIFIED_COMMUNICATION,0.8,synthetic_augmented,0,0,0,0,0,1,MEDIUM
IND-01290,"Urgent hai: Income Tax refund of ₹18,500 is pending. Confirm PAN, bank details and OTP at http://tax-refund.example.",SCAM,TAX_REFUND_SCAM,HIGH,Fake refund plus PAN/bank/OTP request,SHARE_DETAILS,HINGLISH,Tax,0.92,public_dataset_derived,1,0,1,0,1,1,CRITICAL
IND-00747,"Sir, Your FASTag will be blocked tonight. Recharge ₹500 immediately through this link.",SCAM,FASTAG_SCAM,HIGH,KYC/recharge/blacklist threat plus payment/link,PAY_OR_UPDATE,HINGLISH,Transport,0.97,synthetic_augmented,0,0,0,0,1,0,HIGH
IND-01213,Bahut zaroori hai: FASTag verification pending. Send vehicle RC and OTP to activate your account.,SCAM,FASTAG_SCAM,HIGH,KYC/recharge/blacklist threat plus payment/link,PAY_OR_UPDATE,HINDI_ROMAN,Transport,0.91,synthetic_augmented,0,0,1,0,0,0,HIGH
IND-01368,Urgent hai: Click http://secure-login.example to prevent your WhatsApp account from being disabled.,SCAM,PHISHING,HIGH,Suspicious link requesting credentials/payment,CLICK_LINK,HINGLISH,Phishing,0.91,public_dataset_derived,1,0,0,0,0,0,HIGH
IND-00336,"Turant check karein: Courier department: parcel contains restricted material. Pay ₹2,000 immediately or legal action will start.",SCAM,COURIER_FRAUD,HIGH,Unexpected parcel/customs fee; payment request or link,PAY_FEE,HINDI_ROMAN,Courier,0.9,synthetic_augmented,0,0,0,0,1,0,HIGH
IND-00888,"Your electricity connection will be disconnected tonight due to unpaid bill. Pay ₹1,850 at http://power-pay.example.",SCAM,ELECTRICITY_SCAM,HIGH,Disconnection threat plus payment/link,PAY_BILL,ENGLISH,Utilities,0.91,synthetic_augmented,1,0,0,0,1,0,HIGH
IND-04925,Guys please forward: Drinking hot water with turmeric completely prevents viral infections. Share with everyone.,FALSE_MISINFORMATION,NONE,MEDIUM,Unverified or misleading claim; forwarding pressure or implausible assertion,VERIFY_SOURCE,HINGLISH,MISINFORMATION,0.94,synthetic_augmented,0,0,0,0,0,0,MEDIUM
IND-01329,Kripya dhyan dein: Loan verification requires an advance payment of ₹799 and PAN/Aadhaar on WhatsApp.,SCAM,LOAN_SCAM,HIGH,Loan promise with advance processing fee,PAY_FEE,HINDI_ROMAN,Loans,0.9,public_dataset_derived,0,0,0,0,1,1,HIGH
IND-03513,"Bhai, Someone says my KYC will expire today and wants my documents on WhatsApp. I have not verified the sender.",SUSPICIOUS,KYC_FRAUD,MEDIUM,"Potential fraud indicators present, but authenticity is not established",VERIFY_BEFORE_ACTION,HINGLISH,UNVERIFIED_COMMUNICATION,0.76,synthetic_augmented,0,0,0,0,0,1,MEDIUM
IND-00441,"Urgent hai: You have been shortlisted for a government job. Pay ₹1,000 registration fee to receive your appointment letter.",SCAM,RECRUITMENT_SCAM,HIGH,Fake recruitment with registration fee,PAY_FEE,HINGLISH,Employment,0.96,synthetic_augmented,0,0,0,0,1,1,HIGH
IND-00277,"Kripya dhyan dein: Government scholarship of ₹25,000 approved. Pay ₹299 verification fee to receive it.",SCAM,SCHOLARSHIP_SCAM,HIGH,Scholarship claim requires fee/bank details,PAY_FEE,HINDI_ROMAN,Education,0.88,public_dataset_derived,0,0,0,0,1,1,CRITICAL
IND-01115,Instagram security alert: unusual login detected. Verify your password and OTP using http://security-check.example.,SCAM,ACCOUNT_TAKEOVER,HIGH,Threatens account closure and requests login/OTP,LOGIN_OR_SHARE_OTP,ENGLISH,Account security,0.89,public_dataset_derived,1,0,1,0,0,0,HIGH
IND-03351,"Guys, A message says my social media account will close and gives an unfamiliar login link. I haven't clicked it.",SUSPICIOUS,ACCOUNT_TAKEOVER,MEDIUM,"Potential fraud indicators present, but authenticity is not established",VERIFY_BEFORE_ACTION,HINGLISH,UNVERIFIED_COMMUNICATION,0.83,synthetic_augmented,0,0,0,0,0,0,MEDIUM
IND-00798,"Delhi Police Cyber Cell calling. Your number is linked to an illegal case. Pay ₹15,000 now to avoid arrest.",SCAM,POLICE_IMPERSONATION,CRITICAL,Threat of arrest/case; demands money,PAY_OR_TRANSFER,ENGLISH,Law enforcement,0.88,public_dataset_derived,0,0,0,0,1,1,HIGH
IND-01193,Urgent hai: Your email account will close in 24 hours. Login through this link to keep it active.,SCAM,ACCOUNT_TAKEOVER,HIGH,Threatens account closure and requests login/OTP,LOGIN_OR_SHARE_OTP,HINGLISH,Account security,0.93,synthetic_augmented,0,0,0,0,0,0,CRITICAL
IND-00080,"Bhai, FASTag verification pending. Send vehicle RC and OTP to activate your account.",SCAM,FASTAG_SCAM,HIGH,KYC/recharge/blacklist threat plus payment/link,PAY_OR_UPDATE,HINGLISH,Transport,0.97,public_dataset_derived,0,0,1,0,0,0,HIGH
IND-00018,Turant check karein: FASTag verification pending. Send vehicle RC and OTP to activate your account.,SCAM,FASTAG_SCAM,HIGH,KYC/recharge/blacklist threat plus payment/link,PAY_OR_UPDATE,HINDI_ROMAN,Transport,0.93,synthetic_augmented,0,0,1,0,0,0,HIGH
IND-00891,"Bhai, Please transfer ₹499 to this personal UPI ID to unlock your cashback immediately.",SCAM,UPI_FRAUD,HIGH,Requests UPI PIN/payment; urgency,PAY_OR_SHARE_UPI,HINGLISH,UPI,0.88,synthetic_augmented,0,0,0,0,1,0,CRITICAL
IND-01233,"Bhai, URGENT: KYC expires in 2 hours. Send OTP and Aadhaar details on WhatsApp to keep your account active.",SCAM,KYC_FRAUD,HIGH,OTP request; KYC/account threat; urgency,SHARE_OTP,HINGLISH,KYC / Banking,0.98,synthetic_augmented,0,0,1,0,0,1,HIGH
IND-00788,Kripya dhyan dein: Instagram security alert: unusual login detected. Verify your password and OTP using http://security-check.example.,SCAM,ACCOUNT_TAKEOVER,HIGH,Threatens account closure and requests login/OTP,LOGIN_OR_SHARE_OTP,HINDI_ROMAN,Account security,0.97,public_dataset_derived,1,0,1,0,0,0,HIGH
IND-00051,Urgent hai: Congratulations! Your mobile number won ₹10 lakh. Send ₹499 processing fee to claim the amount.,SCAM,LOTTERY_SCAM,HIGH,Prize claim requires fee/payment,PAY_FEE,HINGLISH,Lottery,0.96,public_dataset_derived,0,0,0,0,1,0,HIGH
IND-01177,Work from home recruitment: pay ₹299 onboarding charges and start earning immediately.,SCAM,RECRUITMENT_SCAM,HIGH,Fake recruitment with registration fee,PAY_FEE,ENGLISH,Employment,0.91,public_dataset_derived,0,0,0,0,1,0,HIGH
IND-01191,Turant check karein: Emergency donation appeal: transfer ₹500 now to help a hospital patient. Please forward to 10 groups.,SCAM,CHARITY_SCAM,MEDIUM,Urgent donation request with unverifiable details,DONATE,HINDI_ROMAN,Charity,0.89,synthetic_augmented,0,0,0,0,1,0,HIGH
IND-03231,A WhatsApp group promises guaranteed crypto returns and asks members to transfer money. Can this be verified?,SUSPICIOUS,INVESTMENT_SCAM,MEDIUM,"Potential fraud indicators present, but authenticity is not established",VERIFY_BEFORE_ACTION,ENGLISH,UNVERIFIED_COMMUNICATION,0.84,synthetic_augmented,0,0,0,0,1,0,MEDIUM
IND-00213,Scholarship registration closes today. Pay ₹199 processing charges immediately.,SCAM,SCHOLARSHIP_SCAM,HIGH,Scholarship claim requires fee/bank details,PAY_FEE,ENGLISH,Education,0.92,public_dataset_derived,0,0,0,0,1,0,CRITICAL
IND-00303,Bahut zaroori hai: Scholarship registration closes today. Pay ₹199 processing charges immediately.,SCAM,SCHOLARSHIP_SCAM,HIGH,Scholarship claim requires fee/bank details,PAY_FEE,HINDI_ROMAN,Education,0.93,public_dataset_derived,0,0,0,0,1,0,CRITICAL
IND-02967,"Bhai tera parcel aa gaya hai, main reception pe rakh raha hoon.",LEGITIMATE,NONE,LOW,Normal transactional/personal communication; no malicious request,NONE,HINGLISH,Delivery,0.97,public_dataset_derived,0,0,0,0,0,0,LOW
IND-01474,Turant check karein: FedEx parcel alert: your package cannot be delivered until ₹799 is paid. Pay now to avoid return.,SCAM,COURIER_FRAUD,HIGH,Unexpected parcel/customs fee; payment request or link,PAY_FEE,HINDI_ROMAN,Courier,0.94,public_dataset_derived,0,0,0,0,1,0,HIGH
IND-00472,"Please dhyan do, Prize department: pay the verification fee immediately to receive your lottery winnings.",SCAM,LOTTERY_SCAM,HIGH,Prize claim requires fee/payment,PAY_FEE,HINGLISH,Lottery,0.9,public_dataset_derived,0,0,0,0,1,0,CRITICAL
IND-00019,"Bhai, Your meter has been flagged. Pay the pending amount now or your connection will be terminated today.",SCAM,ELECTRICITY_SCAM,HIGH,Disconnection threat plus payment/link,PAY_BILL,HINGLISH,Utilities,0.98,synthetic_augmented,0,0,0,0,1,0,HIGH
IND-01440,Bahut zaroori hai: Prize department: pay the verification fee immediately to receive your lottery winnings.,SCAM,LOTTERY_SCAM,HIGH,Prize claim requires fee/payment,PAY_FEE,HINDI_ROMAN,Lottery,0.98,synthetic_augmented,0,0,0,0,1,0,HIGH
IND-00673,"Please dhyan do, Refund pending. To receive ₹1,499, enter your UPI PIN on the link http://refund-check.example.",SCAM,UPI_FRAUD,HIGH,Requests UPI PIN/payment; urgency,PAY_OR_SHARE_UPI,HINGLISH,UPI,0.97,synthetic_augmented,1,0,0,1,1,0,CRITICAL
IND-01283,"Madam, Congratulations! Your mobile number won ₹10 lakh. Send ₹499 processing fee to claim the amount.",SCAM,LOTTERY_SCAM,HIGH,Prize claim requires fee/payment,PAY_FEE,HINGLISH,Lottery,0.96,synthetic_augmented,0,0,0,0,1,0,HIGH
IND-00602,"Sir, You have won ₹25,00,000 in the lucky draw. Pay ₹2,999 tax charges to release your prize.",SCAM,LOTTERY_SCAM,HIGH,Prize claim requires fee/payment,PAY_FEE,HINGLISH,Lottery,0.91,synthetic_augmented,0,0,0,0,1,0,CRITICAL
IND-00995,"Bhai, Police video verification required. Stay on the call and transfer ₹25,000 to prove your account is clean.",SCAM,DIGITAL_ARREST,CRITICAL,Authority impersonation; intimidation; payment demand,PAY_OR_TRANSFER,HINGLISH,Law enforcement,0.92,synthetic_augmented,0,0,0,0,1,1,HIGH
IND-01735,"Mummy, train mein baith gaya hoon. Safely pahunch jaunga. Check the official portal for details.",LEGITIMATE,NONE,LOW,Normal transactional/personal communication; no malicious request,NONE,HINGLISH,Family,0.94,public_dataset_derived,0,0,0,0,0,1,LOW
IND-01604,Aapka parcel kal deliver hoga. Delivery partner ka official tracking page check kar sakte hain. Please verify through the official app.,LEGITIMATE,NONE,LOW,Normal transactional/personal communication; no malicious request,NONE,HINGLISH,Courier,0.9,public_dataset_derived,0,0,0,0,0,0,LOW
IND-01277,"Turant check karein: Police video verification required. Stay on the call and transfer ₹25,000 to prove your account is clean.",SCAM,DIGITAL_ARREST,CRITICAL,Authority impersonation; intimidation; payment demand,PAY_OR_TRANSFER,HINDI_ROMAN,Law enforcement,0.98,public_dataset_derived,0,0,0,0,1,1,CRITICAL
IND-01308,Kripya dhyan dein: Flood relief collection: donate immediately through this unfamiliar payment link.,SCAM,CHARITY_SCAM,MEDIUM,Urgent donation request with unverifiable details,DONATE,HINDI_ROMAN,Charity,0.89,public_dataset_derived,0,0,0,0,1,0,HIGH
IND-00565,"Madam, Click http://secure-login.example to prevent your WhatsApp account from being disabled.",SCAM,PHISHING,HIGH,Suspicious link requesting credentials/payment,CLICK_LINK,HINGLISH,Phishing,0.97,synthetic_augmented,1,0,0,0,0,0,CRITICAL
IND-01391,"Sir, Police video verification required. Stay on the call and transfer ₹25,000 to prove your account is clean.",SCAM,DIGITAL_ARREST,CRITICAL,Authority impersonation; intimidation; payment demand,PAY_OR_TRANSFER,HINGLISH,Law enforcement,0.9,synthetic_augmented,0,0,0,0,1,1,HIGH
IND-00651,"Kripya dhyan dein: Income Tax refund of ₹18,500 is pending. Confirm PAN, bank details and OTP at http://tax-refund.example.",SCAM,TAX_REFUND_SCAM,HIGH,Fake refund plus PAN/bank/OTP request,SHARE_DETAILS,HINDI_ROMAN,Tax,0.91,synthetic_augmented,1,0,1,0,1,1,HIGH
IND-02032,"Aapke account se ₹900 debit hua hai. Agar aapne transaction nahi kiya to official bank app mein check karein. For security, never share OTP.",LEGITIMATE,NONE,LOW,Normal transactional/personal communication; no malicious request,NONE,HINGLISH,Banking,0.93,public_dataset_derived,0,0,1,0,1,1,LOW
IND-00780,Bahut zaroori hai: URGENT: KYC expires in 2 hours. Send OTP and Aadhaar details on WhatsApp to keep your account active.,SCAM,KYC_FRAUD,HIGH,OTP request; KYC/account threat; urgency,SHARE_OTP,HINDI_ROMAN,KYC / Banking,0.95,public_dataset_derived,0,0,1,0,0,1,CRITICAL
IND-01489,Urgent hai: Your parcel is held at customs. Pay ₹499 clearance charges immediately at http://parcel-fee.example.,SCAM,COURIER_FRAUD,HIGH,Unexpected parcel/customs fee; payment request or link,PAY_FEE,HINGLISH,Courier,0.9,synthetic_augmented,1,0,0,0,1,1,HIGH
IND-01726,"Your parcel has been shipped and is expected to arrive tomorrow. Track it using the courier company's official application. For security, never share OTP.",LEGITIMATE,NONE,LOW,Normal transactional/personal communication; no malicious request,NONE,ENGLISH,Courier,0.93,public_dataset_derived,0,0,1,0,0,0,LOW
IND-00990,"Kripya dhyan dein: Part-time job available: earn ₹5,000 daily. Send ₹499 security deposit and Aadhaar copy to start.",SCAM,JOB_SCAM,HIGH,Job offer requires upfront payment or sensitive documents,PAY_FEE,HINDI_ROMAN,Employment,0.97,public_dataset_derived,0,0,0,0,1,1,HIGH
IND-00712,"Urgent hai: Limited investment opportunity: zero risk and guaranteed profit. Send ₹5,000 today to activate your account.",SCAM,INVESTMENT_SCAM,HIGH,Guaranteed/high returns; asks for transfer,TRANSFER_MONEY,HINGLISH,Investment,0.94,synthetic_augmented,0,0,0,0,1,0,CRITICAL
IND-04041,Bhai sabko bhejo: All college exams are permanently cancelled this semester. Forward to every student.,FALSE_MISINFORMATION,NONE,MEDIUM,Unverified or misleading claim; forwarding pressure or implausible assertion,VERIFY_SOURCE,HINGLISH,MISINFORMATION,0.95,synthetic_augmented,0,0,0,0,0,0,HIGH
IND-00082,"Sir, Railway recruitment selected you for the next round. Pay ₹499 document verification fee today.",SCAM,RECRUITMENT_SCAM,HIGH,Fake recruitment with registration fee,PAY_FEE,HINGLISH,Employment,0.91,synthetic_augmented,0,0,0,0,1,0,HIGH
IND-03113,"Guys, Someone offered me a work-from-home job but wants a ₹500 joining fee first. I am unsure if it is genuine.",SUSPICIOUS,JOB_SCAM,MEDIUM,"Potential fraud indicators present, but authenticity is not established",VERIFY_BEFORE_ACTION,HINGLISH,UNVERIFIED_COMMUNICATION,0.78,synthetic_augmented,0,0,0,0,1,0,HIGH
IND-04436,Sabko forward karein: All college exams are permanently cancelled this semester. Forward to every student.,FALSE_MISINFORMATION,NONE,MEDIUM,Unverified or misleading claim; forwarding pressure or implausible assertion,VERIFY_SOURCE,HINDI_ROMAN,MISINFORMATION,0.88,synthetic_augmented,0,0,0,0,0,0,MEDIUM
IND-00756,"Guaranteed 3X return in 7 days. Transfer ₹10,000 to our UPI account and our expert will trade for you.",SCAM,INVESTMENT_SCAM,HIGH,Guaranteed/high returns; asks for transfer,TRANSFER_MONEY,ENGLISH,Investment,0.89,public_dataset_derived,0,0,0,0,1,0,HIGH
IND-00137,"Please dhyan do, Government scholarship of ₹25,000 approved. Pay ₹299 verification fee to receive it.",SCAM,SCHOLARSHIP_SCAM,HIGH,Scholarship claim requires fee/bank details,PAY_FEE,HINGLISH,Education,0.96,synthetic_augmented,0,0,0,0,1,1,CRITICAL
IND-01210,Kripya dhyan dein: Work from home recruitment: pay ₹299 onboarding charges and start earning immediately.,SCAM,RECRUITMENT_SCAM,HIGH,Fake recruitment with registration fee,PAY_FEE,HINDI_ROMAN,Employment,0.91,synthetic_augmented,0,0,0,0,1,0,HIGH
IND-01342,"Kripya dhyan dein: CBI officer here. A money laundering case is registered against your Aadhaar. Transfer ₹20,000 for verification.",SCAM,POLICE_IMPERSONATION,CRITICAL,Threat of arrest/case; demands money,PAY_OR_TRANSFER,HINDI_ROMAN,Law enforcement,0.98,public_dataset_derived,0,0,0,0,1,1,HIGH
IND-01421,"Madam, Instant personal loan approved without CIBIL check. Pay ₹1,499 processing fee before disbursement.",SCAM,LOAN_SCAM,HIGH,Loan promise with advance processing fee,PAY_FEE,HINGLISH,Loans,0.9,synthetic_augmented,0,0,0,0,1,0,HIGH
IND-03569,"Bhai, A caller claiming to be from my bank asked for an OTP to cancel a transaction. I did not share it.",SUSPICIOUS,BANK_IMPERSONATION,MEDIUM,"Potential fraud indicators present, but authenticity is not established",VERIFY_BEFORE_ACTION,HINGLISH,UNVERIFIED_COMMUNICATION,0.7,synthetic_augmented,0,0,1,0,0,1,HIGH
IND-03913,Mujhe ek message mila hai: This message says I won a shopping voucher but asks me to pay a small fee first. Has anyone verified it?,SUSPICIOUS,LOTTERY_SCAM,MEDIUM,"Potential fraud indicators present, but authenticity is not established",VERIFY_BEFORE_ACTION,HINDI_ROMAN,UNVERIFIED_COMMUNICATION,0.9,synthetic_augmented,0,0,0,0,1,0,MEDIUM
IND-00170,"Bahut zaroori hai: Crypto investment group: deposit ₹2,500 now and receive guaranteed returns within 48 hours.",SCAM,INVESTMENT_SCAM,HIGH,Guaranteed/high returns; asks for transfer,TRANSFER_MONEY,HINDI_ROMAN,Investment,0.96,synthetic_augmented,0,0,0,0,1,0,HIGH
IND-04451,Drinking hot water with turmeric completely prevents viral infections. Share with everyone.,FALSE_MISINFORMATION,NONE,MEDIUM,Unverified or misleading claim; forwarding pressure or implausible assertion,VERIFY_SOURCE,ENGLISH,MISINFORMATION,0.88,synthetic_augmented,0,0,0,0,0,0,MEDIUM
IND-00241,Bahut zaroori hai: Loan verification requires an advance payment of ₹799 and PAN/Aadhaar on WhatsApp.,SCAM,LOAN_SCAM,HIGH,Loan promise with advance processing fee,PAY_FEE,HINDI_ROMAN,Loans,0.97,public_dataset_derived,0,0,0,0,1,1,CRITICAL
IND-01443,FASTag KYC failed. Pay ₹499 and update vehicle details at http://fastag-update.example to avoid blacklisting.,SCAM,FASTAG_SCAM,HIGH,KYC/recharge/blacklist threat plus payment/link,PAY_OR_UPDATE,ENGLISH,Transport,0.93,synthetic_augmented,1,0,0,0,1,1,CRITICAL
IND-01256,Bahut zaroori hai: Your bank KYC is incomplete. Account will be blocked today. Share OTP to complete verification.,SCAM,KYC_FRAUD,HIGH,OTP request; KYC/account threat; urgency,SHARE_OTP,HINDI_ROMAN,KYC / Banking,0.89,synthetic_augmented,0,0,1,0,0,1,HIGH
IND-01009,Urgent hai: Your Aadhaar is linked to a criminal investigation. Do not disconnect. Pay the security deposit immediately.,SCAM,DIGITAL_ARREST,CRITICAL,Authority impersonation; intimidation; payment demand,PAY_OR_TRANSFER,HINGLISH,Law enforcement,0.91,public_dataset_derived,0,0,0,0,1,1,CRITICAL
IND-03087,A message says my social media account will close and gives an unfamiliar login link. I haven't clicked it.,SUSPICIOUS,ACCOUNT_TAKEOVER,MEDIUM,"Potential fraud indicators present, but authenticity is not established",VERIFY_BEFORE_ACTION,ENGLISH,UNVERIFIED_COMMUNICATION,0.85,synthetic_augmented,0,0,0,0,0,0,MEDIUM
IND-02003,"Security reminder: bank staff will never ask for your OTP, UPI PIN, CVV or password. For security, never share OTP.",LEGITIMATE,NONE,LOW,Normal transactional/personal communication; no malicious request,NONE,ENGLISH,Banking,0.97,public_dataset_derived,0,0,1,1,0,1,LOW
IND-01288,"Bahut zaroori hai: You have won ₹25,00,000 in the lucky draw. Pay ₹2,999 tax charges to release your prize.",SCAM,LOTTERY_SCAM,HIGH,Prize claim requires fee/payment,PAY_FEE,HINDI_ROMAN,Lottery,0.91,public_dataset_derived,0,0,0,0,1,0,HIGH
IND-00971,"Bhai, Your UPI account will be suspended today. Send your UPI PIN to the verification agent to reactivate it.",SCAM,UPI_FRAUD,HIGH,Requests UPI PIN/payment; urgency,PAY_OR_SHARE_UPI,HINGLISH,UPI,0.93,public_dataset_derived,0,0,0,1,0,0,CRITICAL
IND-00819,Kripya dhyan dein: Emergency donation appeal: transfer ₹500 now to help a hospital patient. Please forward to 10 groups.,SCAM,CHARITY_SCAM,MEDIUM,Urgent donation request with unverifiable details,DONATE,HINDI_ROMAN,Charity,0.89,synthetic_augmented,0,0,0,0,1,0,CRITICAL
IND-00723,"Sir, Your bank account has been flagged. Call +91 9876543210 and provide the OTP to cancel the transaction.",SCAM,BANK_IMPERSONATION,HIGH,Claims to be bank/security team; asks for sensitive information,VERIFY_BANK,HINGLISH,Banking,0.99,synthetic_augmented,0,1,1,0,0,1,CRITICAL
IND-01837,"For Aadhaar services, use the official UIDAI website or authorised centre. Never share OTP with anyone.",LEGITIMATE,NONE,LOW,Normal transactional/personal communication; no malicious request,NONE,ENGLISH,Aadhaar,0.93,public_dataset_derived,0,0,1,0,0,1,LOW
IND-01967,Your interview is scheduled for Monday at 11 AM. Please use the employer's official recruitment portal for details.,LEGITIMATE,NONE,LOW,Normal transactional/personal communication; no malicious request,NONE,ENGLISH,Employment,0.9,public_dataset_derived,0,0,0,0,0,0,LOW
IND-04129,Sabko forward karein: All domestic flights are free for senior citizens this weekend. No booking is required.,FALSE_MISINFORMATION,NONE,MEDIUM,Unverified or misleading claim; forwarding pressure or implausible assertion,VERIFY_SOURCE,HINDI_ROMAN,MISINFORMATION,0.86,synthetic_augmented,0,0,0,0,0,0,MEDIUM
IND-04131,"Bhai sabko bhejo: No income tax return is required for anyone earning below a certain salary, regardless of other income.",FALSE_MISINFORMATION,NONE,MEDIUM,Unverified or misleading claim; forwarding pressure or implausible assertion,VERIFY_SOURCE,HINGLISH,MISINFORMATION,0.79,synthetic_augmented,0,0,0,0,0,1,HIGH
IND-00394,Bahut zaroori hai: Your account needs urgent verification. Login at http://account-check.example before midnight.,SCAM,PHISHING,HIGH,Suspicious link requesting credentials/payment,CLICK_LINK,HINDI_ROMAN,Phishing,0.89,synthetic_augmented,1,0,0,0,0,0,HIGH
IND-00474,"Bhai, Emergency donation appeal: transfer ₹500 now to help a hospital patient. Please forward to 10 groups.",SCAM,CHARITY_SCAM,MEDIUM,Urgent donation request with unverifiable details,DONATE,HINGLISH,Charity,0.9,synthetic_augmented,0,0,0,0,1,0,HIGH
IND-01190,"Madam, Your UPI account will be suspended today. Send your UPI PIN to the verification agent to reactivate it.",SCAM,UPI_FRAUD,HIGH,Requests UPI PIN/payment; urgency,PAY_OR_SHARE_UPI,HINGLISH,UPI,0.96,public_dataset_derived,0,0,0,1,0,0,HIGH
IND-00387,Urgent hai: FASTag verification pending. Send vehicle RC and OTP to activate your account.,SCAM,FASTAG_SCAM,HIGH,KYC/recharge/blacklist threat plus payment/link,PAY_OR_UPDATE,HINGLISH,Transport,0.93,synthetic_augmented,0,0,1,0,0,0,HIGH
IND-01027,"Madam, Scholarship registration closes today. Pay ₹199 processing charges immediately.",SCAM,SCHOLARSHIP_SCAM,HIGH,Scholarship claim requires fee/bank details,PAY_FEE,HINGLISH,Education,0.94,public_dataset_derived,0,0,0,0,1,0,HIGH
IND-01271,Your Aadhaar is linked to a criminal investigation. Do not disconnect. Pay the security deposit immediately.,SCAM,DIGITAL_ARREST,CRITICAL,Authority impersonation; intimidation; payment demand,PAY_OR_TRANSFER,ENGLISH,Law enforcement,0.89,synthetic_augmented,0,0,0,0,1,1,HIGH
IND-00217,Kripya dhyan dein: Police notice: your SIM is involved in fraud. Do not tell anyone. Pay the settlement amount immediately.,SCAM,POLICE_IMPERSONATION,CRITICAL,Threat of arrest/case; demands money,PAY_OR_TRANSFER,HINDI_ROMAN,Law enforcement,0.96,public_dataset_derived,0,0,0,0,1,1,HIGH
IND-00947,Kripya dhyan dein: Your account needs phone verification. Please reply with the OTP to complete the security check.,SCAM,OTP_THEFT,HIGH,Requests one-time password; suspicious verification,SHARE_OTP,HINDI_ROMAN,Banking,0.89,synthetic_augmented,0,0,1,0,0,0,HIGH
IND-03342,"Bhai, A message says my social media account will close and gives an unfamiliar login link. I haven't clicked it.",SUSPICIOUS,ACCOUNT_TAKEOVER,MEDIUM,"Potential fraud indicators present, but authenticity is not established",VERIFY_BEFORE_ACTION,HINGLISH,UNVERIFIED_COMMUNICATION,0.84,synthetic_augmented,0,0,0,0,0,0,HIGH
IND-02077,Your parcel has been shipped and is expected to arrive tomorrow. Track it using the courier company's official application. Check the official portal for details.,LEGITIMATE,NONE,LOW,Normal transactional/personal communication; no malicious request,NONE,ENGLISH,Courier,0.91,public_dataset_derived,0,0,0,0,0,0,LOW
IND-02854,Your UPI refund of ₹499 has been processed. Check your bank statement or official app for confirmation.,LEGITIMATE,NONE,LOW,Normal transactional/personal communication; no malicious request,NONE,ENGLISH,UPI,0.95,public_dataset_derived,0,0,0,0,1,1,LOW
IND-04560,Bhai sabko bhejo: All domestic flights are free for senior citizens this weekend. No booking is required.,FALSE_MISINFORMATION,NONE,MEDIUM,Unverified or misleading claim; forwarding pressure or implausible assertion,VERIFY_SOURCE,HINGLISH,MISINFORMATION,0.95,synthetic_augmented,0,0,0,0,0,0,HIGH
IND-01265,"Urgent hai: Government scholarship of ₹25,000 approved. Pay ₹299 verification fee to receive it.",SCAM,SCHOLARSHIP_SCAM,HIGH,Scholarship claim requires fee/bank details,PAY_FEE,HINGLISH,Education,0.96,public_dataset_derived,0,0,0,0,1,1,HIGH
IND-01044,Bahut zaroori hai: Please transfer ₹499 to this personal UPI ID to unlock your cashback immediately.,SCAM,UPI_FRAUD,HIGH,Requests UPI PIN/payment; urgency,PAY_OR_SHARE_UPI,HINDI_ROMAN,UPI,0.98,public_dataset_derived,0,0,0,0,1,0,HIGH
IND-00868,"Madam, Your ₹5 lakh loan is approved. Send ₹999 insurance charges to release the amount today.",SCAM,LOAN_SCAM,HIGH,Loan promise with advance processing fee,PAY_FEE,HINGLISH,Loans,0.92,public_dataset_derived,0,0,0,0,1,0,HIGH
IND-00866,"Bahut zaroori hai: Police video verification required. Stay on the call and transfer ₹25,000 to prove your account is clean.",SCAM,DIGITAL_ARREST,CRITICAL,Authority impersonation; intimidation; payment demand,PAY_OR_TRANSFER,HINDI_ROMAN,Law enforcement,0.99,synthetic_augmented,0,0,0,0,1,1,CRITICAL
IND-03347,Mujhe ek message mila hai: A message says my social media account will close and gives an unfamiliar login link. I haven't clicked it.,SUSPICIOUS,ACCOUNT_TAKEOVER,MEDIUM,"Potential fraud indicators present, but authenticity is not established",VERIFY_BEFORE_ACTION,HINDI_ROMAN,UNVERIFIED_COMMUNICATION,0.83,synthetic_augmented,0,0,0,0,0,0,HIGH
IND-00081,"Please dhyan do, Your tax refund cannot be processed. Share your bank account and OTP immediately for verification.",SCAM,TAX_REFUND_SCAM,HIGH,Fake refund plus PAN/bank/OTP request,SHARE_DETAILS,HINGLISH,Tax,0.92,public_dataset_derived,0,0,1,0,0,1,CRITICAL
IND-00480,Bahut zaroori hai: Income Tax Department: click http://refund.example to claim your pending refund today.,SCAM,TAX_REFUND_SCAM,HIGH,Fake refund plus PAN/bank/OTP request,SHARE_DETAILS,HINDI_ROMAN,Tax,0.93,synthetic_augmented,1,0,0,0,0,1,CRITICAL
IND-00720,"Bhai, Police notice: your SIM is involved in fraud. Do not tell anyone. Pay the settlement amount immediately.",SCAM,POLICE_IMPERSONATION,CRITICAL,Threat of arrest/case; demands money,PAY_OR_TRANSFER,HINGLISH,Law enforcement,0.91,synthetic_augmented,0,0,0,0,1,1,HIGH
IND-00818,"Sir, Delhi Police Cyber Cell calling. Your number is linked to an illegal case. Pay ₹15,000 now to avoid arrest.",SCAM,POLICE_IMPERSONATION,CRITICAL,Threat of arrest/case; demands money,PAY_OR_TRANSFER,HINGLISH,Law enforcement,0.97,synthetic_augmented,0,0,0,0,1,1,HIGH
IND-00173,Bahut zaroori hai: Your FASTag will be blocked tonight. Recharge ₹500 immediately through this link.,SCAM,FASTAG_SCAM,HIGH,KYC/recharge/blacklist threat plus payment/link,PAY_OR_UPDATE,HINDI_ROMAN,Transport,0.95,public_dataset_derived,0,0,0,0,1,0,CRITICAL
IND-00070,Bahut zaroori hai: Your UPI account will be suspended today. Send your UPI PIN to the verification agent to reactivate it.,SCAM,UPI_FRAUD,HIGH,Requests UPI PIN/payment; urgency,PAY_OR_SHARE_UPI,HINDI_ROMAN,UPI,0.94,synthetic_augmented,0,0,0,1,0,0,HIGH
IND-03922,A forwarded donation request asks for money but gives no verifiable organisation details.,SUSPICIOUS,CHARITY_SCAM,MEDIUM,"Potential fraud indicators present, but authenticity is not established",VERIFY_BEFORE_ACTION,ENGLISH,UNVERIFIED_COMMUNICATION,0.71,synthetic_augmented,0,0,0,0,0,0,MEDIUM
IND-02266,Aapke account se ₹900 debit hua hai. Agar aapne transaction nahi kiya to official bank app mein check karein. Please verify through the official app.,LEGITIMATE,NONE,LOW,Normal transactional/personal communication; no malicious request,NONE,HINGLISH,Banking,0.92,public_dataset_derived,0,0,0,0,1,1,LOW
IND-01343,"Bhai, Instant personal loan approved without CIBIL check. Pay ₹1,499 processing fee before disbursement.",SCAM,LOAN_SCAM,HIGH,Loan promise with advance processing fee,PAY_FEE,HINGLISH,Loans,0.97,synthetic_augmented,0,0,0,0,1,0,HIGH
IND-00643,Turant check karein: Police notice: your SIM is involved in fraud. Do not tell anyone. Pay the settlement amount immediately.,SCAM,POLICE_IMPERSONATION,CRITICAL,Threat of arrest/case; demands money,PAY_OR_TRANSFER,HINDI_ROMAN,Law enforcement,0.98,synthetic_augmented,0,0,0,0,1,1,HIGH
IND-00797,Your ₹5 lakh loan is approved. Send ₹999 insurance charges to release the amount today.,SCAM,LOAN_SCAM,HIGH,Loan promise with advance processing fee,PAY_FEE,ENGLISH,Loans,0.96,synthetic_augmented,0,0,0,0,1,0,HIGH
IND-00631,"Kripya dhyan dein: Guaranteed 3X return in 7 days. Transfer ₹10,000 to our UPI account and our expert will trade for you.",SCAM,INVESTMENT_SCAM,HIGH,Guaranteed/high returns; asks for transfer,TRANSFER_MONEY,HINDI_ROMAN,Investment,0.91,synthetic_augmented,0,0,0,0,1,0,HIGH
IND-00389,"Government scholarship of ₹25,000 approved. Pay ₹299 verification fee to receive it.",SCAM,SCHOLARSHIP_SCAM,HIGH,Scholarship claim requires fee/bank details,PAY_FEE,ENGLISH,Education,0.89,synthetic_augmented,0,0,0,0,1,1,HIGH
IND-04892,Bahut important khabar: Drinking hot water with turmeric completely prevents viral infections. Share with everyone.,FALSE_MISINFORMATION,NONE,MEDIUM,Unverified or misleading claim; forwarding pressure or implausible assertion,VERIFY_SOURCE,HINDI_ROMAN,MISINFORMATION,0.81,synthetic_augmented,0,0,0,0,0,0,HIGH
IND-04810,"Sabko forward karein: No income tax return is required for anyone earning below a certain salary, regardless of other income.",FALSE_MISINFORMATION,NONE,MEDIUM,Unverified or misleading claim; forwarding pressure or implausible assertion,VERIFY_SOURCE,HINDI_ROMAN,MISINFORMATION,0.86,synthetic_augmented,0,0,0,0,0,1,HIGH
IND-00293,"Please dhyan do, This is the bank security department. Your account has suspicious activity. Confirm OTP and card details now.",SCAM,BANK_IMPERSONATION,HIGH,Claims to be bank/security team; asks for sensitive information,VERIFY_BANK,HINGLISH,Banking,0.95,public_dataset_derived,0,0,1,0,0,1,HIGH
IND-01286,Urgent hai: Your ₹5 lakh loan is approved. Send ₹999 insurance charges to release the amount today.,SCAM,LOAN_SCAM,HIGH,Loan promise with advance processing fee,PAY_FEE,HINGLISH,Loans,0.89,synthetic_augmented,0,0,0,0,1,0,HIGH
IND-02122,"Reminder: check your income-tax filing status through the official government tax portal. For security, never share OTP.",LEGITIMATE,NONE,LOW,Normal transactional/personal communication; no malicious request,NONE,ENGLISH,Tax,0.93,public_dataset_derived,0,0,1,0,0,1,LOW
IND-01166,"Bhai, Railway recruitment selected you for the next round. Pay ₹499 document verification fee today.",SCAM,RECRUITMENT_SCAM,HIGH,Fake recruitment with registration fee,PAY_FEE,HINGLISH,Employment,0.89,synthetic_augmented,0,0,0,0,1,0,CRITICAL
IND-00927,"Bhai, Student scholarship selected. Send Aadhaar and bank details on WhatsApp to release ₹10,000.",SCAM,SCHOLARSHIP_SCAM,HIGH,Scholarship claim requires fee/bank details,PAY_FEE,HINGLISH,Education,0.99,synthetic_augmented,0,0,0,0,1,1,HIGH
IND-00109,Turant check karein: Your email account will close in 24 hours. Login through this link to keep it active.,SCAM,ACCOUNT_TAKEOVER,HIGH,Threatens account closure and requests login/OTP,LOGIN_OR_SHARE_OTP,HINDI_ROMAN,Account security,0.9,public_dataset_derived,0,0,0,0,0,0,CRITICAL
IND-02355,Your parcel has been shipped and is expected to arrive tomorrow. Track it using the courier company's official application.,LEGITIMATE,NONE,LOW,Normal transactional/personal communication; no malicious request,NONE,ENGLISH,Courier,0.91,public_dataset_derived,0,0,0,0,0,0,LOW
IND-00151,"Madam, URGENT: KYC expires in 2 hours. Send OTP and Aadhaar details on WhatsApp to keep your account active.",SCAM,KYC_FRAUD,HIGH,OTP request; KYC/account threat; urgency,SHARE_OTP,HINGLISH,KYC / Banking,0.93,public_dataset_derived,0,0,1,0,0,1,CRITICAL
IND-00750,Please transfer ₹499 to this personal UPI ID to unlock your cashback immediately.,SCAM,UPI_FRAUD,HIGH,Requests UPI PIN/payment; urgency,PAY_OR_SHARE_UPI,ENGLISH,UPI,0.95,synthetic_augmented,0,0,0,0,1,0,HIGH
IND-04283,Bahut important khabar: All college exams are permanently cancelled this semester. Forward to every student.,FALSE_MISINFORMATION,NONE,MEDIUM,Unverified or misleading claim; forwarding pressure or implausible assertion,VERIFY_SOURCE,HINDI_ROMAN,MISINFORMATION,0.89,synthetic_augmented,0,0,0,0,0,0,MEDIUM
IND-01266,Loan verification requires an advance payment of ₹799 and PAN/Aadhaar on WhatsApp.,SCAM,LOAN_SCAM,HIGH,Loan promise with advance processing fee,PAY_FEE,ENGLISH,Loans,0.94,public_dataset_derived,0,0,0,0,1,1,CRITICAL
IND-02776,Reminder: check your income-tax filing status through the official government tax portal. Please verify through the official app.,LEGITIMATE,NONE,LOW,Normal transactional/personal communication; no malicious request,NONE,ENGLISH,Tax,0.95,public_dataset_derived,0,0,0,0,0,1,LOW
IND-04196,Bahut important khabar: All domestic flights are free for senior citizens this weekend. No booking is required.,FALSE_MISINFORMATION,NONE,MEDIUM,Unverified or misleading claim; forwarding pressure or implausible assertion,VERIFY_SOURCE,HINDI_ROMAN,MISINFORMATION,0.94,synthetic_augmented,0,0,0,0,0,0,MEDIUM
IND-00031,"Sir, Your meter has been flagged. Pay the pending amount now or your connection will be terminated today.",SCAM,ELECTRICITY_SCAM,HIGH,Disconnection threat plus payment/link,PAY_BILL,HINGLISH,Utilities,0.95,public_dataset_derived,0,0,0,0,1,0,HIGH
IND-04347,Guys please forward: IRCTC is giving free train tickets to anyone who registers through this forwarded WhatsApp form.,FALSE_MISINFORMATION,NONE,MEDIUM,Unverified or misleading claim; forwarding pressure or implausible assertion,VERIFY_SOURCE,HINGLISH,MISINFORMATION,0.85,synthetic_augmented,0,0,0,0,0,1,MEDIUM
IND-00042,"You have been shortlisted for a government job. Pay ₹1,000 registration fee to receive your appointment letter.",SCAM,RECRUITMENT_SCAM,HIGH,Fake recruitment with registration fee,PAY_FEE,ENGLISH,Employment,0.94,synthetic_augmented,0,0,0,0,1,1,CRITICAL
IND-00607,Turant check karein: HR department: your job is approved. Pay the refundable training fee today to receive your offer letter.,SCAM,JOB_SCAM,HIGH,Job offer requires upfront payment or sensitive documents,PAY_FEE,HINDI_ROMAN,Employment,0.97,synthetic_augmented,0,0,0,0,1,1,CRITICAL
IND-02411,Guys kal project review 4 baje lab mein hai. Please bring your laptop. Please verify through the official app.,LEGITIMATE,NONE,LOW,Normal transactional/personal communication; no malicious request,NONE,HINGLISH,College,0.95,public_dataset_derived,0,0,0,0,0,0,LOW
IND-01773,"Your train ticket booking is confirmed. PNR 4512789630. Check journey details through the official railway service. For security, never share OTP.",LEGITIMATE,NONE,LOW,Normal transactional/personal communication; no malicious request,NONE,ENGLISH,Railway,0.93,public_dataset_derived,0,0,1,0,0,1,LOW
IND-01161,"Sir, Income Tax refund of ₹18,500 is pending. Confirm PAN, bank details and OTP at http://tax-refund.example.",SCAM,TAX_REFUND_SCAM,HIGH,Fake refund plus PAN/bank/OTP request,SHARE_DETAILS,HINGLISH,Tax,0.9,synthetic_augmented,1,0,1,0,1,1,HIGH
IND-00635,Bahut zaroori hai: Your parcel is held at customs. Pay ₹499 clearance charges immediately at http://parcel-fee.example.,SCAM,COURIER_FRAUD,HIGH,Unexpected parcel/customs fee; payment request or link,PAY_FEE,HINDI_ROMAN,Courier,0.93,public_dataset_derived,1,0,0,0,1,1,CRITICAL
IND-02767,"Mummy, train mein baith gaya hoon. Safely pahunch jaunga.",LEGITIMATE,NONE,LOW,Normal transactional/personal communication; no malicious request,NONE,HINGLISH,Family,0.92,public_dataset_derived,0,0,0,0,0,1,LOW
IND-00502,"Sir, Loan verification requires an advance payment of ₹799 and PAN/Aadhaar on WhatsApp.",SCAM,LOAN_SCAM,HIGH,Loan promise with advance processing fee,PAY_FEE,HINGLISH,Loans,0.89,synthetic_augmented,0,0,0,0,1,1,CRITICAL
IND-04959,Guys please forward: All domestic flights are free for senior citizens this weekend. No booking is required.,FALSE_MISINFORMATION,NONE,MEDIUM,Unverified or misleading claim; forwarding pressure or implausible assertion,VERIFY_SOURCE,HINGLISH,MISINFORMATION,0.85,synthetic_augmented,0,0,0,0,0,0,HIGH
IND-00942,"Urgent help needed for a child. Please send ₹1,000 to this personal UPI ID immediately. No time for verification.",SCAM,CHARITY_SCAM,MEDIUM,Urgent donation request with unverifiable details,DONATE,ENGLISH,Charity,0.9,public_dataset_derived,0,0,0,0,1,0,HIGH
IND-00591,"Sir, Bank security: an unusual transaction was detected. Share the OTP you receive to cancel it immediately.",SCAM,OTP_THEFT,HIGH,Requests one-time password; suspicious verification,SHARE_OTP,HINGLISH,Banking,0.94,public_dataset_derived,0,0,1,0,0,1,CRITICAL
IND-00898,SBI security team here. Your debit card will be blocked unless you verify your details through this link.,SCAM,BANK_IMPERSONATION,HIGH,Claims to be bank/security team; asks for sensitive information,VERIFY_BANK,ENGLISH,Banking,0.92,synthetic_augmented,0,0,0,0,0,1,HIGH
IND-00294,Bahut zaroori hai: Electricity department: last warning. Pay ₹999 immediately to avoid disconnection.,SCAM,ELECTRICITY_SCAM,HIGH,Disconnection threat plus payment/link,PAY_BILL,HINDI_ROMAN,Utilities,0.95,public_dataset_derived,0,0,0,0,1,0,CRITICAL
IND-03066,"Guys, Someone says my KYC will expire today and wants my documents on WhatsApp. I have not verified the sender.",SUSPICIOUS,KYC_FRAUD,MEDIUM,"Potential fraud indicators present, but authenticity is not established",VERIFY_BEFORE_ACTION,HINGLISH,UNVERIFIED_COMMUNICATION,0.76,synthetic_augmented,0,0,0,0,0,1,MEDIUM
IND-00396,"Please dhyan do, Emergency donation appeal: transfer ₹500 now to help a hospital patient. Please forward to 10 groups.",SCAM,CHARITY_SCAM,MEDIUM,Urgent donation request with unverifiable details,DONATE,HINGLISH,Charity,0.91,public_dataset_derived,0,0,0,0,1,0,HIGH
IND-00686,"Turant check karein: Refund pending. To receive ₹1,499, enter your UPI PIN on the link http://refund-check.example.",SCAM,UPI_FRAUD,HIGH,Requests UPI PIN/payment; urgency,PAY_OR_SHARE_UPI,HINDI_ROMAN,UPI,0.96,public_dataset_derived,1,0,0,1,1,0,HIGH
IND-00842,"Bhai, Income Tax Department: click http://refund.example to claim your pending refund today.",SCAM,TAX_REFUND_SCAM,HIGH,Fake refund plus PAN/bank/OTP request,SHARE_DETAILS,HINGLISH,Tax,0.92,synthetic_augmented,1,0,0,0,0,1,HIGH
IND-01347,Urgent hai: SBI security team here. Your debit card will be blocked unless you verify your details through this link.,SCAM,BANK_IMPERSONATION,HIGH,Claims to be bank/security team; asks for sensitive information,VERIFY_BANK,HINGLISH,Banking,0.9,public_dataset_derived,0,0,0,0,0,1,CRITICAL
IND-01373,"Sir, HR department: your job is approved. Pay the refundable training fee today to receive your offer letter.",SCAM,JOB_SCAM,HIGH,Job offer requires upfront payment or sensitive documents,PAY_FEE,HINGLISH,Employment,0.88,synthetic_augmented,0,0,0,0,1,1,CRITICAL
IND-01663,"Mummy, train mein baith gaya hoon. Safely pahunch jaunga. For security, never share OTP.",LEGITIMATE,NONE,LOW,Normal transactional/personal communication; no malicious request,NONE,HINGLISH,Family,0.91,public_dataset_derived,0,0,1,0,0,1,LOW
IND-01229,Kripya dhyan dein: Your tax refund cannot be processed. Share your bank account and OTP immediately for verification.,SCAM,TAX_REFUND_SCAM,HIGH,Fake refund plus PAN/bank/OTP request,SHARE_DETAILS,HINDI_ROMAN,Tax,0.89,public_dataset_derived,0,0,1,0,0,1,CRITICAL
IND-02133,Aapka OTP 456789 hai. Kisi ke saath share mat karna. Please verify through the official app.,LEGITIMATE,NONE,LOW,Normal transactional/personal communication; no malicious request,NONE,HINGLISH,Banking,0.96,public_dataset_derived,0,0,1,0,0,0,LOW
IND-03802,Mujhe ek message mila hai: A WhatsApp group promises guaranteed crypto returns and asks members to transfer money. Can this be verified?,SUSPICIOUS,INVESTMENT_SCAM,MEDIUM,"Potential fraud indicators present, but authenticity is not established",VERIFY_BEFORE_ACTION,HINDI_ROMAN,UNVERIFIED_COMMUNICATION,0.9,synthetic_augmented,0,0,0,0,1,0,HIGH
IND-04999,"Important hai: Government is giving ₹10,000 to every citizen who forwards this message to 10 groups.",FALSE_MISINFORMATION,NONE,MEDIUM,Unverified or misleading claim; forwarding pressure or implausible assertion,VERIFY_SOURCE,HINGLISH,MISINFORMATION,0.79,synthetic_augmented,0,0,0,0,1,1,MEDIUM
IND-00562,Urgent hai: Congratulations! You are selected for a work-from-home job. Pay ₹999 registration fee to confirm joining.,SCAM,JOB_SCAM,HIGH,Job offer requires upfront payment or sensitive documents,PAY_FEE,HINGLISH,Employment,0.89,synthetic_augmented,0,0,0,0,1,0,HIGH
IND-04293,"Important hai: No income tax return is required for anyone earning below a certain salary, regardless of other income.",FALSE_MISINFORMATION,NONE,MEDIUM,Unverified or misleading claim; forwarding pressure or implausible assertion,VERIFY_SOURCE,HINGLISH,MISINFORMATION,0.86,synthetic_augmented,0,0,0,0,0,1,MEDIUM
IND-03895,Kripya check karein: A caller claiming to be from my bank asked for an OTP to cancel a transaction. I did not share it.,SUSPICIOUS,BANK_IMPERSONATION,MEDIUM,"Potential fraud indicators present, but authenticity is not established",VERIFY_BEFORE_ACTION,HINDI_ROMAN,UNVERIFIED_COMMUNICATION,0.89,synthetic_augmented,0,0,1,0,0,1,HIGH
IND-00020,Bahut zaroori hai: This is the bank security department. Your account has suspicious activity. Confirm OTP and card details now.,SCAM,BANK_IMPERSONATION,HIGH,Claims to be bank/security team; asks for sensitive information,VERIFY_BANK,HINDI_ROMAN,Banking,0.93,public_dataset_derived,0,0,1,0,0,1,HIGH
IND-02974,Reminder: check your income-tax filing status through the official government tax portal. Check the official portal for details.,LEGITIMATE,NONE,LOW,Normal transactional/personal communication; no malicious request,NONE,ENGLISH,Tax,0.95,public_dataset_derived,0,0,0,0,0,1,LOW
IND-04139,"No income tax return is required for anyone earning below a certain salary, regardless of other income.",FALSE_MISINFORMATION,NONE,MEDIUM,Unverified or misleading claim; forwarding pressure or implausible assertion,VERIFY_SOURCE,ENGLISH,MISINFORMATION,0.77,synthetic_augmented,0,0,0,0,0,1,HIGH
IND-01470,"Sir, Your electricity connection will be disconnected tonight due to unpaid bill. Pay ₹1,850 at http://power-pay.example.",SCAM,ELECTRICITY_SCAM,HIGH,Disconnection threat plus payment/link,PAY_BILL,HINGLISH,Utilities,0.89,public_dataset_derived,1,0,0,0,1,0,CRITICAL
IND-00494,"Your refund is ready. Enter card number, CVV and OTP at http://refund-portal.example.",SCAM,PHISHING,HIGH,Suspicious link requesting credentials/payment,CLICK_LINK,ENGLISH,Phishing,0.94,synthetic_augmented,1,0,1,0,0,0,HIGH
IND-00636,"Sir, Guaranteed 3X return in 7 days. Transfer ₹10,000 to our UPI account and our expert will trade for you.",SCAM,INVESTMENT_SCAM,HIGH,Guaranteed/high returns; asks for transfer,TRANSFER_MONEY,HINGLISH,Investment,0.9,synthetic_augmented,0,0,0,0,1,0,CRITICAL
IND-00023,Your account needs urgent verification. Login at http://account-check.example before midnight.,SCAM,PHISHING,HIGH,Suspicious link requesting credentials/payment,CLICK_LINK,ENGLISH,Phishing,0.95,synthetic_augmented,1,0,0,0,0,0,CRITICAL
IND-00925,Your account needs phone verification. Please reply with the OTP to complete the security check.,SCAM,OTP_THEFT,HIGH,Requests one-time password; suspicious verification,SHARE_OTP,ENGLISH,Banking,0.9,public_dataset_derived,0,0,1,0,0,0,HIGH
IND-04923,Sabko forward karein: ₹500 notes will stop being legal tender tonight. Exchange them immediately.,FALSE_MISINFORMATION,NONE,MEDIUM,Unverified or misleading claim; forwarding pressure or implausible assertion,VERIFY_SOURCE,HINDI_ROMAN,MISINFORMATION,0.94,synthetic_augmented,0,0,0,0,1,0,HIGH
IND-00641,"Kripya dhyan dein: Delhi Police Cyber Cell calling. Your number is linked to an illegal case. Pay ₹15,000 now to avoid arrest.",SCAM,POLICE_IMPERSONATION,CRITICAL,Threat of arrest/case; demands money,PAY_OR_TRANSFER,HINDI_ROMAN,Law enforcement,0.88,public_dataset_derived,0,0,0,0,1,1,HIGH
IND-04660,"Guys please forward: Government is giving ₹10,000 to every citizen who forwards this message to 10 groups.",FALSE_MISINFORMATION,NONE,MEDIUM,Unverified or misleading claim; forwarding pressure or implausible assertion,VERIFY_SOURCE,HINGLISH,MISINFORMATION,0.82,synthetic_augmented,0,0,0,0,1,1,HIGH
IND-04392,IRCTC is giving free train tickets to anyone who registers through this forwarded WhatsApp form.,FALSE_MISINFORMATION,NONE,MEDIUM,Unverified or misleading claim; forwarding pressure or implausible assertion,VERIFY_SOURCE,ENGLISH,MISINFORMATION,0.9,synthetic_augmented,0,0,0,0,0,1,MEDIUM
IND-00459,"Madam, Crypto investment group: deposit ₹2,500 now and receive guaranteed returns within 48 hours.",SCAM,INVESTMENT_SCAM,HIGH,Guaranteed/high returns; asks for transfer,TRANSFER_MONEY,HINGLISH,Investment,0.91,synthetic_augmented,0,0,0,0,1,0,HIGH
IND-00850,"Madam, You have been shortlisted for a government job. Pay ₹1,000 registration fee to receive your appointment letter.",SCAM,RECRUITMENT_SCAM,HIGH,Fake recruitment with registration fee,PAY_FEE,HINGLISH,Employment,0.89,synthetic_augmented,0,0,0,0,1,1,CRITICAL
IND-00637,"Madam, Bank security: an unusual transaction was detected. Share the OTP you receive to cancel it immediately.",SCAM,OTP_THEFT,HIGH,Requests one-time password; suspicious verification,SHARE_OTP,HINGLISH,Banking,0.96,public_dataset_derived,0,0,1,0,0,1,HIGH
IND-04063,Important hai: All domestic flights are free for senior citizens this weekend. No booking is required.,FALSE_MISINFORMATION,NONE,MEDIUM,Unverified or misleading claim; forwarding pressure or implausible assertion,VERIFY_SOURCE,HINGLISH,MISINFORMATION,0.81,synthetic_augmented,0,0,0,0,0,0,MEDIUM
IND-04817,Guys please forward: From tomorrow all UPI transactions will have a mandatory 50% government tax. Forward this urgently.,FALSE_MISINFORMATION,NONE,MEDIUM,Unverified or misleading claim; forwarding pressure or implausible assertion,VERIFY_SOURCE,HINGLISH,MISINFORMATION,0.93,synthetic_augmented,0,0,0,0,0,1,HIGH
IND-00024,Kripya dhyan dein: Income Tax Department: click http://refund.example to claim your pending refund today.,SCAM,TAX_REFUND_SCAM,HIGH,Fake refund plus PAN/bank/OTP request,SHARE_DETAILS,HINDI_ROMAN,Tax,0.93,public_dataset_derived,1,0,0,0,0,1,HIGH
IND-00229,"Madam, Your meter has been flagged. Pay the pending amount now or your connection will be terminated today.",SCAM,ELECTRICITY_SCAM,HIGH,Disconnection threat plus payment/link,PAY_BILL,HINGLISH,Utilities,0.88,public_dataset_derived,0,0,0,0,1,0,CRITICAL
IND-01220,"Sir, FASTag verification pending. Send vehicle RC and OTP to activate your account.",SCAM,FASTAG_SCAM,HIGH,KYC/recharge/blacklist threat plus payment/link,PAY_OR_UPDATE,HINGLISH,Transport,0.94,public_dataset_derived,0,0,1,0,0,0,CRITICAL
IND-00185,"Sir, Instant personal loan approved without CIBIL check. Pay ₹1,499 processing fee before disbursement.",SCAM,LOAN_SCAM,HIGH,Loan promise with advance processing fee,PAY_FEE,HINGLISH,Loans,0.98,public_dataset_derived,0,0,0,0,1,0,CRITICAL
IND-01252,"Sir, Your parcel is held at customs. Pay ₹499 clearance charges immediately at http://parcel-fee.example.",SCAM,COURIER_FRAUD,HIGH,Unexpected parcel/customs fee; payment request or link,PAY_FEE,HINGLISH,Courier,0.97,synthetic_augmented,1,0,0,0,1,1,HIGH
IND-01159,"Sir, Flood relief collection: donate immediately through this unfamiliar payment link.",SCAM,CHARITY_SCAM,MEDIUM,Urgent donation request with unverifiable details,DONATE,HINGLISH,Charity,0.96,synthetic_augmented,0,0,0,0,1,0,HIGH
IND-00386,"Madam, Supreme Court cyber team here. You are under digital arrest due to money laundering. Transfer ₹50,000 for verification.",SCAM,DIGITAL_ARREST,CRITICAL,Authority impersonation; intimidation; payment demand,PAY_OR_TRANSFER,HINGLISH,Law enforcement,0.93,public_dataset_derived,0,0,0,0,1,1,HIGH
IND-00768,"Please dhyan do, Congratulations! You are selected for a work-from-home job. Pay ₹999 registration fee to confirm joining.",SCAM,JOB_SCAM,HIGH,Job offer requires upfront payment or sensitive documents,PAY_FEE,HINGLISH,Employment,0.9,synthetic_augmented,0,0,0,0,1,0,HIGH
IND-01426,"Bahut zaroori hai: CBI officer here. A money laundering case is registered against your Aadhaar. Transfer ₹20,000 for verification.",SCAM,POLICE_IMPERSONATION,CRITICAL,Threat of arrest/case; demands money,PAY_OR_TRANSFER,HINDI_ROMAN,Law enforcement,0.97,synthetic_augmented,0,0,0,0,1,1,CRITICAL
IND-00993,Kripya dhyan dein: Your parcel is held at customs. Pay ₹499 clearance charges immediately at http://parcel-fee.example.,SCAM,COURIER_FRAUD,HIGH,Unexpected parcel/customs fee; payment request or link,PAY_FEE,HINDI_ROMAN,Courier,0.98,public_dataset_derived,1,0,0,0,1,1,HIGH
IND-01349,Bahut zaroori hai: Your ₹5 lakh loan is approved. Send ₹999 insurance charges to release the amount today.,SCAM,LOAN_SCAM,HIGH,Loan promise with advance processing fee,PAY_FEE,HINDI_ROMAN,Loans,0.91,public_dataset_derived,0,0,0,0,1,0,HIGH
IND-00006,Urgent hai: Work from home recruitment: pay ₹299 onboarding charges and start earning immediately.,SCAM,RECRUITMENT_SCAM,HIGH,Fake recruitment with registration fee,PAY_FEE,HINGLISH,Employment,0.9,synthetic_augmented,0,0,0,0,1,0,CRITICAL
IND-03160,Mujhe ye message aaya: Someone says my KYC will expire today and wants my documents on WhatsApp. I have not verified the sender.,SUSPICIOUS,KYC_FRAUD,MEDIUM,"Potential fraud indicators present, but authenticity is not established",VERIFY_BEFORE_ACTION,HINGLISH,UNVERIFIED_COMMUNICATION,0.88,synthetic_augmented,0,0,0,0,0,1,HIGH
IND-01417,"Madam, Your electricity connection will be disconnected tonight due to unpaid bill. Pay ₹1,850 at http://power-pay.example.",SCAM,ELECTRICITY_SCAM,HIGH,Disconnection threat plus payment/link,PAY_BILL,HINGLISH,Utilities,0.95,public_dataset_derived,1,0,0,0,1,0,CRITICAL
IND-00132,"Bhai, HR department: your job is approved. Pay the refundable training fee today to receive your offer letter.",SCAM,JOB_SCAM,HIGH,Job offer requires upfront payment or sensitive documents,PAY_FEE,HINGLISH,Employment,0.96,public_dataset_derived,0,0,0,0,1,1,HIGH
IND-00772,Turant check karein: Your bank KYC is incomplete. Account will be blocked today. Share OTP to complete verification.,SCAM,KYC_FRAUD,HIGH,OTP request; KYC/account threat; urgency,SHARE_OTP,HINDI_ROMAN,KYC / Banking,0.9,synthetic_augmented,0,0,1,0,0,1,CRITICAL
IND-00036,"Madam, Instagram security alert: unusual login detected. Verify your password and OTP using http://security-check.example.",SCAM,ACCOUNT_TAKEOVER,HIGH,Threatens account closure and requests login/OTP,LOGIN_OR_SHARE_OTP,HINGLISH,Account security,0.98,synthetic_augmented,1,0,1,0,0,0,HIGH
IND-00304,"Bhai, Your FASTag will be blocked tonight. Recharge ₹500 immediately through this link.",SCAM,FASTAG_SCAM,HIGH,KYC/recharge/blacklist threat plus payment/link,PAY_OR_UPDATE,HINGLISH,Transport,0.96,synthetic_augmented,0,0,0,0,1,0,HIGH
IND-01008,Turant check karein: Your bank account has been flagged. Call +91 9876543210 and provide the OTP to cancel the transaction.,SCAM,BANK_IMPERSONATION,HIGH,Claims to be bank/security team; asks for sensitive information,VERIFY_BANK,HINDI_ROMAN,Banking,0.95,synthetic_augmented,0,1,1,0,0,1,HIGH
IND-00605,Kripya dhyan dein: Bank security: an unusual transaction was detected. Share the OTP you receive to cancel it immediately.,SCAM,OTP_THEFT,HIGH,Requests one-time password; suspicious verification,SHARE_OTP,HINDI_ROMAN,Banking,0.98,synthetic_augmented,0,0,1,0,0,1,CRITICAL
IND-01448,Turant check karein: Work from home recruitment: pay ₹299 onboarding charges and start earning immediately.,SCAM,RECRUITMENT_SCAM,HIGH,Fake recruitment with registration fee,PAY_FEE,HINDI_ROMAN,Employment,0.98,public_dataset_derived,0,0,0,0,1,0,HIGH
IND-01385,Bahut zaroori hai: Your bank account has been flagged. Call +91 9876543210 and provide the OTP to cancel the transaction.,SCAM,BANK_IMPERSONATION,HIGH,Claims to be bank/security team; asks for sensitive information,VERIFY_BANK,HINDI_ROMAN,Banking,0.92,public_dataset_derived,0,1,1,0,0,1,HIGH
IND-00083,Bahut zaroori hai: FASTag KYC failed. Pay ₹499 and update vehicle details at http://fastag-update.example to avoid blacklisting.,SCAM,FASTAG_SCAM,HIGH,KYC/recharge/blacklist threat plus payment/link,PAY_OR_UPDATE,HINDI_ROMAN,Transport,0.93,synthetic_augmented,1,0,0,0,1,1,CRITICAL
IND-04191,Bhai sabko bhejo: Drinking hot water with turmeric completely prevents viral infections. Share with everyone.,FALSE_MISINFORMATION,NONE,MEDIUM,Unverified or misleading claim; forwarding pressure or implausible assertion,VERIFY_SOURCE,HINGLISH,MISINFORMATION,0.93,synthetic_augmented,0,0,0,0,0,0,HIGH
IND-00382,"Madam, Part-time job available: earn ₹5,000 daily. Send ₹499 security deposit and Aadhaar copy to start.",SCAM,JOB_SCAM,HIGH,Job offer requires upfront payment or sensitive documents,PAY_FEE,HINGLISH,Employment,0.89,synthetic_augmented,0,0,0,0,1,1,HIGH
IND-01479,"Bahut zaroori hai: Delhi Police Cyber Cell calling. Your number is linked to an illegal case. Pay ₹15,000 now to avoid arrest.",SCAM,POLICE_IMPERSONATION,CRITICAL,Threat of arrest/case; demands money,PAY_OR_TRANSFER,HINDI_ROMAN,Law enforcement,0.93,synthetic_augmented,0,0,0,0,1,1,CRITICAL
IND-00225,"Urgent hai: Refund pending. To receive ₹1,499, enter your UPI PIN on the link http://refund-check.example.",SCAM,UPI_FRAUD,HIGH,Requests UPI PIN/payment; urgency,PAY_OR_SHARE_UPI,HINGLISH,UPI,0.89,synthetic_augmented,1,0,0,1,1,0,CRITICAL
IND-01805,"Aapka OTP 456789 hai. Kisi ke saath share mat karna. For security, never share OTP.",LEGITIMATE,NONE,LOW,Normal transactional/personal communication; no malicious request,NONE,HINGLISH,Banking,0.94,public_dataset_derived,0,0,1,0,0,0,LOW
IND-00168,"Please dhyan do, Police notice: your SIM is involved in fraud. Do not tell anyone. Pay the settlement amount immediately.",SCAM,POLICE_IMPERSONATION,CRITICAL,Threat of arrest/case; demands money,PAY_OR_TRANSFER,HINGLISH,Law enforcement,0.9,synthetic_augmented,0,0,0,0,1,1,HIGH
IND-01126,Kripya dhyan dein: Click http://secure-login.example to prevent your WhatsApp account from being disabled.,SCAM,PHISHING,HIGH,Suspicious link requesting credentials/payment,CLICK_LINK,HINDI_ROMAN,Phishing,0.96,public_dataset_derived,1,0,0,0,0,0,CRITICAL
IND-01587,"Your OTP is 482913. Do not share this OTP with anyone. If you did not request it, contact your bank through the official app.",LEGITIMATE,NONE,LOW,Normal transactional/personal communication; no malicious request,NONE,ENGLISH,Banking,0.95,public_dataset_derived,0,0,1,0,0,1,LOW
IND-02325,Aapke account se ₹900 debit hua hai. Agar aapne transaction nahi kiya to official bank app mein check karein. Check the official portal for details.,LEGITIMATE,NONE,LOW,Normal transactional/personal communication; no malicious request,NONE,HINGLISH,Banking,0.93,public_dataset_derived,0,0,0,0,1,1,LOW
IND-03897,Mujhe ye message aaya: A forwarded donation request asks for money but gives no verifiable organisation details.,SUSPICIOUS,CHARITY_SCAM,MEDIUM,"Potential fraud indicators present, but authenticity is not established",VERIFY_BEFORE_ACTION,HINGLISH,UNVERIFIED_COMMUNICATION,0.71,synthetic_augmented,0,0,0,0,0,0,MEDIUM
IND-00501,"Please dhyan do, Income Tax Department: click http://refund.example to claim your pending refund today.",SCAM,TAX_REFUND_SCAM,HIGH,Fake refund plus PAN/bank/OTP request,SHARE_DETAILS,HINGLISH,Tax,0.88,public_dataset_derived,1,0,0,0,0,1,CRITICAL
IND-00699,"Madam, Police video verification required. Stay on the call and transfer ₹25,000 to prove your account is clean.",SCAM,DIGITAL_ARREST,CRITICAL,Authority impersonation; intimidation; payment demand,PAY_OR_TRANSFER,HINGLISH,Law enforcement,0.89,synthetic_augmented,0,0,0,0,1,1,HIGH
IND-03791,"Bhai, A forwarded donation request asks for money but gives no verifiable organisation details.",SUSPICIOUS,CHARITY_SCAM,MEDIUM,"Potential fraud indicators present, but authenticity is not established",VERIFY_BEFORE_ACTION,HINGLISH,UNVERIFIED_COMMUNICATION,0.81,synthetic_augmented,0,0,0,0,0,0,HIGH
IND-04360,Bhai sabko bhejo: From tomorrow all UPI transactions will have a mandatory 50% government tax. Forward this urgently.,FALSE_MISINFORMATION,NONE,MEDIUM,Unverified or misleading claim; forwarding pressure or implausible assertion,VERIFY_SOURCE,HINGLISH,MISINFORMATION,0.87,synthetic_augmented,0,0,0,0,0,1,MEDIUM
IND-02105,"Bhai tera parcel aa gaya hai, main reception pe rakh raha hoon. For security, never share OTP.",LEGITIMATE,NONE,LOW,Normal transactional/personal communication; no malicious request,NONE,HINGLISH,Delivery,0.92,public_dataset_derived,0,0,1,0,0,0,LOW
IND-00571,"Please dhyan do, Your email account will close in 24 hours. Login through this link to keep it active.",SCAM,ACCOUNT_TAKEOVER,HIGH,Threatens account closure and requests login/OTP,LOGIN_OR_SHARE_OTP,HINGLISH,Account security,0.96,synthetic_augmented,0,0,0,0,0,0,HIGH
IND-01611,UPI payment of ₹850 to XYZ Store was successful. Transaction reference TXN872319. Check the official portal for details.,LEGITIMATE,NONE,LOW,Normal transactional/personal communication; no malicious request,NONE,ENGLISH,UPI,0.93,public_dataset_derived,0,0,0,0,1,0,LOW
IND-01043,URGENT: KYC expires in 2 hours. Send OTP and Aadhaar details on WhatsApp to keep your account active.,SCAM,KYC_FRAUD,HIGH,OTP request; KYC/account threat; urgency,SHARE_OTP,ENGLISH,KYC / Banking,0.99,public_dataset_derived,0,0,1,0,0,1,CRITICAL
IND-00987,Turant check karein: Congratulations! Your mobile number won ₹10 lakh. Send ₹499 processing fee to claim the amount.,SCAM,LOTTERY_SCAM,HIGH,Prize claim requires fee/payment,PAY_FEE,HINDI_ROMAN,Lottery,0.9,public_dataset_derived,0,0,0,0,1,0,CRITICAL
IND-00568,Bahut zaroori hai: Your Aadhaar is linked to a criminal investigation. Do not disconnect. Pay the security deposit immediately.,SCAM,DIGITAL_ARREST,CRITICAL,Authority impersonation; intimidation; payment demand,PAY_OR_TRANSFER,HINDI_ROMAN,Law enforcement,0.98,synthetic_augmented,0,0,0,0,1,1,CRITICAL
IND-00539,"Please dhyan do, Your account needs urgent verification. Login at http://account-check.example before midnight.",SCAM,PHISHING,HIGH,Suspicious link requesting credentials/payment,CLICK_LINK,HINGLISH,Phishing,0.92,public_dataset_derived,1,0,0,0,0,0,HIGH
IND-00030,Kripya dhyan dein: FASTag verification pending. Send vehicle RC and OTP to activate your account.,SCAM,FASTAG_SCAM,HIGH,KYC/recharge/blacklist threat plus payment/link,PAY_OR_UPDATE,HINDI_ROMAN,Transport,0.95,public_dataset_derived,0,0,1,0,0,0,HIGH
IND-00652,"Bahut zaroori hai: Instant personal loan approved without CIBIL check. Pay ₹1,499 processing fee before disbursement.",SCAM,LOAN_SCAM,HIGH,Loan promise with advance processing fee,PAY_FEE,HINDI_ROMAN,Loans,0.9,synthetic_augmented,0,0,0,0,1,0,CRITICAL
IND-00165,Urgent hai: FASTag KYC failed. Pay ₹499 and update vehicle details at http://fastag-update.example to avoid blacklisting.,SCAM,FASTAG_SCAM,HIGH,KYC/recharge/blacklist threat plus payment/link,PAY_OR_UPDATE,HINGLISH,Transport,0.96,synthetic_augmented,1,0,0,0,1,1,CRITICAL
IND-03281,Mujhe ye message aaya: A parcel-fee message came from an unknown number and asks for ₹499 through a link. Is it genuine?,SUSPICIOUS,COURIER_FRAUD,MEDIUM,"Potential fraud indicators present, but authenticity is not established",VERIFY_BEFORE_ACTION,HINGLISH,UNVERIFIED_COMMUNICATION,0.72,synthetic_augmented,0,0,0,0,1,0,HIGH
IND-00390,Congratulations! Your mobile number won ₹10 lakh. Send ₹499 processing fee to claim the amount.,SCAM,LOTTERY_SCAM,HIGH,Prize claim requires fee/payment,PAY_FEE,ENGLISH,Lottery,0.9,synthetic_augmented,0,0,0,0,1,0,HIGH
IND-00813,Urgent hai: Electricity department: last warning. Pay ₹999 immediately to avoid disconnection.,SCAM,ELECTRICITY_SCAM,HIGH,Disconnection threat plus payment/link,PAY_BILL,HINGLISH,Utilities,0.9,synthetic_augmented,0,0,0,0,1,0,HIGH
IND-04955,Sabko forward karein: Drinking hot water with turmeric completely prevents viral infections. Share with everyone.,FALSE_MISINFORMATION,NONE,MEDIUM,Unverified or misleading claim; forwarding pressure or implausible assertion,VERIFY_SOURCE,HINDI_ROMAN,MISINFORMATION,0.83,synthetic_augmented,0,0,0,0,0,0,HIGH
IND-00670,Kripya dhyan dein: Your bank KYC is incomplete. Account will be blocked today. Share OTP to complete verification.,SCAM,KYC_FRAUD,HIGH,OTP request; KYC/account threat; urgency,SHARE_OTP,HINDI_ROMAN,KYC / Banking,0.99,synthetic_augmented,0,0,1,0,0,1,HIGH
IND-02574,"Maine ₹500 UPI se bhej diye hain, transaction ID bhi aa gayi hai.",LEGITIMATE,NONE,LOW,Normal transactional/personal communication; no malicious request,NONE,HINGLISH,UPI,0.98,public_dataset_derived,0,0,0,0,1,0,LOW
IND-00269,Income Tax Department: click http://refund.example to claim your pending refund today.,SCAM,TAX_REFUND_SCAM,HIGH,Fake refund plus PAN/bank/OTP request,SHARE_DETAILS,ENGLISH,Tax,0.89,synthetic_augmented,1,0,0,0,0,1,CRITICAL
IND-01254,"Urgent hai: Dear customer, your KYC has failed. Update it immediately through http://verify-kyc.example or your account will be suspended.",SCAM,KYC_FRAUD,HIGH,OTP request; KYC/account threat; urgency,SHARE_OTP,HINGLISH,KYC / Banking,0.91,synthetic_augmented,1,0,0,0,0,1,HIGH
IND-00894,"Kripya dhyan dein: You have been shortlisted for a government job. Pay ₹1,000 registration fee to receive your appointment letter.",SCAM,RECRUITMENT_SCAM,HIGH,Fake recruitment with registration fee,PAY_FEE,HINDI_ROMAN,Employment,0.9,synthetic_augmented,0,0,0,0,1,1,HIGH
IND-02425,Delivery attempt was unsuccessful. You can reschedule through the official courier website or app. Check the official portal for details.,LEGITIMATE,NONE,LOW,Normal transactional/personal communication; no malicious request,NONE,ENGLISH,Courier,0.93,public_dataset_derived,0,0,0,0,0,0,LOW
IND-03480,"Bhai, Someone claiming to be police contacted me on WhatsApp and demanded money. I am checking whether it is legitimate.",SUSPICIOUS,POLICE_IMPERSONATION,MEDIUM,"Potential fraud indicators present, but authenticity is not established",VERIFY_BEFORE_ACTION,HINGLISH,UNVERIFIED_COMMUNICATION,0.71,synthetic_augmented,0,0,0,0,0,1,MEDIUM
IND-01966,"Bhai tera parcel aa gaya hai, main reception pe rakh raha hoon. Please verify through the official app.",LEGITIMATE,NONE,LOW,Normal transactional/personal communication; no malicious request,NONE,HINGLISH,Delivery,0.95,public_dataset_derived,0,0,0,0,0,0,LOW
IND-00597,Bahut zaroori hai: Police notice: your SIM is involved in fraud. Do not tell anyone. Pay the settlement amount immediately.,SCAM,POLICE_IMPERSONATION,CRITICAL,Threat of arrest/case; demands money,PAY_OR_TRANSFER,HINDI_ROMAN,Law enforcement,0.94,public_dataset_derived,0,0,0,0,1,1,HIGH
IND-00877,Kripya dhyan dein: Your account needs urgent verification. Login at http://account-check.example before midnight.,SCAM,PHISHING,HIGH,Suspicious link requesting credentials/payment,CLICK_LINK,HINDI_ROMAN,Phishing,0.9,public_dataset_derived,1,0,0,0,0,0,CRITICAL
IND-00340,Urgent hai: Your meter has been flagged. Pay the pending amount now or your connection will be terminated today.,SCAM,ELECTRICITY_SCAM,HIGH,Disconnection threat plus payment/link,PAY_BILL,HINGLISH,Utilities,0.99,public_dataset_derived,0,0,0,0,1,0,HIGH
IND-00147,"Madam, Guaranteed 3X return in 7 days. Transfer ₹10,000 to our UPI account and our expert will trade for you.",SCAM,INVESTMENT_SCAM,HIGH,Guaranteed/high returns; asks for transfer,TRANSFER_MONEY,HINGLISH,Investment,0.93,public_dataset_derived,0,0,0,0,1,0,HIGH
IND-01110,"Sir, SBI security team here. Your debit card will be blocked unless you verify your details through this link.",SCAM,BANK_IMPERSONATION,HIGH,Claims to be bank/security team; asks for sensitive information,VERIFY_BANK,HINGLISH,Banking,0.96,synthetic_augmented,0,0,0,0,0,1,HIGH
IND-00665,"Bhai, Urgent help needed for a child. Please send ₹1,000 to this personal UPI ID immediately. No time for verification.",SCAM,CHARITY_SCAM,MEDIUM,Urgent donation request with unverifiable details,DONATE,HINGLISH,Charity,0.91,synthetic_augmented,0,0,0,0,1,0,HIGH
IND-00604,Turant check karein: Your verification OTP has been generated. Send the OTP here so we can stop the unauthorized transaction.,SCAM,OTP_THEFT,HIGH,Requests one-time password; suspicious verification,SHARE_OTP,HINDI_ROMAN,Banking,0.91,public_dataset_derived,0,0,1,0,0,0,HIGH
IND-00224,"Bhai, This is the bank security department. Your account has suspicious activity. Confirm OTP and card details now.",SCAM,BANK_IMPERSONATION,HIGH,Claims to be bank/security team; asks for sensitive information,VERIFY_BANK,HINGLISH,Banking,0.99,synthetic_augmented,0,0,1,0,0,1,HIGH
IND-00566,Kripya dhyan dein: Electricity department: last warning. Pay ₹999 immediately to avoid disconnection.,SCAM,ELECTRICITY_SCAM,HIGH,Disconnection threat plus payment/link,PAY_BILL,HINDI_ROMAN,Utilities,0.9,public_dataset_derived,0,0,0,0,1,0,CRITICAL
IND-00174,Bahut zaroori hai: Your account needs phone verification. Please reply with the OTP to complete the security check.,SCAM,OTP_THEFT,HIGH,Requests one-time password; suspicious verification,SHARE_OTP,HINDI_ROMAN,Banking,0.97,synthetic_augmented,0,0,1,0,0,0,HIGH
IND-01367,Bahut zaroori hai: Work from home recruitment: pay ₹299 onboarding charges and start earning immediately.,SCAM,RECRUITMENT_SCAM,HIGH,Fake recruitment with registration fee,PAY_FEE,HINDI_ROMAN,Employment,0.96,synthetic_augmented,0,0,0,0,1,0,HIGH
IND-01548,Aapke account se ₹900 debit hua hai. Agar aapne transaction nahi kiya to official bank app mein check karein.,LEGITIMATE,NONE,LOW,Normal transactional/personal communication; no malicious request,NONE,HINGLISH,Banking,0.92,public_dataset_derived,0,0,0,0,1,1,LOW
IND-00022,"Kripya dhyan dein: Instant personal loan approved without CIBIL check. Pay ₹1,499 processing fee before disbursement.",SCAM,LOAN_SCAM,HIGH,Loan promise with advance processing fee,PAY_FEE,HINDI_ROMAN,Loans,0.95,synthetic_augmented,0,0,0,0,1,0,CRITICAL
IND-03705,Someone claiming to be police contacted me on WhatsApp and demanded money. I am checking whether it is legitimate.,SUSPICIOUS,POLICE_IMPERSONATION,MEDIUM,"Potential fraud indicators present, but authenticity is not established",VERIFY_BEFORE_ACTION,ENGLISH,UNVERIFIED_COMMUNICATION,0.89,synthetic_augmented,0,0,0,0,0,1,MEDIUM
IND-01033,Kripya dhyan dein: Please transfer ₹499 to this personal UPI ID to unlock your cashback immediately.,SCAM,UPI_FRAUD,HIGH,Requests UPI PIN/payment; urgency,PAY_OR_SHARE_UPI,HINDI_ROMAN,UPI,0.91,public_dataset_derived,0,0,0,0,1,0,CRITICAL
IND-00016,"Sir, Your account needs urgent verification. Login at http://account-check.example before midnight.",SCAM,PHISHING,HIGH,Suspicious link requesting credentials/payment,CLICK_LINK,HINGLISH,Phishing,0.94,synthetic_augmented,1,0,0,0,0,0,HIGH
IND-00911,Kripya dhyan dein: Your FASTag will be blocked tonight. Recharge ₹500 immediately through this link.,SCAM,FASTAG_SCAM,HIGH,KYC/recharge/blacklist threat plus payment/link,PAY_OR_UPDATE,HINDI_ROMAN,Transport,0.95,public_dataset_derived,0,0,0,0,1,0,CRITICAL
IND-00272,"Sir, Supreme Court cyber team here. You are under digital arrest due to money laundering. Transfer ₹50,000 for verification.",SCAM,DIGITAL_ARREST,CRITICAL,Authority impersonation; intimidation; payment demand,PAY_OR_TRANSFER,HINGLISH,Law enforcement,0.97,public_dataset_derived,0,0,0,0,1,1,HIGH
IND-01872,"Security reminder: bank staff will never ask for your OTP, UPI PIN, CVV or password.",LEGITIMATE,NONE,LOW,Normal transactional/personal communication; no malicious request,NONE,ENGLISH,Banking,0.96,public_dataset_derived,0,0,1,1,0,1,LOW
IND-01323,"Madam, Please transfer ₹499 to this personal UPI ID to unlock your cashback immediately.",SCAM,UPI_FRAUD,HIGH,Requests UPI PIN/payment; urgency,PAY_OR_SHARE_UPI,HINGLISH,UPI,0.95,synthetic_augmented,0,0,0,0,1,0,CRITICAL
IND-01325,"Sir, Click http://secure-login.example to prevent your WhatsApp account from being disabled.",SCAM,PHISHING,HIGH,Suspicious link requesting credentials/payment,CLICK_LINK,HINGLISH,Phishing,0.98,synthetic_augmented,1,0,0,0,0,0,HIGH
IND-01224,Kripya dhyan dein: Scholarship registration closes today. Pay ₹199 processing charges immediately.,SCAM,SCHOLARSHIP_SCAM,HIGH,Scholarship claim requires fee/bank details,PAY_FEE,HINDI_ROMAN,Education,0.97,public_dataset_derived,0,0,0,0,1,0,HIGH
IND-00749,"Turant check karein: You have been shortlisted for a government job. Pay ₹1,000 registration fee to receive your appointment letter.",SCAM,RECRUITMENT_SCAM,HIGH,Fake recruitment with registration fee,PAY_FEE,HINDI_ROMAN,Employment,0.94,public_dataset_derived,0,0,0,0,1,1,CRITICAL
IND-01243,Bahut zaroori hai: HR department: your job is approved. Pay the refundable training fee today to receive your offer letter.,SCAM,JOB_SCAM,HIGH,Job offer requires upfront payment or sensitive documents,PAY_FEE,HINDI_ROMAN,Employment,0.88,synthetic_augmented,0,0,0,0,1,1,HIGH
IND-02458,Your train ticket booking is confirmed. PNR 4512789630. Check journey details through the official railway service. Please verify through the official app.,LEGITIMATE,NONE,LOW,Normal transactional/personal communication; no malicious request,NONE,ENGLISH,Railway,0.95,public_dataset_derived,0,0,0,0,0,1,LOW
IND-01331,"Please dhyan do, Limited investment opportunity: zero risk and guaranteed profit. Send ₹5,000 today to activate your account.",SCAM,INVESTMENT_SCAM,HIGH,Guaranteed/high returns; asks for transfer,TRANSFER_MONEY,HINGLISH,Investment,0.95,public_dataset_derived,0,0,0,0,1,0,HIGH
IND-00028,Bahut zaroori hai: Your verification OTP has been generated. Send the OTP here so we can stop the unauthorized transaction.,SCAM,OTP_THEFT,HIGH,Requests one-time password; suspicious verification,SHARE_OTP,HINDI_ROMAN,Banking,0.88,public_dataset_derived,0,0,1,0,0,0,HIGH
IND-00121,"Bhai, Work from home recruitment: pay ₹299 onboarding charges and start earning immediately.",SCAM,RECRUITMENT_SCAM,HIGH,Fake recruitment with registration fee,PAY_FEE,HINGLISH,Employment,0.96,public_dataset_derived,0,0,0,0,1,0,HIGH
IND-04157,Bhai sabko bhejo: IRCTC is giving free train tickets to anyone who registers through this forwarded WhatsApp form.,FALSE_MISINFORMATION,NONE,MEDIUM,Unverified or misleading claim; forwarding pressure or implausible assertion,VERIFY_SOURCE,HINGLISH,MISINFORMATION,0.81,synthetic_augmented,0,0,0,0,0,1,MEDIUM
IND-00254,Your parcel is held at customs. Pay ₹499 clearance charges immediately at http://parcel-fee.example.,SCAM,COURIER_FRAUD,HIGH,Unexpected parcel/customs fee; payment request or link,PAY_FEE,ENGLISH,Courier,0.89,synthetic_augmented,1,0,0,0,1,1,HIGH
IND-00530,"Bahut zaroori hai: Student scholarship selected. Send Aadhaar and bank details on WhatsApp to release ₹10,000.",SCAM,SCHOLARSHIP_SCAM,HIGH,Scholarship claim requires fee/bank details,PAY_FEE,HINDI_ROMAN,Education,0.92,public_dataset_derived,0,0,0,0,1,1,HIGH
IND-00674,"Madam, Limited investment opportunity: zero risk and guaranteed profit. Send ₹5,000 today to activate your account.",SCAM,INVESTMENT_SCAM,HIGH,Guaranteed/high returns; asks for transfer,TRANSFER_MONEY,HINGLISH,Investment,0.93,public_dataset_derived,0,0,0,0,1,0,HIGH
IND-00181,Bahut zaroori hai: SBI security team here. Your debit card will be blocked unless you verify your details through this link.,SCAM,BANK_IMPERSONATION,HIGH,Claims to be bank/security team; asks for sensitive information,VERIFY_BANK,HINDI_ROMAN,Banking,0.93,public_dataset_derived,0,0,0,0,0,1,HIGH
IND-00208,Urgent hai: URGENT: KYC expires in 2 hours. Send OTP and Aadhaar details on WhatsApp to keep your account active.,SCAM,KYC_FRAUD,HIGH,OTP request; KYC/account threat; urgency,SHARE_OTP,HINGLISH,KYC / Banking,0.9,synthetic_augmented,0,0,1,0,0,1,HIGH
IND-00091,"Madam, You have won ₹25,00,000 in the lucky draw. Pay ₹2,999 tax charges to release your prize.",SCAM,LOTTERY_SCAM,HIGH,Prize claim requires fee/payment,PAY_FEE,HINGLISH,Lottery,0.97,synthetic_augmented,0,0,0,0,1,0,HIGH
IND-03168,"Bhai, I received a message saying I have an income-tax refund and it contains a link. I haven't checked the official portal.",SUSPICIOUS,TAX_REFUND_SCAM,MEDIUM,"Potential fraud indicators present, but authenticity is not established",VERIFY_BEFORE_ACTION,HINGLISH,UNVERIFIED_COMMUNICATION,0.81,synthetic_augmented,0,0,0,0,0,0,HIGH
IND-03184,A caller claiming to be from my bank asked for an OTP to cancel a transaction. I did not share it.,SUSPICIOUS,BANK_IMPERSONATION,MEDIUM,"Potential fraud indicators present, but authenticity is not established",VERIFY_BEFORE_ACTION,ENGLISH,UNVERIFIED_COMMUNICATION,0.87,synthetic_augmented,0,0,1,0,0,1,MEDIUM
IND-00247,"Kripya dhyan dein: You have won ₹25,00,000 in the lucky draw. Pay ₹2,999 tax charges to release your prize.",SCAM,LOTTERY_SCAM,HIGH,Prize claim requires fee/payment,PAY_FEE,HINDI_ROMAN,Lottery,0.91,public_dataset_derived,0,0,0,0,1,0,HIGH
IND-02622,Aapka parcel kal deliver hoga. Delivery partner ka official tracking page check kar sakte hain.,LEGITIMATE,NONE,LOW,Normal transactional/personal communication; no malicious request,NONE,HINGLISH,Courier,0.94,public_dataset_derived,0,0,0,0,0,0,LOW
IND-02143,"Transaction alert: ₹2,450 was debited from your account. If you did not make this transaction, use the official bank app to report it.",LEGITIMATE,NONE,LOW,Normal transactional/personal communication; no malicious request,NONE,ENGLISH,Banking,0.99,public_dataset_derived,0,0,0,0,1,1,LOW
IND-03735,Mujhe ek message mila hai: Someone says my KYC will expire today and wants my documents on WhatsApp. I have not verified the sender.,SUSPICIOUS,KYC_FRAUD,MEDIUM,"Potential fraud indicators present, but authenticity is not established",VERIFY_BEFORE_ACTION,HINDI_ROMAN,UNVERIFIED_COMMUNICATION,0.88,synthetic_augmented,0,0,0,0,0,1,HIGH
IND-00675,"Please dhyan do, Scholarship registration closes today. Pay ₹199 processing charges immediately.",SCAM,SCHOLARSHIP_SCAM,HIGH,Scholarship claim requires fee/bank details,PAY_FEE,HINGLISH,Education,0.95,public_dataset_derived,0,0,0,0,1,0,HIGH
IND-00586,"Urgent hai: Delhi Police Cyber Cell calling. Your number is linked to an illegal case. Pay ₹15,000 now to avoid arrest.",SCAM,POLICE_IMPERSONATION,CRITICAL,Threat of arrest/case; demands money,PAY_OR_TRANSFER,HINGLISH,Law enforcement,0.92,synthetic_augmented,0,0,0,0,1,1,CRITICAL
IND-00752,"Bhai, Your verification OTP has been generated. Send the OTP here so we can stop the unauthorized transaction.",SCAM,OTP_THEFT,HIGH,Requests one-time password; suspicious verification,SHARE_OTP,HINGLISH,Banking,0.94,synthetic_augmented,0,0,1,0,0,0,HIGH
IND-01293,"Please dhyan do, Supreme Court cyber team here. You are under digital arrest due to money laundering. Transfer ₹50,000 for verification.",SCAM,DIGITAL_ARREST,CRITICAL,Authority impersonation; intimidation; payment demand,PAY_OR_TRANSFER,HINGLISH,Law enforcement,0.9,synthetic_augmented,0,0,0,0,1,1,HIGH
IND-00717,"Madam, Government scholarship of ₹25,000 approved. Pay ₹299 verification fee to receive it.",SCAM,SCHOLARSHIP_SCAM,HIGH,Scholarship claim requires fee/bank details,PAY_FEE,HINGLISH,Education,0.92,public_dataset_derived,0,0,0,0,1,1,HIGH
IND-03606,Kripya check karein: A WhatsApp group promises guaranteed crypto returns and asks members to transfer money. Can this be verified?,SUSPICIOUS,INVESTMENT_SCAM,MEDIUM,"Potential fraud indicators present, but authenticity is not established",VERIFY_BEFORE_ACTION,HINDI_ROMAN,UNVERIFIED_COMMUNICATION,0.78,synthetic_augmented,0,0,0,0,1,0,HIGH
IND-01121,HR department: your job is approved. Pay the refundable training fee today to receive your offer letter.,SCAM,JOB_SCAM,HIGH,Job offer requires upfront payment or sensitive documents,PAY_FEE,ENGLISH,Employment,0.98,synthetic_augmented,0,0,0,0,1,1,HIGH
IND-00682,Police notice: your SIM is involved in fraud. Do not tell anyone. Pay the settlement amount immediately.,SCAM,POLICE_IMPERSONATION,CRITICAL,Threat of arrest/case; demands money,PAY_OR_TRANSFER,ENGLISH,Law enforcement,0.93,synthetic_augmented,0,0,0,0,1,1,HIGH
IND-01091,"Madam, FASTag verification pending. Send vehicle RC and OTP to activate your account.",SCAM,FASTAG_SCAM,HIGH,KYC/recharge/blacklist threat plus payment/link,PAY_OR_UPDATE,HINGLISH,Transport,0.94,synthetic_augmented,0,0,1,0,0,0,CRITICAL
IND-00986,"Urgent hai: Student scholarship selected. Send Aadhaar and bank details on WhatsApp to release ₹10,000.",SCAM,SCHOLARSHIP_SCAM,HIGH,Scholarship claim requires fee/bank details,PAY_FEE,HINGLISH,Education,0.95,public_dataset_derived,0,0,0,0,1,1,HIGH
IND-01281,"Madam, Your account needs phone verification. Please reply with the OTP to complete the security check.",SCAM,OTP_THEFT,HIGH,Requests one-time password; suspicious verification,SHARE_OTP,HINGLISH,Banking,0.88,synthetic_augmented,0,0,1,0,0,0,HIGH
IND-00431,Urgent hai: Your tax refund cannot be processed. Share your bank account and OTP immediately for verification.,SCAM,TAX_REFUND_SCAM,HIGH,Fake refund plus PAN/bank/OTP request,SHARE_DETAILS,HINGLISH,Tax,0.99,public_dataset_derived,0,0,1,0,0,1,HIGH
IND-00258,Turant check karein: Your tax refund cannot be processed. Share your bank account and OTP immediately for verification.,SCAM,TAX_REFUND_SCAM,HIGH,Fake refund plus PAN/bank/OTP request,SHARE_DETAILS,HINDI_ROMAN,Tax,0.98,public_dataset_derived,0,0,1,0,0,1,CRITICAL
IND-00567,Railway recruitment selected you for the next round. Pay ₹499 document verification fee today.,SCAM,RECRUITMENT_SCAM,HIGH,Fake recruitment with registration fee,PAY_FEE,ENGLISH,Employment,0.95,synthetic_augmented,0,0,0,0,1,0,HIGH
IND-00453,"Bhai, Courier department: parcel contains restricted material. Pay ₹2,000 immediately or legal action will start.",SCAM,COURIER_FRAUD,HIGH,Unexpected parcel/customs fee; payment request or link,PAY_FEE,HINGLISH,Courier,0.98,public_dataset_derived,0,0,0,0,1,0,HIGH
IND-00095,"Crypto investment group: deposit ₹2,500 now and receive guaranteed returns within 48 hours.",SCAM,INVESTMENT_SCAM,HIGH,Guaranteed/high returns; asks for transfer,TRANSFER_MONEY,ENGLISH,Investment,0.9,public_dataset_derived,0,0,0,0,1,0,HIGH
IND-04074,"Bhai sabko bhejo: Government is giving ₹10,000 to every citizen who forwards this message to 10 groups.",FALSE_MISINFORMATION,NONE,MEDIUM,Unverified or misleading claim; forwarding pressure or implausible assertion,VERIFY_SOURCE,HINGLISH,MISINFORMATION,0.87,synthetic_augmented,0,0,0,0,1,1,MEDIUM
IND-02663,"Your OTP is 482913. Do not share this OTP with anyone. If you did not request it, contact your bank through the official app. For security, never share OTP.",LEGITIMATE,NONE,LOW,Normal transactional/personal communication; no malicious request,NONE,ENGLISH,Banking,0.91,public_dataset_derived,0,0,1,0,0,1,LOW
IND-01655,"Delivery attempt was unsuccessful. You can reschedule through the official courier website or app. For security, never share OTP.",LEGITIMATE,NONE,LOW,Normal transactional/personal communication; no malicious request,NONE,ENGLISH,Courier,0.96,public_dataset_derived,0,0,1,0,0,0,LOW
IND-04357,Important hai: ₹500 notes will stop being legal tender tonight. Exchange them immediately.,FALSE_MISINFORMATION,NONE,MEDIUM,Unverified or misleading claim; forwarding pressure or implausible assertion,VERIFY_SOURCE,HINGLISH,MISINFORMATION,0.86,synthetic_augmented,0,0,0,0,1,0,HIGH
IND-00012,"Turant check karein: Instant personal loan approved without CIBIL check. Pay ₹1,499 processing fee before disbursement.",SCAM,LOAN_SCAM,HIGH,Loan promise with advance processing fee,PAY_FEE,HINDI_ROMAN,Loans,0.95,synthetic_augmented,0,0,0,0,1,0,CRITICAL
IND-01251,Bahut zaroori hai: Flood relief collection: donate immediately through this unfamiliar payment link.,SCAM,CHARITY_SCAM,MEDIUM,Urgent donation request with unverifiable details,DONATE,HINDI_ROMAN,Charity,0.98,synthetic_augmented,0,0,0,0,1,0,HIGH
IND-00361,"Sir, Dear customer, your KYC has failed. Update it immediately through http://verify-kyc.example or your account will be suspended.",SCAM,KYC_FRAUD,HIGH,OTP request; KYC/account threat; urgency,SHARE_OTP,HINGLISH,KYC / Banking,0.9,public_dataset_derived,1,0,0,0,0,1,HIGH
IND-03221,Mujhe ek message mila hai: Someone claiming to be police contacted me on WhatsApp and demanded money. I am checking whether it is legitimate.,SUSPICIOUS,POLICE_IMPERSONATION,MEDIUM,"Potential fraud indicators present, but authenticity is not established",VERIFY_BEFORE_ACTION,HINDI_ROMAN,UNVERIFIED_COMMUNICATION,0.74,synthetic_augmented,0,0,0,0,0,1,MEDIUM
IND-01648,"Aapka parcel kal deliver hoga. Delivery partner ka official tracking page check kar sakte hain. For security, never share OTP.",LEGITIMATE,NONE,LOW,Normal transactional/personal communication; no malicious request,NONE,HINGLISH,Courier,0.94,public_dataset_derived,0,0,1,0,0,0,LOW
IND-00313,"Bahut zaroori hai: Part-time job available: earn ₹5,000 daily. Send ₹499 security deposit and Aadhaar copy to start.",SCAM,JOB_SCAM,HIGH,Job offer requires upfront payment or sensitive documents,PAY_FEE,HINDI_ROMAN,Employment,0.89,synthetic_augmented,0,0,0,0,1,1,CRITICAL
IND-01936,"Transaction alert: ₹2,450 was debited from your account. If you did not make this transaction, use the official bank app to report it. Please verify through the official app.",LEGITIMATE,NONE,LOW,Normal transactional/personal communication; no malicious request,NONE,ENGLISH,Banking,0.96,public_dataset_derived,0,0,0,0,1,1,LOW
IND-01858,"Mummy, train mein baith gaya hoon. Safely pahunch jaunga. Please verify through the official app.",LEGITIMATE,NONE,LOW,Normal transactional/personal communication; no malicious request,NONE,HINGLISH,Family,0.96,public_dataset_derived,0,0,0,0,0,1,LOW
IND-01449,"Bhai, Your ₹5 lakh loan is approved. Send ₹999 insurance charges to release the amount today.",SCAM,LOAN_SCAM,HIGH,Loan promise with advance processing fee,PAY_FEE,HINGLISH,Loans,0.97,public_dataset_derived,0,0,0,0,1,0,CRITICAL
IND-02793,"Your electricity bill of ₹1,850 is due on 25 August. Pay through the official electricity provider app or website. For security, never share OTP.",LEGITIMATE,NONE,LOW,Normal transactional/personal communication; no malicious request,NONE,ENGLISH,Utilities,0.96,public_dataset_derived,0,0,1,0,1,0,LOW
IND-00791,"Bahut zaroori hai: Courier department: parcel contains restricted material. Pay ₹2,000 immediately or legal action will start.",SCAM,COURIER_FRAUD,HIGH,Unexpected parcel/customs fee; payment request or link,PAY_FEE,HINDI_ROMAN,Courier,0.92,synthetic_augmented,0,0,0,0,1,0,HIGH
IND-00740,"Urgent hai: Courier department: parcel contains restricted material. Pay ₹2,000 immediately or legal action will start.",SCAM,COURIER_FRAUD,HIGH,Unexpected parcel/customs fee; payment request or link,PAY_FEE,HINGLISH,Courier,0.9,public_dataset_derived,0,0,0,0,1,0,HIGH
IND-01916,Your interview is scheduled for Monday at 11 AM. Please use the employer's official recruitment portal for details. Please verify through the official app.,LEGITIMATE,NONE,LOW,Normal transactional/personal communication; no malicious request,NONE,ENGLISH,Employment,0.95,public_dataset_derived,0,0,0,0,0,0,LOW
IND-04320,Guys please forward: ₹500 notes will stop being legal tender tonight. Exchange them immediately.,FALSE_MISINFORMATION,NONE,MEDIUM,Unverified or misleading claim; forwarding pressure or implausible assertion,VERIFY_SOURCE,HINGLISH,MISINFORMATION,0.76,synthetic_augmented,0,0,0,0,1,0,MEDIUM
IND-01021,"Bhai, SBI security team here. Your debit card will be blocked unless you verify your details through this link.",SCAM,BANK_IMPERSONATION,HIGH,Claims to be bank/security team; asks for sensitive information,VERIFY_BANK,HINGLISH,Banking,0.99,public_dataset_derived,0,0,0,0,0,1,HIGH
IND-01295,Kripya dhyan dein: Your WhatsApp account will be permanently disabled today. Click http://appeal.example and enter your login code.,SCAM,ACCOUNT_TAKEOVER,HIGH,Threatens account closure and requests login/OTP,LOGIN_OR_SHARE_OTP,HINDI_ROMAN,Account security,0.97,public_dataset_derived,1,0,0,0,0,0,HIGH
IND-00034,"Turant check karein: Limited investment opportunity: zero risk and guaranteed profit. Send ₹5,000 today to activate your account.",SCAM,INVESTMENT_SCAM,HIGH,Guaranteed/high returns; asks for transfer,TRANSFER_MONEY,HINDI_ROMAN,Investment,0.89,public_dataset_derived,0,0,0,0,1,0,CRITICAL
IND-04350,Important hai: From tomorrow all UPI transactions will have a mandatory 50% government tax. Forward this urgently.,FALSE_MISINFORMATION,NONE,MEDIUM,Unverified or misleading claim; forwarding pressure or implausible assertion,VERIFY_SOURCE,HINGLISH,MISINFORMATION,0.78,synthetic_augmented,0,0,0,0,0,1,MEDIUM
IND-00001,Turant check karein: SBI security team here. Your debit card will be blocked unless you verify your details through this link.,SCAM,BANK_IMPERSONATION,HIGH,Claims to be bank/security team; asks for sensitive information,VERIFY_BANK,HINDI_ROMAN,Banking,0.98,public_dataset_derived,0,0,0,0,0,1,CRITICAL
IND-02661,UPI payment of ₹850 to XYZ Store was successful. Transaction reference TXN872319. Please verify through the official app.,LEGITIMATE,NONE,LOW,Normal transactional/personal communication; no malicious request,NONE,ENGLISH,UPI,0.94,public_dataset_derived,0,0,0,0,1,0,LOW
IND-01411,"Madam, Congratulations! You are selected for a work-from-home job. Pay ₹999 registration fee to confirm joining.",SCAM,JOB_SCAM,HIGH,Job offer requires upfront payment or sensitive documents,PAY_FEE,HINGLISH,Employment,0.97,public_dataset_derived,0,0,0,0,1,0,CRITICAL
IND-02835,"Your UPI refund of ₹499 has been processed. Check your bank statement or official app for confirmation. For security, never share OTP.",LEGITIMATE,NONE,LOW,Normal transactional/personal communication; no malicious request,NONE,ENGLISH,UPI,0.94,public_dataset_derived,0,0,1,0,1,1,LOW
IND-00703,"Sir, Your Aadhaar is linked to a criminal investigation. Do not disconnect. Pay the security deposit immediately.",SCAM,DIGITAL_ARREST,CRITICAL,Authority impersonation; intimidation; payment demand,PAY_OR_TRANSFER,HINGLISH,Law enforcement,0.98,public_dataset_derived,0,0,0,0,1,1,CRITICAL
IND-00270,Turant check karein: This is the bank security department. Your account has suspicious activity. Confirm OTP and card details now.,SCAM,BANK_IMPERSONATION,HIGH,Claims to be bank/security team; asks for sensitive information,VERIFY_BANK,HINDI_ROMAN,Banking,0.98,public_dataset_derived,0,0,1,0,0,1,HIGH
IND-00957,"Bhai, Limited investment opportunity: zero risk and guaranteed profit. Send ₹5,000 today to activate your account.",SCAM,INVESTMENT_SCAM,HIGH,Guaranteed/high returns; asks for transfer,TRANSFER_MONEY,HINGLISH,Investment,0.89,public_dataset_derived,0,0,0,0,1,0,HIGH
IND-00349,"Bhai, Congratulations! Your mobile number won ₹10 lakh. Send ₹499 processing fee to claim the amount.",SCAM,LOTTERY_SCAM,HIGH,Prize claim requires fee/payment,PAY_FEE,HINGLISH,Lottery,0.89,synthetic_augmented,0,0,0,0,1,0,HIGH
IND-00770,"Please dhyan do, Railway recruitment selected you for the next round. Pay ₹499 document verification fee today.",SCAM,RECRUITMENT_SCAM,HIGH,Fake recruitment with registration fee,PAY_FEE,HINGLISH,Employment,0.88,public_dataset_derived,0,0,0,0,1,0,HIGH
IND-01615,Guys kal project review 4 baje lab mein hai. Please bring your laptop.,LEGITIMATE,NONE,LOW,Normal transactional/personal communication; no malicious request,NONE,HINGLISH,College,0.94,public_dataset_derived,0,0,0,0,0,0,LOW
IND-01175,"Turant check karein: CBI officer here. A money laundering case is registered against your Aadhaar. Transfer ₹20,000 for verification.",SCAM,POLICE_IMPERSONATION,CRITICAL,Threat of arrest/case; demands money,PAY_OR_TRANSFER,HINDI_ROMAN,Law enforcement,0.91,public_dataset_derived,0,0,0,0,1,1,HIGH
IND-01436,Turant check karein: Scholarship registration closes today. Pay ₹199 processing charges immediately.,SCAM,SCHOLARSHIP_SCAM,HIGH,Scholarship claim requires fee/bank details,PAY_FEE,HINDI_ROMAN,Education,0.95,public_dataset_derived,0,0,0,0,1,0,HIGH
IND-01096,This is the bank security department. Your account has suspicious activity. Confirm OTP and card details now.,SCAM,BANK_IMPERSONATION,HIGH,Claims to be bank/security team; asks for sensitive information,VERIFY_BANK,ENGLISH,Banking,0.97,public_dataset_derived,0,0,1,0,0,1,HIGH
IND-01437,Kripya dhyan dein: Railway recruitment selected you for the next round. Pay ₹499 document verification fee today.,SCAM,RECRUITMENT_SCAM,HIGH,Fake recruitment with registration fee,PAY_FEE,HINDI_ROMAN,Employment,0.9,synthetic_augmented,0,0,0,0,1,0,CRITICAL
IND-01371,"Kripya dhyan dein: Your electricity connection will be disconnected tonight due to unpaid bill. Pay ₹1,850 at http://power-pay.example.",SCAM,ELECTRICITY_SCAM,HIGH,Disconnection threat plus payment/link,PAY_BILL,HINDI_ROMAN,Utilities,0.99,synthetic_augmented,1,0,0,0,1,0,CRITICAL
IND-00408,"Please dhyan do, Click http://secure-login.example to prevent your WhatsApp account from being disabled.",SCAM,PHISHING,HIGH,Suspicious link requesting credentials/payment,CLICK_LINK,HINGLISH,Phishing,0.9,public_dataset_derived,1,0,0,0,0,0,HIGH
IND-01438,"Urgent hai: You have won ₹25,00,000 in the lucky draw. Pay ₹2,999 tax charges to release your prize.",SCAM,LOTTERY_SCAM,HIGH,Prize claim requires fee/payment,PAY_FEE,HINGLISH,Lottery,0.97,public_dataset_derived,0,0,0,0,1,0,CRITICAL
IND-02292,"For Aadhaar services, use the official UIDAI website or authorised centre. Never share OTP with anyone. For security, never share OTP.",LEGITIMATE,NONE,LOW,Normal transactional/personal communication; no malicious request,NONE,ENGLISH,Aadhaar,0.94,public_dataset_derived,0,0,1,0,0,1,LOW
IND-00587,"Please dhyan do, Your parcel is held at customs. Pay ₹499 clearance charges immediately at http://parcel-fee.example.",SCAM,COURIER_FRAUD,HIGH,Unexpected parcel/customs fee; payment request or link,PAY_FEE,HINGLISH,Courier,0.91,public_dataset_derived,1,0,0,0,1,1,CRITICAL
IND-00929,"Dear customer, your KYC has failed. Update it immediately through http://verify-kyc.example or your account will be suspended.",SCAM,KYC_FRAUD,HIGH,OTP request; KYC/account threat; urgency,SHARE_OTP,ENGLISH,KYC / Banking,0.89,public_dataset_derived,1,0,0,0,0,1,CRITICAL
IND-04650,"Bahut important khabar: Government is giving ₹10,000 to every citizen who forwards this message to 10 groups.",FALSE_MISINFORMATION,NONE,MEDIUM,Unverified or misleading claim; forwarding pressure or implausible assertion,VERIFY_SOURCE,HINDI_ROMAN,MISINFORMATION,0.93,synthetic_augmented,0,0,0,0,1,1,MEDIUM
IND-00829,Bahut zaroori hai: Your email account will close in 24 hours. Login through this link to keep it active.,SCAM,ACCOUNT_TAKEOVER,HIGH,Threatens account closure and requests login/OTP,LOGIN_OR_SHARE_OTP,HINDI_ROMAN,Account security,0.93,synthetic_augmented,0,0,0,0,0,0,HIGH
IND-00106,"Kripya dhyan dein: Student scholarship selected. Send Aadhaar and bank details on WhatsApp to release ₹10,000.",SCAM,SCHOLARSHIP_SCAM,HIGH,Scholarship claim requires fee/bank details,PAY_FEE,HINDI_ROMAN,Education,0.88,public_dataset_derived,0,0,0,0,1,1,HIGH
IND-00526,"Madam, Flood relief collection: donate immediately through this unfamiliar payment link.",SCAM,CHARITY_SCAM,MEDIUM,Urgent donation request with unverifiable details,DONATE,HINGLISH,Charity,0.91,public_dataset_derived,0,0,0,0,1,0,HIGH
IND-01486,Urgent hai: Prize department: pay the verification fee immediately to receive your lottery winnings.,SCAM,LOTTERY_SCAM,HIGH,Prize claim requires fee/payment,PAY_FEE,HINGLISH,Lottery,0.98,public_dataset_derived,0,0,0,0,1,0,CRITICAL
IND-03632,"Guys, Someone claiming to be police contacted me on WhatsApp and demanded money. I am checking whether it is legitimate.",SUSPICIOUS,POLICE_IMPERSONATION,MEDIUM,"Potential fraud indicators present, but authenticity is not established",VERIFY_BEFORE_ACTION,HINGLISH,UNVERIFIED_COMMUNICATION,0.85,synthetic_augmented,0,0,0,0,0,1,HIGH
IND-04654,Guys please forward: UPI PIN is required to receive money. Share your PIN with the sender.,FALSE_MISINFORMATION,NONE,MEDIUM,Unverified or misleading claim; forwarding pressure or implausible assertion,VERIFY_SOURCE,HINGLISH,MISINFORMATION,0.9,synthetic_augmented,0,0,0,1,0,0,HIGH
IND-03425,"Bhai, This message says I won a shopping voucher but asks me to pay a small fee first. Has anyone verified it?",SUSPICIOUS,LOTTERY_SCAM,MEDIUM,"Potential fraud indicators present, but authenticity is not established",VERIFY_BEFORE_ACTION,HINGLISH,UNVERIFIED_COMMUNICATION,0.83,synthetic_augmented,0,0,0,0,1,0,MEDIUM
IND-00753,Your WhatsApp account will be permanently disabled today. Click http://appeal.example and enter your login code.,SCAM,ACCOUNT_TAKEOVER,HIGH,Threatens account closure and requests login/OTP,LOGIN_OR_SHARE_OTP,ENGLISH,Account security,0.99,public_dataset_derived,1,0,0,0,0,0,HIGH
IND-00691,"Urgent hai: Guaranteed 3X return in 7 days. Transfer ₹10,000 to our UPI account and our expert will trade for you.",SCAM,INVESTMENT_SCAM,HIGH,Guaranteed/high returns; asks for transfer,TRANSFER_MONEY,HINGLISH,Investment,0.97,synthetic_augmented,0,0,0,0,1,0,HIGH
IND-01430,Your tax refund cannot be processed. Share your bank account and OTP immediately for verification.,SCAM,TAX_REFUND_SCAM,HIGH,Fake refund plus PAN/bank/OTP request,SHARE_DETAILS,ENGLISH,Tax,0.89,public_dataset_derived,0,0,1,0,0,1,CRITICAL
IND-01839,Aadhaar update ke liye nearest authorised centre ya official UIDAI portal use karein. Check the official portal for details.,LEGITIMATE,NONE,LOW,Normal transactional/personal communication; no malicious request,NONE,HINGLISH,Government,0.95,public_dataset_derived,0,0,0,0,0,1,LOW
IND-01145,"Bhai, Your parcel is held at customs. Pay ₹499 clearance charges immediately at http://parcel-fee.example.",SCAM,COURIER_FRAUD,HIGH,Unexpected parcel/customs fee; payment request or link,PAY_FEE,HINGLISH,Courier,0.97,synthetic_augmented,1,0,0,0,1,1,CRITICAL
IND-04771,Important hai: All college exams are permanently cancelled this semester. Forward to every student.,FALSE_MISINFORMATION,NONE,MEDIUM,Unverified or misleading claim; forwarding pressure or implausible assertion,VERIFY_SOURCE,HINGLISH,MISINFORMATION,0.87,synthetic_augmented,0,0,0,0,0,0,MEDIUM
IND-01954,Your UPI refund of ₹499 has been processed. Check your bank statement or official app for confirmation. Please verify through the official app.,LEGITIMATE,NONE,LOW,Normal transactional/personal communication; no malicious request,NONE,ENGLISH,UPI,0.95,public_dataset_derived,0,0,0,0,1,1,LOW
IND-00807,"Madam, Courier department: parcel contains restricted material. Pay ₹2,000 immediately or legal action will start.",SCAM,COURIER_FRAUD,HIGH,Unexpected parcel/customs fee; payment request or link,PAY_FEE,HINGLISH,Courier,0.89,public_dataset_derived,0,0,0,0,1,0,CRITICAL
IND-01156,Turant check karein: Click http://secure-login.example to prevent your WhatsApp account from being disabled.,SCAM,PHISHING,HIGH,Suspicious link requesting credentials/payment,CLICK_LINK,HINDI_ROMAN,Phishing,0.95,public_dataset_derived,1,0,0,0,0,0,HIGH
IND-01150,Kripya dhyan dein: Congratulations! You are selected for a work-from-home job. Pay ₹999 registration fee to confirm joining.,SCAM,JOB_SCAM,HIGH,Job offer requires upfront payment or sensitive documents,PAY_FEE,HINDI_ROMAN,Employment,0.93,synthetic_augmented,0,0,0,0,1,0,HIGH
IND-00436,Urgent hai: Instagram security alert: unusual login detected. Verify your password and OTP using http://security-check.example.,SCAM,ACCOUNT_TAKEOVER,HIGH,Threatens account closure and requests login/OTP,LOGIN_OR_SHARE_OTP,HINGLISH,Account security,0.98,synthetic_augmented,1,0,1,0,0,0,CRITICAL
IND-01184,"Urgent hai: Supreme Court cyber team here. You are under digital arrest due to money laundering. Transfer ₹50,000 for verification.",SCAM,DIGITAL_ARREST,CRITICAL,Authority impersonation; intimidation; payment demand,PAY_OR_TRANSFER,HINGLISH,Law enforcement,0.88,synthetic_augmented,0,0,0,0,1,1,HIGH
IND-00677,"CBI officer here. A money laundering case is registered against your Aadhaar. Transfer ₹20,000 for verification.",SCAM,POLICE_IMPERSONATION,CRITICAL,Threat of arrest/case; demands money,PAY_OR_TRANSFER,ENGLISH,Law enforcement,0.98,public_dataset_derived,0,0,0,0,1,1,HIGH
IND-00094,"Turant check karein: Student scholarship selected. Send Aadhaar and bank details on WhatsApp to release ₹10,000.",SCAM,SCHOLARSHIP_SCAM,HIGH,Scholarship claim requires fee/bank details,PAY_FEE,HINDI_ROMAN,Education,0.89,synthetic_augmented,0,0,0,0,1,1,CRITICAL
IND-04005,₹500 notes will stop being legal tender tonight. Exchange them immediately.,FALSE_MISINFORMATION,NONE,MEDIUM,Unverified or misleading claim; forwarding pressure or implausible assertion,VERIFY_SOURCE,ENGLISH,MISINFORMATION,0.87,synthetic_augmented,0,0,0,0,1,0,HIGH
IND-00337,"Please dhyan do, Your verification OTP has been generated. Send the OTP here so we can stop the unauthorized transaction.",SCAM,OTP_THEFT,HIGH,Requests one-time password; suspicious verification,SHARE_OTP,HINGLISH,Banking,0.92,synthetic_augmented,0,0,1,0,0,0,HIGH
IND-00660,"Please dhyan do, Your UPI account will be suspended today. Send your UPI PIN to the verification agent to reactivate it.",SCAM,UPI_FRAUD,HIGH,Requests UPI PIN/payment; urgency,PAY_OR_SHARE_UPI,HINGLISH,UPI,0.93,public_dataset_derived,0,0,0,1,0,0,HIGH
IND-04029,Important hai: UPI PIN is required to receive money. Share your PIN with the sender.,FALSE_MISINFORMATION,NONE,MEDIUM,Unverified or misleading claim; forwarding pressure or implausible assertion,VERIFY_SOURCE,HINGLISH,MISINFORMATION,0.79,synthetic_augmented,0,0,0,1,0,0,HIGH
IND-00666,"Urgent hai: CBI officer here. A money laundering case is registered against your Aadhaar. Transfer ₹20,000 for verification.",SCAM,POLICE_IMPERSONATION,CRITICAL,Threat of arrest/case; demands money,PAY_OR_TRANSFER,HINGLISH,Law enforcement,0.97,synthetic_augmented,0,0,0,0,1,1,HIGH
IND-00584,"Please dhyan do, SBI security team here. Your debit card will be blocked unless you verify your details through this link.",SCAM,BANK_IMPERSONATION,HIGH,Claims to be bank/security team; asks for sensitive information,VERIFY_BANK,HINGLISH,Banking,0.9,public_dataset_derived,0,0,0,0,0,1,HIGH
IND-00622,Kripya dhyan dein: This is the bank security department. Your account has suspicious activity. Confirm OTP and card details now.,SCAM,BANK_IMPERSONATION,HIGH,Claims to be bank/security team; asks for sensitive information,VERIFY_BANK,HINDI_ROMAN,Banking,0.92,public_dataset_derived,0,0,1,0,0,1,HIGH
IND-00422,"Turant check karein: Supreme Court cyber team here. You are under digital arrest due to money laundering. Transfer ₹50,000 for verification.",SCAM,DIGITAL_ARREST,CRITICAL,Authority impersonation; intimidation; payment demand,PAY_OR_TRANSFER,HINDI_ROMAN,Law enforcement,0.97,public_dataset_derived,0,0,0,0,1,1,HIGH
IND-02223,"Maine ₹500 UPI se bhej diye hain, transaction ID bhi aa gayi hai. Check the official portal for details.",LEGITIMATE,NONE,LOW,Normal transactional/personal communication; no malicious request,NONE,HINGLISH,UPI,0.95,public_dataset_derived,0,0,0,0,1,0,LOW
IND-03510,Mujhe ek message mila hai: Someone offered me a work-from-home job but wants a ₹500 joining fee first. I am unsure if it is genuine.,SUSPICIOUS,JOB_SCAM,MEDIUM,"Potential fraud indicators present, but authenticity is not established",VERIFY_BEFORE_ACTION,HINDI_ROMAN,UNVERIFIED_COMMUNICATION,0.77,synthetic_augmented,0,0,0,0,1,0,MEDIUM
IND-03941,"Bhai, Someone offered me a work-from-home job but wants a ₹500 joining fee first. I am unsure if it is genuine.",SUSPICIOUS,JOB_SCAM,MEDIUM,"Potential fraud indicators present, but authenticity is not established",VERIFY_BEFORE_ACTION,HINGLISH,UNVERIFIED_COMMUNICATION,0.87,synthetic_augmented,0,0,0,0,1,0,MEDIUM
IND-00751,"Please dhyan do, Please transfer ₹499 to this personal UPI ID to unlock your cashback immediately.",SCAM,UPI_FRAUD,HIGH,Requests UPI PIN/payment; urgency,PAY_OR_SHARE_UPI,HINGLISH,UPI,0.96,public_dataset_derived,0,0,0,0,1,0,HIGH
IND-04455,"Government is giving ₹10,000 to every citizen who forwards this message to 10 groups.",FALSE_MISINFORMATION,NONE,MEDIUM,Unverified or misleading claim; forwarding pressure or implausible assertion,VERIFY_SOURCE,ENGLISH,MISINFORMATION,0.88,synthetic_augmented,0,0,0,0,1,1,MEDIUM
IND-01344,Bahut zaroori hai: Your WhatsApp account will be permanently disabled today. Click http://appeal.example and enter your login code.,SCAM,ACCOUNT_TAKEOVER,HIGH,Threatens account closure and requests login/OTP,LOGIN_OR_SHARE_OTP,HINDI_ROMAN,Account security,0.9,public_dataset_derived,1,0,0,0,0,0,CRITICAL
IND-00196,"Bhai, CBI officer here. A money laundering case is registered against your Aadhaar. Transfer ₹20,000 for verification.",SCAM,POLICE_IMPERSONATION,CRITICAL,Threat of arrest/case; demands money,PAY_OR_TRANSFER,HINGLISH,Law enforcement,0.88,public_dataset_derived,0,0,0,0,1,1,HIGH
IND-00279,"Please dhyan do, Delhi Police Cyber Cell calling. Your number is linked to an illegal case. Pay ₹15,000 now to avoid arrest.",SCAM,POLICE_IMPERSONATION,CRITICAL,Threat of arrest/case; demands money,PAY_OR_TRANSFER,HINGLISH,Law enforcement,0.98,public_dataset_derived,0,0,0,0,1,1,CRITICAL
IND-00755,"Supreme Court cyber team here. You are under digital arrest due to money laundering. Transfer ₹50,000 for verification.",SCAM,DIGITAL_ARREST,CRITICAL,Authority impersonation; intimidation; payment demand,PAY_OR_TRANSFER,ENGLISH,Law enforcement,0.97,synthetic_augmented,0,0,0,0,1,1,HIGH
IND-00511,"Turant check karein: Delhi Police Cyber Cell calling. Your number is linked to an illegal case. Pay ₹15,000 now to avoid arrest.",SCAM,POLICE_IMPERSONATION,CRITICAL,Threat of arrest/case; demands money,PAY_OR_TRANSFER,HINDI_ROMAN,Law enforcement,0.98,synthetic_augmented,0,0,0,0,1,1,HIGH
IND-01340,Kripya dhyan dein: Your ₹5 lakh loan is approved. Send ₹999 insurance charges to release the amount today.,SCAM,LOAN_SCAM,HIGH,Loan promise with advance processing fee,PAY_FEE,HINDI_ROMAN,Loans,0.98,public_dataset_derived,0,0,0,0,1,0,HIGH
IND-04424,Bhai sabko bhejo: ₹500 notes will stop being legal tender tonight. Exchange them immediately.,FALSE_MISINFORMATION,NONE,MEDIUM,Unverified or misleading claim; forwarding pressure or implausible assertion,VERIFY_SOURCE,HINGLISH,MISINFORMATION,0.81,synthetic_augmented,0,0,0,0,1,0,MEDIUM
IND-00579,"Part-time job available: earn ₹5,000 daily. Send ₹499 security deposit and Aadhaar copy to start.",SCAM,JOB_SCAM,HIGH,Job offer requires upfront payment or sensitive documents,PAY_FEE,ENGLISH,Employment,0.94,public_dataset_derived,0,0,0,0,1,1,HIGH
IND-00820,"Kripya dhyan dein: Limited investment opportunity: zero risk and guaranteed profit. Send ₹5,000 today to activate your account.",SCAM,INVESTMENT_SCAM,HIGH,Guaranteed/high returns; asks for transfer,TRANSFER_MONEY,HINDI_ROMAN,Investment,0.95,synthetic_augmented,0,0,0,0,1,0,CRITICAL
IND-03477,Mujhe ye message aaya: I received a message saying I have an income-tax refund and it contains a link. I haven't checked the official portal.,SUSPICIOUS,TAX_REFUND_SCAM,MEDIUM,"Potential fraud indicators present, but authenticity is not established",VERIFY_BEFORE_ACTION,HINGLISH,UNVERIFIED_COMMUNICATION,0.75,synthetic_augmented,0,0,0,0,0,0,MEDIUM
IND-01988,Delivery attempt was unsuccessful. You can reschedule through the official courier website or app. Please verify through the official app.,LEGITIMATE,NONE,LOW,Normal transactional/personal communication; no malicious request,NONE,ENGLISH,Courier,0.94,public_dataset_derived,0,0,0,0,0,0,LOW
IND-00127,Turant check karein: Your account needs phone verification. Please reply with the OTP to complete the security check.,SCAM,OTP_THEFT,HIGH,Requests one-time password; suspicious verification,SHARE_OTP,HINDI_ROMAN,Banking,0.96,synthetic_augmented,0,0,1,0,0,0,CRITICAL
IND-03286,Mujhe ek message mila hai: A forwarded donation request asks for money but gives no verifiable organisation details.,SUSPICIOUS,CHARITY_SCAM,MEDIUM,"Potential fraud indicators present, but authenticity is not established",VERIFY_BEFORE_ACTION,HINDI_ROMAN,UNVERIFIED_COMMUNICATION,0.87,synthetic_augmented,0,0,0,0,0,0,HIGH
IND-00569,"Bhai, Flood relief collection: donate immediately through this unfamiliar payment link.",SCAM,CHARITY_SCAM,MEDIUM,Urgent donation request with unverifiable details,DONATE,HINGLISH,Charity,0.98,synthetic_augmented,0,0,0,0,1,0,HIGH
IND-01132,"Sir, Your refund is ready. Enter card number, CVV and OTP at http://refund-portal.example.",SCAM,PHISHING,HIGH,Suspicious link requesting credentials/payment,CLICK_LINK,HINGLISH,Phishing,0.97,public_dataset_derived,1,0,1,0,0,0,HIGH
IND-04606,UPI PIN is required to receive money. Share your PIN with the sender.,FALSE_MISINFORMATION,NONE,MEDIUM,Unverified or misleading claim; forwarding pressure or implausible assertion,VERIFY_SOURCE,ENGLISH,MISINFORMATION,0.83,synthetic_augmented,0,0,0,1,0,0,HIGH
IND-00332,Congratulations! You are selected for a work-from-home job. Pay ₹999 registration fee to confirm joining.,SCAM,JOB_SCAM,HIGH,Job offer requires upfront payment or sensitive documents,PAY_FEE,ENGLISH,Employment,0.96,synthetic_augmented,0,0,0,0,1,0,CRITICAL
IND-01354,"Sir, Scholarship registration closes today. Pay ₹199 processing charges immediately.",SCAM,SCHOLARSHIP_SCAM,HIGH,Scholarship claim requires fee/bank details,PAY_FEE,HINGLISH,Education,0.94,public_dataset_derived,0,0,0,0,1,0,CRITICAL
IND-02842,"Transaction alert: ₹2,450 was debited from your account. If you did not make this transaction, use the official bank app to report it. Check the official portal for details.",LEGITIMATE,NONE,LOW,Normal transactional/personal communication; no malicious request,NONE,ENGLISH,Banking,0.91,public_dataset_derived,0,0,0,0,1,1,LOW
IND-01350,"Bahut zaroori hai: Urgent help needed for a child. Please send ₹1,000 to this personal UPI ID immediately. No time for verification.",SCAM,CHARITY_SCAM,MEDIUM,Urgent donation request with unverifiable details,DONATE,HINDI_ROMAN,Charity,0.91,synthetic_augmented,0,0,0,0,1,0,HIGH
IND-04843,Important hai: The government has announced 5 lakh permanent jobs for anyone who forwards this message.,FALSE_MISINFORMATION,NONE,MEDIUM,Unverified or misleading claim; forwarding pressure or implausible assertion,VERIFY_SOURCE,HINGLISH,MISINFORMATION,0.84,synthetic_augmented,0,0,0,0,0,1,MEDIUM
IND-00362,"Madam, Your account needs urgent verification. Login at http://account-check.example before midnight.",SCAM,PHISHING,HIGH,Suspicious link requesting credentials/payment,CLICK_LINK,HINGLISH,Phishing,0.9,synthetic_augmented,1,0,0,0,0,0,CRITICAL
IND-00582,"Sir, Emergency donation appeal: transfer ₹500 now to help a hospital patient. Please forward to 10 groups.",SCAM,CHARITY_SCAM,MEDIUM,Urgent donation request with unverifiable details,DONATE,HINGLISH,Charity,0.97,synthetic_augmented,0,0,0,0,1,0,CRITICAL
IND-00475,"Please dhyan do, You have been shortlisted for a government job. Pay ₹1,000 registration fee to receive your appointment letter.",SCAM,RECRUITMENT_SCAM,HIGH,Fake recruitment with registration fee,PAY_FEE,HINGLISH,Employment,0.92,public_dataset_derived,0,0,0,0,1,1,CRITICAL
IND-00358,"Bahut zaroori hai: Government scholarship of ₹25,000 approved. Pay ₹299 verification fee to receive it.",SCAM,SCHOLARSHIP_SCAM,HIGH,Scholarship claim requires fee/bank details,PAY_FEE,HINDI_ROMAN,Education,0.92,synthetic_augmented,0,0,0,0,1,1,HIGH
IND-00833,"Madam, Urgent help needed for a child. Please send ₹1,000 to this personal UPI ID immediately. No time for verification.",SCAM,CHARITY_SCAM,MEDIUM,Urgent donation request with unverifiable details,DONATE,HINGLISH,Charity,0.95,synthetic_augmented,0,0,0,0,1,0,HIGH
IND-00920,Urgent hai: Your account needs phone verification. Please reply with the OTP to complete the security check.,SCAM,OTP_THEFT,HIGH,Requests one-time password; suspicious verification,SHARE_OTP,HINGLISH,Banking,0.91,public_dataset_derived,0,0,1,0,0,0,CRITICAL
IND-01272,Click http://secure-login.example to prevent your WhatsApp account from being disabled.,SCAM,PHISHING,HIGH,Suspicious link requesting credentials/payment,CLICK_LINK,ENGLISH,Phishing,0.9,synthetic_augmented,1,0,0,0,0,0,CRITICAL
IND-00061,"Madam, Student scholarship selected. Send Aadhaar and bank details on WhatsApp to release ₹10,000.",SCAM,SCHOLARSHIP_SCAM,HIGH,Scholarship claim requires fee/bank details,PAY_FEE,HINGLISH,Education,0.89,synthetic_augmented,0,0,0,0,1,1,HIGH
IND-02046,Aadhaar update ke liye nearest authorised centre ya official UIDAI portal use karein. Please verify through the official app.,LEGITIMATE,NONE,LOW,Normal transactional/personal communication; no malicious request,NONE,HINGLISH,Government,0.95,public_dataset_derived,0,0,0,0,0,1,LOW
IND-01051,"Madam, Emergency donation appeal: transfer ₹500 now to help a hospital patient. Please forward to 10 groups.",SCAM,CHARITY_SCAM,MEDIUM,Urgent donation request with unverifiable details,DONATE,HINGLISH,Charity,0.92,synthetic_augmented,0,0,0,0,1,0,HIGH
IND-01352,"Sir, Your verification OTP has been generated. Send the OTP here so we can stop the unauthorized transaction.",SCAM,OTP_THEFT,HIGH,Requests one-time password; suspicious verification,SHARE_OTP,HINGLISH,Banking,0.94,synthetic_augmented,0,0,1,0,0,0,HIGH
IND-03781,"Guys, I received a message saying I have an income-tax refund and it contains a link. I haven't checked the official portal.",SUSPICIOUS,TAX_REFUND_SCAM,MEDIUM,"Potential fraud indicators present, but authenticity is not established",VERIFY_BEFORE_ACTION,HINGLISH,UNVERIFIED_COMMUNICATION,0.85,synthetic_augmented,0,0,0,0,0,0,MEDIUM
IND-03073,Mujhe ye message aaya: A message says my social media account will close and gives an unfamiliar login link. I haven't clicked it.,SUSPICIOUS,ACCOUNT_TAKEOVER,MEDIUM,"Potential fraud indicators present, but authenticity is not established",VERIFY_BEFORE_ACTION,HINGLISH,UNVERIFIED_COMMUNICATION,0.9,synthetic_augmented,0,0,0,0,0,0,MEDIUM
IND-01273,"Madam, Your WhatsApp account will be permanently disabled today. Click http://appeal.example and enter your login code.",SCAM,ACCOUNT_TAKEOVER,HIGH,Threatens account closure and requests login/OTP,LOGIN_OR_SHARE_OTP,HINGLISH,Account security,0.98,synthetic_augmented,1,0,0,0,0,0,HIGH
IND-00857,"Please dhyan do, CBI officer here. A money laundering case is registered against your Aadhaar. Transfer ₹20,000 for verification.",SCAM,POLICE_IMPERSONATION,CRITICAL,Threat of arrest/case; demands money,PAY_OR_TRANSFER,HINGLISH,Law enforcement,0.89,public_dataset_derived,0,0,0,0,1,1,HIGH
IND-02895,Your parcel has been shipped and is expected to arrive tomorrow. Track it using the courier company's official application. Please verify through the official app.,LEGITIMATE,NONE,LOW,Normal transactional/personal communication; no malicious request,NONE,ENGLISH,Courier,0.93,public_dataset_derived,0,0,0,0,0,0,LOW
IND-03276,Kripya check karein: Someone offered me a work-from-home job but wants a ₹500 joining fee first. I am unsure if it is genuine.,SUSPICIOUS,JOB_SCAM,MEDIUM,"Potential fraud indicators present, but authenticity is not established",VERIFY_BEFORE_ACTION,HINDI_ROMAN,UNVERIFIED_COMMUNICATION,0.85,synthetic_augmented,0,0,0,0,1,0,HIGH
IND-00654,"Bhai, Income Tax refund of ₹18,500 is pending. Confirm PAN, bank details and OTP at http://tax-refund.example.",SCAM,TAX_REFUND_SCAM,HIGH,Fake refund plus PAN/bank/OTP request,SHARE_DETAILS,HINGLISH,Tax,0.97,public_dataset_derived,1,0,1,0,1,1,HIGH
IND-00111,"Kripya dhyan dein: Urgent help needed for a child. Please send ₹1,000 to this personal UPI ID immediately. No time for verification.",SCAM,CHARITY_SCAM,MEDIUM,Urgent donation request with unverifiable details,DONATE,HINDI_ROMAN,Charity,0.97,synthetic_augmented,0,0,0,0,1,0,HIGH
IND-03603,This message says I won a shopping voucher but asks me to pay a small fee first. Has anyone verified it?,SUSPICIOUS,LOTTERY_SCAM,MEDIUM,"Potential fraud indicators present, but authenticity is not established",VERIFY_BEFORE_ACTION,ENGLISH,UNVERIFIED_COMMUNICATION,0.72,synthetic_augmented,0,0,0,0,1,0,HIGH
IND-01413,"Please dhyan do, Your FASTag will be blocked tonight. Recharge ₹500 immediately through this link.",SCAM,FASTAG_SCAM,HIGH,KYC/recharge/blacklist threat plus payment/link,PAY_OR_UPDATE,HINGLISH,Transport,0.96,public_dataset_derived,0,0,0,0,1,0,HIGH
IND-00299,"Kripya dhyan dein: Refund pending. To receive ₹1,499, enter your UPI PIN on the link http://refund-check.example.",SCAM,UPI_FRAUD,HIGH,Requests UPI PIN/payment; urgency,PAY_OR_SHARE_UPI,HINDI_ROMAN,UPI,0.97,synthetic_augmented,1,0,0,1,1,0,CRITICAL
IND-00406,Turant check karein: Your account needs urgent verification. Login at http://account-check.example before midnight.,SCAM,PHISHING,HIGH,Suspicious link requesting credentials/payment,CLICK_LINK,HINDI_ROMAN,Phishing,0.89,public_dataset_derived,1,0,0,0,0,0,CRITICAL
IND-01314,"Sir, Urgent help needed for a child. Please send ₹1,000 to this personal UPI ID immediately. No time for verification.",SCAM,CHARITY_SCAM,MEDIUM,Urgent donation request with unverifiable details,DONATE,HINGLISH,Charity,0.9,public_dataset_derived,0,0,0,0,1,0,CRITICAL
IND-01093,Kripya dhyan dein: Your bank account has been flagged. Call +91 9876543210 and provide the OTP to cancel the transaction.,SCAM,BANK_IMPERSONATION,HIGH,Claims to be bank/security team; asks for sensitive information,VERIFY_BANK,HINDI_ROMAN,Banking,0.97,synthetic_augmented,0,1,1,0,0,1,HIGH
IND-01222,Kripya dhyan dein: Your email account will close in 24 hours. Login through this link to keep it active.,SCAM,ACCOUNT_TAKEOVER,HIGH,Threatens account closure and requests login/OTP,LOGIN_OR_SHARE_OTP,HINDI_ROMAN,Account security,0.91,synthetic_augmented,0,0,0,0,0,0,CRITICAL
IND-00221,"Turant check karein: Income Tax refund of ₹18,500 is pending. Confirm PAN, bank details and OTP at http://tax-refund.example.",SCAM,TAX_REFUND_SCAM,HIGH,Fake refund plus PAN/bank/OTP request,SHARE_DETAILS,HINDI_ROMAN,Tax,0.95,public_dataset_derived,1,0,1,0,1,1,HIGH
IND-00859,Turant check karein: Flood relief collection: donate immediately through this unfamiliar payment link.,SCAM,CHARITY_SCAM,MEDIUM,Urgent donation request with unverifiable details,DONATE,HINDI_ROMAN,Charity,0.89,synthetic_augmented,0,0,0,0,1,0,HIGH
IND-04705,"Bahut important khabar: No income tax return is required for anyone earning below a certain salary, regardless of other income.",FALSE_MISINFORMATION,NONE,MEDIUM,Unverified or misleading claim; forwarding pressure or implausible assertion,VERIFY_SOURCE,HINDI_ROMAN,MISINFORMATION,0.81,synthetic_augmented,0,0,0,0,0,1,MEDIUM
IND-03385,"Bhai, A WhatsApp group promises guaranteed crypto returns and asks members to transfer money. Can this be verified?",SUSPICIOUS,INVESTMENT_SCAM,MEDIUM,"Potential fraud indicators present, but authenticity is not established",VERIFY_BEFORE_ACTION,HINGLISH,UNVERIFIED_COMMUNICATION,0.85,synthetic_augmented,0,0,0,0,1,0,MEDIUM
IND-01328,"Bhai, Your electricity connection will be disconnected tonight due to unpaid bill. Pay ₹1,850 at http://power-pay.example.",SCAM,ELECTRICITY_SCAM,HIGH,Disconnection threat plus payment/link,PAY_BILL,HINGLISH,Utilities,0.89,public_dataset_derived,1,0,0,0,1,0,HIGH
IND-00244,"Bhai, Prize department: pay the verification fee immediately to receive your lottery winnings.",SCAM,LOTTERY_SCAM,HIGH,Prize claim requires fee/payment,PAY_FEE,HINGLISH,Lottery,0.91,public_dataset_derived,0,0,0,0,1,0,HIGH
IND-01304,Urgent hai: Your verification OTP has been generated. Send the OTP here so we can stop the unauthorized transaction.,SCAM,OTP_THEFT,HIGH,Requests one-time password; suspicious verification,SHARE_OTP,HINGLISH,Banking,0.98,public_dataset_derived,0,0,1,0,0,0,HIGH
IND-03990,Kripya check karein: A message says my social media account will close and gives an unfamiliar login link. I haven't clicked it.,SUSPICIOUS,ACCOUNT_TAKEOVER,MEDIUM,"Potential fraud indicators present, but authenticity is not established",VERIFY_BEFORE_ACTION,HINDI_ROMAN,UNVERIFIED_COMMUNICATION,0.82,synthetic_augmented,0,0,0,0,0,0,MEDIUM
IND-00072,Urgent hai: Police notice: your SIM is involved in fraud. Do not tell anyone. Pay the settlement amount immediately.,SCAM,POLICE_IMPERSONATION,CRITICAL,Threat of arrest/case; demands money,PAY_OR_TRANSFER,HINGLISH,Law enforcement,0.99,public_dataset_derived,0,0,0,0,1,1,HIGH
IND-01709,Aapka parcel kal deliver hoga. Delivery partner ka official tracking page check kar sakte hain. Check the official portal for details.,LEGITIMATE,NONE,LOW,Normal transactional/personal communication; no malicious request,NONE,HINGLISH,Courier,0.93,public_dataset_derived,0,0,0,0,0,0,LOW
IND-00119,"Please dhyan do, Income Tax refund of ₹18,500 is pending. Confirm PAN, bank details and OTP at http://tax-refund.example.",SCAM,TAX_REFUND_SCAM,HIGH,Fake refund plus PAN/bank/OTP request,SHARE_DETAILS,HINGLISH,Tax,0.96,synthetic_augmented,1,0,1,0,1,1,HIGH
