message_id,message,verdict,scam_type,risk_level,evidence,requested_action,language,category,confidence,source,contains_url,contains_phone,asks_for_otp,asks_for_upi_pin,asks_for_money,impersonates_authority,urgency,processed_message
IND-04705,"Bahut important khabar: No income tax return is required for anyone earning below a certain salary, regardless of other income.",misinformation,NONE,MEDIUM,Unverified or misleading claim; forwarding pressure or implausible assertion,VERIFY_SOURCE,HINDI_ROMAN,MISINFORMATION,0.81,synthetic_augmented,0,0,0,0,0,1,MEDIUM,"bahut important khabar: no income tax return is required for anyone earning below a certain salary, regardless of other income."
IND-00526,"Madam, Flood relief collection: donate immediately through this unfamiliar payment link.",scam,CHARITY_SCAM,MEDIUM,Urgent donation request with unverifiable details,DONATE,HINGLISH,Charity,0.91,public_dataset_derived,0,0,0,0,1,0,HIGH,"madam, flood relief collection: donate immediately through this unfamiliar payment link."
IND-02974,Reminder: check your income-tax filing status through the official government tax portal. Check the official portal for details.,legit,NONE,LOW,Normal transactional/personal communication; no malicious request,NONE,ENGLISH,Tax,0.95,public_dataset_derived,0,0,0,0,0,1,LOW,reminder: check your income-tax filing status through the official government tax portal. check the official portal for details.
IND-03231,A WhatsApp group promises guaranteed crypto returns and asks members to transfer money. Can this be verified?,suspicious,INVESTMENT_SCAM,MEDIUM,"Potential fraud indicators present, but authenticity is not established",VERIFY_BEFORE_ACTION,ENGLISH,UNVERIFIED_COMMUNICATION,0.84,synthetic_augmented,0,0,0,0,1,0,MEDIUM,a whatsapp group promises guaranteed crypto returns and asks members to transfer money. can this be verified?
IND-03184,A caller claiming to be from my bank asked for an OTP to cancel a transaction. I did not share it.,suspicious,BANK_IMPERSONATION,MEDIUM,"Potential fraud indicators present, but authenticity is not established",VERIFY_BEFORE_ACTION,ENGLISH,UNVERIFIED_COMMUNICATION,0.87,synthetic_augmented,0,0,1,0,0,1,MEDIUM,a caller claiming to be from my bank asked for an otp to cancel a transaction. i did not share it.
IND-00266,Your FASTag will be blocked tonight. Recharge ₹500 immediately through this link.,scam,FASTAG_SCAM,HIGH,KYC/recharge/blacklist threat plus payment/link,PAY_OR_UPDATE,ENGLISH,Transport,0.97,synthetic_augmented,0,0,0,0,1,0,CRITICAL,your fastag will be blocked tonight. recharge ₹500 immediately through this link.
IND-02601,Bhai ghar pahunch gaya hoon. Dinner ke baad call karta hoon. Check the official portal for details.,legit,NONE,LOW,Normal transactional/personal communication; no malicious request,NONE,HINGLISH,Family,0.97,public_dataset_derived,0,0,0,0,0,0,LOW,bhai ghar pahunch gaya hoon. dinner ke baad call karta hoon. check the official portal for details.
IND-02032,"Aapke account se ₹900 debit hua hai. Agar aapne transaction nahi kiya to official bank app mein check karein. For security, never share OTP.",legit,NONE,LOW,Normal transactional/personal communication; no malicious request,NONE,HINGLISH,Banking,0.93,public_dataset_derived,0,0,1,0,1,1,LOW,"aapke account se ₹900 debit hua hai. agar aapne transaction nahi kiya to official bank app mein check karein. for security, never share otp ."
IND-01022,"Madam, CBI officer here. A money laundering case is registered against your Aadhaar. Transfer ₹20,000 for verification.",scam,POLICE_IMPERSONATION,CRITICAL,Threat of arrest/case; demands money,PAY_OR_TRANSFER,HINGLISH,Law enforcement,0.94,public_dataset_derived,0,0,0,0,1,1,HIGH,"madam, cbi officer here. a money laundering case is registered against your aadhaar. transfer ₹20,000 for verification."
IND-03311,Kripya check karein: I received a message saying I have an income-tax refund and it contains a link. I haven't checked the official portal.,suspicious,TAX_REFUND_SCAM,MEDIUM,"Potential fraud indicators present, but authenticity is not established",VERIFY_BEFORE_ACTION,HINDI_ROMAN,UNVERIFIED_COMMUNICATION,0.71,synthetic_augmented,0,0,0,0,0,0,MEDIUM,kripya check karein: i received a message saying i have an income-tax refund and it contains a link. i haven't checked the official portal.
IND-00034,"Turant check karein: Limited investment opportunity: zero risk and guaranteed profit. Send ₹5,000 today to activate your account.",scam,INVESTMENT_SCAM,HIGH,Guaranteed/high returns; asks for transfer,TRANSFER_MONEY,HINDI_ROMAN,Investment,0.89,public_dataset_derived,0,0,0,0,1,0,CRITICAL,"turant check karein: limited investment opportunity: zero risk and guaranteed profit. send ₹5,000 today to activate your account."
IND-00850,"Madam, You have been shortlisted for a government job. Pay ₹1,000 registration fee to receive your appointment letter.",scam,RECRUITMENT_SCAM,HIGH,Fake recruitment with registration fee,PAY_FEE,HINGLISH,Employment,0.89,synthetic_augmented,0,0,0,0,1,1,CRITICAL,"madam, you have been shortlisted for a government job. pay ₹1,000 registration fee to receive your appointment letter."
IND-02568,"Security reminder: bank staff will never ask for your OTP, UPI PIN, CVV or password. Check the official portal for details.",legit,NONE,LOW,Normal transactional/personal communication; no malicious request,NONE,ENGLISH,Banking,0.9,public_dataset_derived,0,0,1,1,0,1,LOW,"security reminder: bank staff will never ask for your otp , upi pin, cvv or password. check the official portal for details."
IND-00023,Your account needs urgent verification. Login at http://account-check.example before midnight.,scam,PHISHING,HIGH,Suspicious link requesting credentials/payment,CLICK_LINK,ENGLISH,Phishing,0.95,synthetic_augmented,1,0,0,0,0,0,CRITICAL,your account needs urgent verification. login at URLTOKEN before midnight.
IND-03221,Mujhe ek message mila hai: Someone claiming to be police contacted me on WhatsApp and demanded money. I am checking whether it is legitimate.,suspicious,POLICE_IMPERSONATION,MEDIUM,"Potential fraud indicators present, but authenticity is not established",VERIFY_BEFORE_ACTION,HINDI_ROMAN,UNVERIFIED_COMMUNICATION,0.74,synthetic_augmented,0,0,0,0,0,1,MEDIUM,mujhe ek message mila hai: someone claiming to be police contacted me on whatsapp and demanded money. i am checking whether it is legitimate.
IND-00072,Urgent hai: Police notice: your SIM is involved in fraud. Do not tell anyone. Pay the settlement amount immediately.,scam,POLICE_IMPERSONATION,CRITICAL,Threat of arrest/case; demands money,PAY_OR_TRANSFER,HINGLISH,Law enforcement,0.99,public_dataset_derived,0,0,0,0,1,1,HIGH,urgent hai: police notice: your sim is involved in fraud. do not tell anyone. pay the settlement amount immediately.
IND-00797,Your ₹5 lakh loan is approved. Send ₹999 insurance charges to release the amount today.,scam,LOAN_SCAM,HIGH,Loan promise with advance processing fee,PAY_FEE,ENGLISH,Loans,0.96,synthetic_augmented,0,0,0,0,1,0,HIGH,your ₹5 lakh loan is approved. send ₹999 insurance charges to release the amount today.
IND-01025,"Bhai, Refund pending. To receive ₹1,499, enter your UPI PIN on the link http://refund-check.example.",scam,UPI_FRAUD,HIGH,Requests UPI PIN/payment; urgency,PAY_OR_SHARE_UPI,HINGLISH,UPI,0.99,public_dataset_derived,1,0,0,1,1,0,CRITICAL,"bhai, refund pending. to receive ₹1,499, enter your upi pin on the link URLTOKEN"
IND-03830,A parcel-fee message came from an unknown number and asks for ₹499 through a link. Is it genuine?,suspicious,COURIER_FRAUD,MEDIUM,"Potential fraud indicators present, but authenticity is not established",VERIFY_BEFORE_ACTION,ENGLISH,UNVERIFIED_COMMUNICATION,0.87,synthetic_augmented,0,0,0,0,1,0,HIGH,a parcel-fee message came from an unknown number and asks for ₹499 through a link. is it genuine?
IND-03606,Kripya check karein: A WhatsApp group promises guaranteed crypto returns and asks members to transfer money. Can this be verified?,suspicious,INVESTMENT_SCAM,MEDIUM,"Potential fraud indicators present, but authenticity is not established",VERIFY_BEFORE_ACTION,HINDI_ROMAN,UNVERIFIED_COMMUNICATION,0.78,synthetic_augmented,0,0,0,0,1,0,HIGH,kripya check karein: a whatsapp group promises guaranteed crypto returns and asks members to transfer money. can this be verified?
IND-04746,The government has announced 5 lakh permanent jobs for anyone who forwards this message.,misinformation,NONE,MEDIUM,Unverified or misleading claim; forwarding pressure or implausible assertion,VERIFY_SOURCE,ENGLISH,MISINFORMATION,0.84,synthetic_augmented,0,0,0,0,0,1,HIGH,the government has announced 5 lakh permanent jobs for anyone who forwards this message.
IND-04573,Bahut important khabar: UPI PIN is required to receive money. Share your PIN with the sender.,misinformation,NONE,MEDIUM,Unverified or misleading claim; forwarding pressure or implausible assertion,VERIFY_SOURCE,HINDI_ROMAN,MISINFORMATION,0.88,synthetic_augmented,0,0,0,1,0,0,MEDIUM,bahut important khabar: upi pin is required to receive money. share your pin with the sender.
IND-02105,"Bhai tera parcel aa gaya hai, main reception pe rakh raha hoon. For security, never share OTP.",legit,NONE,LOW,Normal transactional/personal communication; no malicious request,NONE,HINGLISH,Delivery,0.92,public_dataset_derived,0,0,1,0,0,0,LOW,"bhai tera parcel aa gaya hai, main reception pe rakh raha hoon. for security, never share otp ."
IND-01717,"Your electricity bill of ₹1,850 is due on 25 August. Pay through the official electricity provider app or website. Check the official portal for details.",legit,NONE,LOW,Normal transactional/personal communication; no malicious request,NONE,ENGLISH,Utilities,0.91,public_dataset_derived,0,0,0,0,1,0,LOW,"your electricity bill of ₹1,850 is due on 25 august. pay through the official electricity provider app or website. check the official portal for details."
IND-00290,"Police video verification required. Stay on the call and transfer ₹25,000 to prove your account is clean.",scam,DIGITAL_ARREST,CRITICAL,Authority impersonation; intimidation; payment demand,PAY_OR_TRANSFER,ENGLISH,Law enforcement,0.9,public_dataset_derived,0,0,0,0,1,1,CRITICAL,"police video verification required. stay on the call and transfer ₹25,000 to prove your account is clean."
IND-02854,Your UPI refund of ₹499 has been processed. Check your bank statement or official app for confirmation.,legit,NONE,LOW,Normal transactional/personal communication; no malicious request,NONE,ENGLISH,UPI,0.95,public_dataset_derived,0,0,0,0,1,1,LOW,your upi refund of ₹499 has been processed. check your bank statement or official app for confirmation.
IND-02389,"Transaction alert: ₹2,450 was debited from your account. If you did not make this transaction, use the official bank app to report it. For security, never share OTP.",legit,NONE,LOW,Normal transactional/personal communication; no malicious request,NONE,ENGLISH,Banking,0.92,public_dataset_derived,0,0,1,0,1,1,LOW,"transaction alert: ₹2,450 was debited from your account. if you did not make this transaction, use the official bank app to report it. for security, never share otp ."
IND-04606,UPI PIN is required to receive money. Share your PIN with the sender.,misinformation,NONE,MEDIUM,Unverified or misleading claim; forwarding pressure or implausible assertion,VERIFY_SOURCE,ENGLISH,MISINFORMATION,0.83,synthetic_augmented,0,0,0,1,0,0,HIGH,upi pin is required to receive money. share your pin with the sender.
IND-02793,"Your electricity bill of ₹1,850 is due on 25 August. Pay through the official electricity provider app or website. For security, never share OTP.",legit,NONE,LOW,Normal transactional/personal communication; no malicious request,NONE,ENGLISH,Utilities,0.96,public_dataset_derived,0,0,1,0,1,0,LOW,"your electricity bill of ₹1,850 is due on 25 august. pay through the official electricity provider app or website. for security, never share otp ."
IND-01184,"Urgent hai: Supreme Court cyber team here. You are under digital arrest due to money laundering. Transfer ₹50,000 for verification.",scam,DIGITAL_ARREST,CRITICAL,Authority impersonation; intimidation; payment demand,PAY_OR_TRANSFER,HINGLISH,Law enforcement,0.88,synthetic_augmented,0,0,0,0,1,1,HIGH,"urgent hai: supreme court cyber team here. you are under digital arrest due to money laundering. transfer ₹50,000 for verification."
IND-02663,"Your OTP is 482913. Do not share this OTP with anyone. If you did not request it, contact your bank through the official app. For security, never share OTP.",legit,NONE,LOW,Normal transactional/personal communication; no malicious request,NONE,ENGLISH,Banking,0.91,public_dataset_derived,0,0,1,0,0,1,LOW,"your otp is 482913. do not share this otp with anyone. if you did not request it, contact your bank through the official app. for security, never share otp ."
IND-03393,I received a message saying I have an income-tax refund and it contains a link. I haven't checked the official portal.,suspicious,TAX_REFUND_SCAM,MEDIUM,"Potential fraud indicators present, but authenticity is not established",VERIFY_BEFORE_ACTION,ENGLISH,UNVERIFIED_COMMUNICATION,0.89,synthetic_augmented,0,0,0,0,0,0,MEDIUM,i received a message saying i have an income-tax refund and it contains a link. i haven't checked the official portal.
IND-01936,"Transaction alert: ₹2,450 was debited from your account. If you did not make this transaction, use the official bank app to report it. Please verify through the official app.",legit,NONE,LOW,Normal transactional/personal communication; no malicious request,NONE,ENGLISH,Banking,0.96,public_dataset_derived,0,0,0,0,1,1,LOW,"transaction alert: ₹2,450 was debited from your account. if you did not make this transaction, use the official bank app to report it. please verify through the official app."
IND-00604,Turant check karein: Your verification OTP has been generated. Send the OTP here so we can stop the unauthorized transaction.,scam,OTP_THEFT,HIGH,Requests one-time password; suspicious verification,SHARE_OTP,HINDI_ROMAN,Banking,0.91,public_dataset_derived,0,0,1,0,0,0,HIGH,turant check karein: your verification otp has been generated. send the otp here so we can stop the unauthorized transaction.
IND-04843,Important hai: The government has announced 5 lakh permanent jobs for anyone who forwards this message.,misinformation,NONE,MEDIUM,Unverified or misleading claim; forwarding pressure or implausible assertion,VERIFY_SOURCE,HINGLISH,MISINFORMATION,0.84,synthetic_augmented,0,0,0,0,0,1,MEDIUM,important hai: the government has announced 5 lakh permanent jobs for anyone who forwards this message.
IND-02292,"For Aadhaar services, use the official UIDAI website or authorised centre. Never share OTP with anyone. For security, never share OTP.",legit,NONE,LOW,Normal transactional/personal communication; no malicious request,NONE,ENGLISH,Aadhaar,0.94,public_dataset_derived,0,0,1,0,0,1,LOW,"for aadhaar services, use the official uidai website or authorised centre. never share otp with anyone. for security, never share otp ."
IND-04451,Drinking hot water with turmeric completely prevents viral infections. Share with everyone.,misinformation,NONE,MEDIUM,Unverified or misleading claim; forwarding pressure or implausible assertion,VERIFY_SOURCE,ENGLISH,MISINFORMATION,0.88,synthetic_augmented,0,0,0,0,0,0,MEDIUM,drinking hot water with turmeric completely prevents viral infections. share with everyone.
IND-01916,Your interview is scheduled for Monday at 11 AM. Please use the employer's official recruitment portal for details. Please verify through the official app.,legit,NONE,LOW,Normal transactional/personal communication; no malicious request,NONE,ENGLISH,Employment,0.95,public_dataset_derived,0,0,0,0,0,0,LOW,your interview is scheduled for monday at 11 am. please use the employer's official recruitment portal for details. please verify through the official app.
IND-00401,Turant check karein: Your parcel is held at customs. Pay ₹499 clearance charges immediately at http://parcel-fee.example.,scam,COURIER_FRAUD,HIGH,Unexpected parcel/customs fee; payment request or link,PAY_FEE,HINDI_ROMAN,Courier,0.95,synthetic_augmented,1,0,0,0,1,1,HIGH,turant check karein: your parcel is held at customs. pay ₹499 clearance charges immediately at URLTOKEN
IND-01293,"Please dhyan do, Supreme Court cyber team here. You are under digital arrest due to money laundering. Transfer ₹50,000 for verification.",scam,DIGITAL_ARREST,CRITICAL,Authority impersonation; intimidation; payment demand,PAY_OR_TRANSFER,HINGLISH,Law enforcement,0.9,synthetic_augmented,0,0,0,0,1,1,HIGH,"please dhyan do, supreme court cyber team here. you are under digital arrest due to money laundering. transfer ₹50,000 for verification."
IND-04392,IRCTC is giving free train tickets to anyone who registers through this forwarded WhatsApp form.,misinformation,NONE,MEDIUM,Unverified or misleading claim; forwarding pressure or implausible assertion,VERIFY_SOURCE,ENGLISH,MISINFORMATION,0.9,synthetic_augmented,0,0,0,0,0,1,MEDIUM,irctc is giving free train tickets to anyone who registers through this forwarded whatsapp form.
IND-01506,Your interview is scheduled for Monday at 11 AM. Please use the employer's official recruitment portal for details. Check the official portal for details.,legit,NONE,LOW,Normal transactional/personal communication; no malicious request,NONE,ENGLISH,Employment,0.96,public_dataset_derived,0,0,0,0,0,0,LOW,your interview is scheduled for monday at 11 am. please use the employer's official recruitment portal for details. check the official portal for details.
IND-04401,Sabko forward karein: From tomorrow all UPI transactions will have a mandatory 50% government tax. Forward this urgently.,misinformation,NONE,MEDIUM,Unverified or misleading claim; forwarding pressure or implausible assertion,VERIFY_SOURCE,HINDI_ROMAN,MISINFORMATION,0.94,synthetic_augmented,0,0,0,0,0,1,HIGH,sabko forward karein: from tomorrow all upi transactions will have a mandatory 50% government tax. forward this urgently.
IND-01175,"Turant check karein: CBI officer here. A money laundering case is registered against your Aadhaar. Transfer ₹20,000 for verification.",scam,POLICE_IMPERSONATION,CRITICAL,Threat of arrest/case; demands money,PAY_OR_TRANSFER,HINDI_ROMAN,Law enforcement,0.91,public_dataset_derived,0,0,0,0,1,1,HIGH,"turant check karein: cbi officer here. a money laundering case is registered against your aadhaar. transfer ₹20,000 for verification."
IND-01354,"Sir, Scholarship registration closes today. Pay ₹199 processing charges immediately.",scam,SCHOLARSHIP_SCAM,HIGH,Scholarship claim requires fee/bank details,PAY_FEE,HINGLISH,Education,0.94,public_dataset_derived,0,0,0,0,1,0,CRITICAL,"sir, scholarship registration closes today. pay ₹199 processing charges immediately."
IND-03632,"Guys, Someone claiming to be police contacted me on WhatsApp and demanded money. I am checking whether it is legitimate.",suspicious,POLICE_IMPERSONATION,MEDIUM,"Potential fraud indicators present, but authenticity is not established",VERIFY_BEFORE_ACTION,HINGLISH,UNVERIFIED_COMMUNICATION,0.85,synthetic_augmented,0,0,0,0,0,1,HIGH,"guys, someone claiming to be police contacted me on whatsapp and demanded money. i am checking whether it is legitimate."
IND-02482,Guys kal project review 4 baje lab mein hai. Please bring your laptop. Check the official portal for details.,legit,NONE,LOW,Normal transactional/personal communication; no malicious request,NONE,HINGLISH,College,0.94,public_dataset_derived,0,0,0,0,0,0,LOW,guys kal project review 4 baje lab mein hai. please bring your laptop. check the official portal for details.
IND-01430,Your tax refund cannot be processed. Share your bank account and OTP immediately for verification.,scam,TAX_REFUND_SCAM,HIGH,Fake refund plus PAN/bank/OTP request,SHARE_DETAILS,ENGLISH,Tax,0.89,public_dataset_derived,0,0,1,0,0,1,CRITICAL,your tax refund cannot be processed. share your bank account and otp immediately for verification.
IND-03913,Mujhe ek message mila hai: This message says I won a shopping voucher but asks me to pay a small fee first. Has anyone verified it?,suspicious,LOTTERY_SCAM,MEDIUM,"Potential fraud indicators present, but authenticity is not established",VERIFY_BEFORE_ACTION,HINDI_ROMAN,UNVERIFIED_COMMUNICATION,0.9,synthetic_augmented,0,0,0,0,1,0,MEDIUM,mujhe ek message mila hai: this message says i won a shopping voucher but asks me to pay a small fee first. has anyone verified it?
IND-02077,Your parcel has been shipped and is expected to arrive tomorrow. Track it using the courier company's official application. Check the official portal for details.,legit,NONE,LOW,Normal transactional/personal communication; no malicious request,NONE,ENGLISH,Courier,0.91,public_dataset_derived,0,0,0,0,0,0,LOW,your parcel has been shipped and is expected to arrive tomorrow. track it using the courier company's official application. check the official portal for details.
IND-01837,"For Aadhaar services, use the official UIDAI website or authorised centre. Never share OTP with anyone.",legit,NONE,LOW,Normal transactional/personal communication; no malicious request,NONE,ENGLISH,Aadhaar,0.93,public_dataset_derived,0,0,1,0,0,1,LOW,"for aadhaar services, use the official uidai website or authorised centre. never share otp with anyone."
IND-02892,Your UPI refund of ₹499 has been processed. Check your bank statement or official app for confirmation. Check the official portal for details.,legit,NONE,LOW,Normal transactional/personal communication; no malicious request,NONE,ENGLISH,UPI,0.91,public_dataset_derived,0,0,0,0,1,1,LOW,your upi refund of ₹499 has been processed. check your bank statement or official app for confirmation. check the official portal for details.
IND-02297,"Bhai ghar pahunch gaya hoon. Dinner ke baad call karta hoon. For security, never share OTP.",legit,NONE,LOW,Normal transactional/personal communication; no malicious request,NONE,HINGLISH,Family,0.94,public_dataset_derived,0,0,1,0,0,0,LOW,"bhai ghar pahunch gaya hoon. dinner ke baad call karta hoon. for security, never share otp ."
IND-01954,Your UPI refund of ₹499 has been processed. Check your bank statement or official app for confirmation. Please verify through the official app.,legit,NONE,LOW,Normal transactional/personal communication; no malicious request,NONE,ENGLISH,UPI,0.95,public_dataset_derived,0,0,0,0,1,1,LOW,your upi refund of ₹499 has been processed. check your bank statement or official app for confirmation. please verify through the official app.
IND-03990,Kripya check karein: A message says my social media account will close and gives an unfamiliar login link. I haven't clicked it.,suspicious,ACCOUNT_TAKEOVER,MEDIUM,"Potential fraud indicators present, but authenticity is not established",VERIFY_BEFORE_ACTION,HINDI_ROMAN,UNVERIFIED_COMMUNICATION,0.82,synthetic_augmented,0,0,0,0,0,0,MEDIUM,kripya check karein: a message says my social media account will close and gives an unfamiliar login link. i haven't clicked it.
IND-00347,Turant check karein: Your Aadhaar is linked to a criminal investigation. Do not disconnect. Pay the security deposit immediately.,scam,DIGITAL_ARREST,CRITICAL,Authority impersonation; intimidation; payment demand,PAY_OR_TRANSFER,HINDI_ROMAN,Law enforcement,0.89,synthetic_augmented,0,0,0,0,1,1,HIGH,turant check karein: your aadhaar is linked to a criminal investigation. do not disconnect. pay the security deposit immediately.
IND-00752,"Bhai, Your verification OTP has been generated. Send the OTP here so we can stop the unauthorized transaction.",scam,OTP_THEFT,HIGH,Requests one-time password; suspicious verification,SHARE_OTP,HINGLISH,Banking,0.94,synthetic_augmented,0,0,1,0,0,0,HIGH,"bhai, your verification otp has been generated. send the otp here so we can stop the unauthorized transaction."
IND-00304,"Bhai, Your FASTag will be blocked tonight. Recharge ₹500 immediately through this link.",scam,FASTAG_SCAM,HIGH,KYC/recharge/blacklist threat plus payment/link,PAY_OR_UPDATE,HINGLISH,Transport,0.96,synthetic_augmented,0,0,0,0,1,0,HIGH,"bhai, your fastag will be blocked tonight. recharge ₹500 immediately through this link."
IND-00241,Bahut zaroori hai: Loan verification requires an advance payment of ₹799 and PAN/Aadhaar on WhatsApp.,scam,LOAN_SCAM,HIGH,Loan promise with advance processing fee,PAY_FEE,HINDI_ROMAN,Loans,0.97,public_dataset_derived,0,0,0,0,1,1,CRITICAL,bahut zaroori hai: loan verification requires an advance payment of ₹799 and pan/aadhaar on whatsapp.
IND-04139,"No income tax return is required for anyone earning below a certain salary, regardless of other income.",misinformation,NONE,MEDIUM,Unverified or misleading claim; forwarding pressure or implausible assertion,VERIFY_SOURCE,ENGLISH,MISINFORMATION,0.77,synthetic_augmented,0,0,0,0,0,1,HIGH,"no income tax return is required for anyone earning below a certain salary, regardless of other income."
IND-04157,Bhai sabko bhejo: IRCTC is giving free train tickets to anyone who registers through this forwarded WhatsApp form.,misinformation,NONE,MEDIUM,Unverified or misleading claim; forwarding pressure or implausible assertion,VERIFY_SOURCE,HINGLISH,MISINFORMATION,0.81,synthetic_augmented,0,0,0,0,0,1,MEDIUM,bhai sabko bhejo: irctc is giving free train tickets to anyone who registers through this forwarded whatsapp form.
IND-02835,"Your UPI refund of ₹499 has been processed. Check your bank statement or official app for confirmation. For security, never share OTP.",legit,NONE,LOW,Normal transactional/personal communication; no malicious request,NONE,ENGLISH,UPI,0.94,public_dataset_derived,0,0,1,0,1,1,LOW,"your upi refund of ₹499 has been processed. check your bank statement or official app for confirmation. for security, never share otp ."
IND-01449,"Bhai, Your ₹5 lakh loan is approved. Send ₹999 insurance charges to release the amount today.",scam,LOAN_SCAM,HIGH,Loan promise with advance processing fee,PAY_FEE,HINGLISH,Loans,0.97,public_dataset_derived,0,0,0,0,1,0,CRITICAL,"bhai, your ₹5 lakh loan is approved. send ₹999 insurance charges to release the amount today."
IND-00530,"Bahut zaroori hai: Student scholarship selected. Send Aadhaar and bank details on WhatsApp to release ₹10,000.",scam,SCHOLARSHIP_SCAM,HIGH,Scholarship claim requires fee/bank details,PAY_FEE,HINDI_ROMAN,Education,0.92,public_dataset_derived,0,0,0,0,1,1,HIGH,"bahut zaroori hai: student scholarship selected. send aadhaar and bank details on whatsapp to release ₹10,000."
IND-03511,Kripya check karein: A parcel-fee message came from an unknown number and asks for ₹499 through a link. Is it genuine?,suspicious,COURIER_FRAUD,MEDIUM,"Potential fraud indicators present, but authenticity is not established",VERIFY_BEFORE_ACTION,HINDI_ROMAN,UNVERIFIED_COMMUNICATION,0.8,synthetic_augmented,0,0,0,0,1,0,MEDIUM,kripya check karein: a parcel-fee message came from an unknown number and asks for ₹499 through a link. is it genuine?
IND-00888,"Your electricity connection will be disconnected tonight due to unpaid bill. Pay ₹1,850 at http://power-pay.example.",scam,ELECTRICITY_SCAM,HIGH,Disconnection threat plus payment/link,PAY_BILL,ENGLISH,Utilities,0.91,synthetic_augmented,1,0,0,0,1,0,HIGH,"your electricity connection will be disconnected tonight due to unpaid bill. pay ₹1,850 at URLTOKEN"
IND-01805,"Aapka OTP 456789 hai. Kisi ke saath share mat karna. For security, never share OTP.",legit,NONE,LOW,Normal transactional/personal communication; no malicious request,NONE,HINGLISH,Banking,0.94,public_dataset_derived,0,0,1,0,0,0,LOW,"aapka otp 456789 hai. kisi ke saath share mat karna. for security, never share otp ."
IND-00221,"Turant check karein: Income Tax refund of ₹18,500 is pending. Confirm PAN, bank details and OTP at http://tax-refund.example.",scam,TAX_REFUND_SCAM,HIGH,Fake refund plus PAN/bank/OTP request,SHARE_DETAILS,HINDI_ROMAN,Tax,0.95,public_dataset_derived,1,0,1,0,1,1,HIGH,"turant check karein: income tax refund of ₹18,500 is pending. confirm pan, bank details and otp at URLTOKEN"
IND-02767,"Mummy, train mein baith gaya hoon. Safely pahunch jaunga.",legit,NONE,LOW,Normal transactional/personal communication; no malicious request,NONE,HINGLISH,Family,0.92,public_dataset_derived,0,0,0,0,0,1,LOW,"mummy, train mein baith gaya hoon. safely pahunch jaunga."
IND-00673,"Please dhyan do, Refund pending. To receive ₹1,499, enter your UPI PIN on the link http://refund-check.example.",scam,UPI_FRAUD,HIGH,Requests UPI PIN/payment; urgency,PAY_OR_SHARE_UPI,HINGLISH,UPI,0.97,synthetic_augmented,1,0,0,1,1,0,CRITICAL,"please dhyan do, refund pending. to receive ₹1,499, enter your upi pin on the link URLTOKEN"
IND-00427,Kripya dhyan dein: Your meter has been flagged. Pay the pending amount now or your connection will be terminated today.,scam,ELECTRICITY_SCAM,HIGH,Disconnection threat plus payment/link,PAY_BILL,HINDI_ROMAN,Utilities,0.9,synthetic_augmented,0,0,0,0,1,0,HIGH,kripya dhyan dein: your meter has been flagged. pay the pending amount now or your connection will be terminated today.
IND-04602,From tomorrow all UPI transactions will have a mandatory 50% government tax. Forward this urgently.,misinformation,NONE,MEDIUM,Unverified or misleading claim; forwarding pressure or implausible assertion,VERIFY_SOURCE,ENGLISH,MISINFORMATION,0.88,synthetic_augmented,0,0,0,0,0,1,HIGH,from tomorrow all upi transactions will have a mandatory 50% government tax. forward this urgently.
IND-01966,"Bhai tera parcel aa gaya hai, main reception pe rakh raha hoon. Please verify through the official app.",legit,NONE,LOW,Normal transactional/personal communication; no malicious request,NONE,HINGLISH,Delivery,0.95,public_dataset_derived,0,0,0,0,0,0,LOW,"bhai tera parcel aa gaya hai, main reception pe rakh raha hoon. please verify through the official app."
IND-03276,Kripya check karein: Someone offered me a work-from-home job but wants a ₹500 joining fee first. I am unsure if it is genuine.,suspicious,JOB_SCAM,MEDIUM,"Potential fraud indicators present, but authenticity is not established",VERIFY_BEFORE_ACTION,HINDI_ROMAN,UNVERIFIED_COMMUNICATION,0.85,synthetic_augmented,0,0,0,0,1,0,HIGH,kripya check karein: someone offered me a work-from-home job but wants a ₹500 joining fee first. i am unsure if it is genuine.
IND-04191,Bhai sabko bhejo: Drinking hot water with turmeric completely prevents viral infections. Share with everyone.,misinformation,NONE,MEDIUM,Unverified or misleading claim; forwarding pressure or implausible assertion,VERIFY_SOURCE,HINGLISH,MISINFORMATION,0.93,synthetic_augmented,0,0,0,0,0,0,HIGH,bhai sabko bhejo: drinking hot water with turmeric completely prevents viral infections. share with everyone.
IND-01046,"Bhai, Scholarship registration closes today. Pay ₹199 processing charges immediately.",scam,SCHOLARSHIP_SCAM,HIGH,Scholarship claim requires fee/bank details,PAY_FEE,HINGLISH,Education,0.94,public_dataset_derived,0,0,0,0,1,0,HIGH,"bhai, scholarship registration closes today. pay ₹199 processing charges immediately."
IND-01217,"Income Tax refund of ₹18,500 is pending. Confirm PAN, bank details and OTP at http://tax-refund.example.",scam,TAX_REFUND_SCAM,HIGH,Fake refund plus PAN/bank/OTP request,SHARE_DETAILS,ENGLISH,Tax,0.98,synthetic_augmented,1,0,1,0,1,1,HIGH,"income tax refund of ₹18,500 is pending. confirm pan, bank details and otp at URLTOKEN"
IND-00293,"Please dhyan do, This is the bank security department. Your account has suspicious activity. Confirm OTP and card details now.",scam,BANK_IMPERSONATION,HIGH,Claims to be bank/security team; asks for sensitive information,VERIFY_BANK,HINGLISH,Banking,0.95,public_dataset_derived,0,0,1,0,0,1,HIGH,"please dhyan do, this is the bank security department. your account has suspicious activity. confirm otp and card details now."
IND-03897,Mujhe ye message aaya: A forwarded donation request asks for money but gives no verifiable organisation details.,suspicious,CHARITY_SCAM,MEDIUM,"Potential fraud indicators present, but authenticity is not established",VERIFY_BEFORE_ACTION,HINGLISH,UNVERIFIED_COMMUNICATION,0.71,synthetic_augmented,0,0,0,0,0,0,MEDIUM,mujhe ye message aaya: a forwarded donation request asks for money but gives no verifiable organisation details.
IND-03658,Someone offered me a work-from-home job but wants a ₹500 joining fee first. I am unsure if it is genuine.,suspicious,JOB_SCAM,MEDIUM,"Potential fraud indicators present, but authenticity is not established",VERIFY_BEFORE_ACTION,ENGLISH,UNVERIFIED_COMMUNICATION,0.85,synthetic_augmented,0,0,0,0,1,0,HIGH,someone offered me a work-from-home job but wants a ₹500 joining fee first. i am unsure if it is genuine.
IND-02658,Your train ticket booking is confirmed. PNR 4512789630. Check journey details through the official railway service. Check the official portal for details.,legit,NONE,LOW,Normal transactional/personal communication; no malicious request,NONE,ENGLISH,Railway,0.94,public_dataset_derived,0,0,0,0,0,1,LOW,your train ticket booking is confirmed. pnr 4512789630. check journey details through the official railway service. check the official portal for details.
IND-04436,Sabko forward karein: All college exams are permanently cancelled this semester. Forward to every student.,misinformation,NONE,MEDIUM,Unverified or misleading claim; forwarding pressure or implausible assertion,VERIFY_SOURCE,HINDI_ROMAN,MISINFORMATION,0.88,synthetic_augmented,0,0,0,0,0,0,MEDIUM,sabko forward karein: all college exams are permanently cancelled this semester. forward to every student.
IND-02574,"Maine ₹500 UPI se bhej diye hain, transaction ID bhi aa gayi hai.",legit,NONE,LOW,Normal transactional/personal communication; no malicious request,NONE,HINGLISH,UPI,0.98,public_dataset_derived,0,0,0,0,1,0,LOW,"maine ₹500 upi se bhej diye hain, transaction id bhi aa gayi hai."
IND-03808,Kripya check karein: Someone says my KYC will expire today and wants my documents on WhatsApp. I have not verified the sender.,suspicious,KYC_FRAUD,MEDIUM,"Potential fraud indicators present, but authenticity is not established",VERIFY_BEFORE_ACTION,HINDI_ROMAN,UNVERIFIED_COMMUNICATION,0.8,synthetic_augmented,0,0,0,0,0,1,MEDIUM,kripya check karein: someone says my kyc will expire today and wants my documents on whatsapp. i have not verified the sender.
IND-00740,"Urgent hai: Courier department: parcel contains restricted material. Pay ₹2,000 immediately or legal action will start.",scam,COURIER_FRAUD,HIGH,Unexpected parcel/customs fee; payment request or link,PAY_FEE,HINGLISH,Courier,0.9,public_dataset_derived,0,0,0,0,1,0,HIGH,"urgent hai: courier department: parcel contains restricted material. pay ₹2,000 immediately or legal action will start."
IND-01907,UPI payment of ₹850 to XYZ Store was successful. Transaction reference TXN872319.,legit,NONE,LOW,Normal transactional/personal communication; no malicious request,NONE,ENGLISH,UPI,0.94,public_dataset_derived,0,0,0,0,1,0,LOW,upi payment of ₹850 to xyz store was successful. transaction reference txn872319.
IND-04650,"Bahut important khabar: Government is giving ₹10,000 to every citizen who forwards this message to 10 groups.",misinformation,NONE,MEDIUM,Unverified or misleading claim; forwarding pressure or implausible assertion,VERIFY_SOURCE,HINDI_ROMAN,MISINFORMATION,0.93,synthetic_augmented,0,0,0,0,1,1,MEDIUM,"bahut important khabar: government is giving ₹10,000 to every citizen who forwards this message to 10 groups."
IND-00942,"Urgent help needed for a child. Please send ₹1,000 to this personal UPI ID immediately. No time for verification.",scam,CHARITY_SCAM,MEDIUM,Urgent donation request with unverifiable details,DONATE,ENGLISH,Charity,0.9,public_dataset_derived,0,0,0,0,1,0,HIGH,"urgent help needed for a child. please send ₹1,000 to this personal upi id immediately. no time for verification."
IND-01611,UPI payment of ₹850 to XYZ Store was successful. Transaction reference TXN872319. Check the official portal for details.,legit,NONE,LOW,Normal transactional/personal communication; no malicious request,NONE,ENGLISH,UPI,0.93,public_dataset_derived,0,0,0,0,1,0,LOW,upi payment of ₹850 to xyz store was successful. transaction reference txn872319. check the official portal for details.
IND-00860,Turant check karein: Your UPI account will be suspended today. Send your UPI PIN to the verification agent to reactivate it.,scam,UPI_FRAUD,HIGH,Requests UPI PIN/payment; urgency,PAY_OR_SHARE_UPI,HINDI_ROMAN,UPI,0.99,public_dataset_derived,0,0,0,1,0,0,HIGH,turant check karein: your upi account will be suspended today. send your upi pin to the verification agent to reactivate it.
IND-03995,Kripya check karein: Someone claiming to be police contacted me on WhatsApp and demanded money. I am checking whether it is legitimate.,suspicious,POLICE_IMPERSONATION,MEDIUM,"Potential fraud indicators present, but authenticity is not established",VERIFY_BEFORE_ACTION,HINDI_ROMAN,UNVERIFIED_COMMUNICATION,0.87,synthetic_augmented,0,0,0,0,0,1,HIGH,kripya check karein: someone claiming to be police contacted me on whatsapp and demanded money. i am checking whether it is legitimate.
IND-00750,Please transfer ₹499 to this personal UPI ID to unlock your cashback immediately.,scam,UPI_FRAUD,HIGH,Requests UPI PIN/payment; urgency,PAY_OR_SHARE_UPI,ENGLISH,UPI,0.95,synthetic_augmented,0,0,0,0,1,0,HIGH,please transfer ₹499 to this personal upi id to unlock your cashback immediately.
IND-03781,"Guys, I received a message saying I have an income-tax refund and it contains a link. I haven't checked the official portal.",suspicious,TAX_REFUND_SCAM,MEDIUM,"Potential fraud indicators present, but authenticity is not established",VERIFY_BEFORE_ACTION,HINGLISH,UNVERIFIED_COMMUNICATION,0.85,synthetic_augmented,0,0,0,0,0,0,MEDIUM,"guys, i received a message saying i have an income-tax refund and it contains a link. i haven't checked the official portal."
IND-03705,Someone claiming to be police contacted me on WhatsApp and demanded money. I am checking whether it is legitimate.,suspicious,POLICE_IMPERSONATION,MEDIUM,"Potential fraud indicators present, but authenticity is not established",VERIFY_BEFORE_ACTION,ENGLISH,UNVERIFIED_COMMUNICATION,0.89,synthetic_augmented,0,0,0,0,0,1,MEDIUM,someone claiming to be police contacted me on whatsapp and demanded money. i am checking whether it is legitimate.
IND-02468,Bhai ghar pahunch gaya hoon. Dinner ke baad call karta hoon.,legit,NONE,LOW,Normal transactional/personal communication; no malicious request,NONE,HINGLISH,Family,0.93,public_dataset_derived,0,0,0,0,0,0,LOW,bhai ghar pahunch gaya hoon. dinner ke baad call karta hoon.
IND-00061,"Madam, Student scholarship selected. Send Aadhaar and bank details on WhatsApp to release ₹10,000.",scam,SCHOLARSHIP_SCAM,HIGH,Scholarship claim requires fee/bank details,PAY_FEE,HINGLISH,Education,0.89,synthetic_augmented,0,0,0,0,1,1,HIGH,"madam, student scholarship selected. send aadhaar and bank details on whatsapp to release ₹10,000."
IND-01726,"Your parcel has been shipped and is expected to arrive tomorrow. Track it using the courier company's official application. For security, never share OTP.",legit,NONE,LOW,Normal transactional/personal communication; no malicious request,NONE,ENGLISH,Courier,0.93,public_dataset_derived,0,0,1,0,0,0,LOW,"your parcel has been shipped and is expected to arrive tomorrow. track it using the courier company's official application. for security, never share otp ."
IND-04043,"Sabko forward karein: Government is giving ₹10,000 to every citizen who forwards this message to 10 groups.",misinformation,NONE,MEDIUM,Unverified or misleading claim; forwarding pressure or implausible assertion,VERIFY_SOURCE,HINDI_ROMAN,MISINFORMATION,0.86,synthetic_augmented,0,0,0,0,1,1,MEDIUM,"sabko forward karein: government is giving ₹10,000 to every citizen who forwards this message to 10 groups."
IND-00944,"Limited investment opportunity: zero risk and guaranteed profit. Send ₹5,000 today to activate your account.",scam,INVESTMENT_SCAM,HIGH,Guaranteed/high returns; asks for transfer,TRANSFER_MONEY,ENGLISH,Investment,0.97,public_dataset_derived,0,0,0,0,1,0,CRITICAL,"limited investment opportunity: zero risk and guaranteed profit. send ₹5,000 today to activate your account."
IND-02039,"Maine ₹500 UPI se bhej diye hain, transaction ID bhi aa gayi hai. For security, never share OTP.",legit,NONE,LOW,Normal transactional/personal communication; no malicious request,NONE,HINGLISH,UPI,0.91,public_dataset_derived,0,0,1,0,1,0,LOW,"maine ₹500 upi se bhej diye hain, transaction id bhi aa gayi hai. for security, never share otp ."
IND-00191,Your bank account has been flagged. Call +91 9876543210 and provide the OTP to cancel the transaction.,scam,BANK_IMPERSONATION,HIGH,Claims to be bank/security team; asks for sensitive information,VERIFY_BANK,ENGLISH,Banking,0.98,synthetic_augmented,0,1,1,0,0,1,HIGH,your bank account has been flagged. call +91 PHONETOKEN and provide the otp to cancel the transaction.
IND-00244,"Bhai, Prize department: pay the verification fee immediately to receive your lottery winnings.",scam,LOTTERY_SCAM,HIGH,Prize claim requires fee/payment,PAY_FEE,HINGLISH,Lottery,0.91,public_dataset_derived,0,0,0,0,1,0,HIGH,"bhai, prize department: pay the verification fee immediately to receive your lottery winnings."
IND-00739,"Urgent hai: Crypto investment group: deposit ₹2,500 now and receive guaranteed returns within 48 hours.",scam,INVESTMENT_SCAM,HIGH,Guaranteed/high returns; asks for transfer,TRANSFER_MONEY,HINGLISH,Investment,0.91,public_dataset_derived,0,0,0,0,1,0,HIGH,"urgent hai: crypto investment group: deposit ₹2,500 now and receive guaranteed returns within 48 hours."
IND-01663,"Mummy, train mein baith gaya hoon. Safely pahunch jaunga. For security, never share OTP.",legit,NONE,LOW,Normal transactional/personal communication; no malicious request,NONE,HINGLISH,Family,0.91,public_dataset_derived,0,0,1,0,0,1,LOW,"mummy, train mein baith gaya hoon. safely pahunch jaunga. for security, never share otp ."
IND-02622,Aapka parcel kal deliver hoga. Delivery partner ka official tracking page check kar sakte hain.,legit,NONE,LOW,Normal transactional/personal communication; no malicious request,NONE,HINGLISH,Courier,0.94,public_dataset_derived,0,0,0,0,0,0,LOW,aapka parcel kal deliver hoga. delivery partner ka official tracking page check kar sakte hain.
IND-04213,Bahut important khabar: The government has announced 5 lakh permanent jobs for anyone who forwards this message.,misinformation,NONE,MEDIUM,Unverified or misleading claim; forwarding pressure or implausible assertion,VERIFY_SOURCE,HINDI_ROMAN,MISINFORMATION,0.91,synthetic_augmented,0,0,0,0,0,1,HIGH,bahut important khabar: the government has announced 5 lakh permanent jobs for anyone who forwards this message.
IND-00602,"Sir, You have won ₹25,00,000 in the lucky draw. Pay ₹2,999 tax charges to release your prize.",scam,LOTTERY_SCAM,HIGH,Prize claim requires fee/payment,PAY_FEE,HINGLISH,Lottery,0.91,synthetic_augmented,0,0,0,0,1,0,CRITICAL,"sir, you have won ₹25,00,000 in the lucky draw. pay ₹2,999 tax charges to release your prize."
IND-01051,"Madam, Emergency donation appeal: transfer ₹500 now to help a hospital patient. Please forward to 10 groups.",scam,CHARITY_SCAM,MEDIUM,Urgent donation request with unverifiable details,DONATE,HINGLISH,Charity,0.92,synthetic_augmented,0,0,0,0,1,0,HIGH,"madam, emergency donation appeal: transfer ₹500 now to help a hospital patient. please forward to 10 groups."
IND-04999,"Important hai: Government is giving ₹10,000 to every citizen who forwards this message to 10 groups.",misinformation,NONE,MEDIUM,Unverified or misleading claim; forwarding pressure or implausible assertion,VERIFY_SOURCE,HINGLISH,MISINFORMATION,0.79,synthetic_augmented,0,0,0,0,1,1,MEDIUM,"important hai: government is giving ₹10,000 to every citizen who forwards this message to 10 groups."
IND-04464,Important hai: Drinking hot water with turmeric completely prevents viral infections. Share with everyone.,misinformation,NONE,MEDIUM,Unverified or misleading claim; forwarding pressure or implausible assertion,VERIFY_SOURCE,HINGLISH,MISINFORMATION,0.92,synthetic_augmented,0,0,0,0,0,0,MEDIUM,important hai: drinking hot water with turmeric completely prevents viral infections. share with everyone.
IND-00228,"Bhai, Dear customer, your KYC has failed. Update it immediately through http://verify-kyc.example or your account will be suspended.",scam,KYC_FRAUD,HIGH,OTP request; KYC/account threat; urgency,SHARE_OTP,HINGLISH,KYC / Banking,0.93,synthetic_augmented,1,0,0,0,0,1,CRITICAL,"bhai, dear customer, your kyc has failed. update it immediately through URLTOKEN or your account will be suspended."
IND-04977,Bahut important khabar: ₹500 notes will stop being legal tender tonight. Exchange them immediately.,misinformation,NONE,MEDIUM,Unverified or misleading claim; forwarding pressure or implausible assertion,VERIFY_SOURCE,HINDI_ROMAN,MISINFORMATION,0.88,synthetic_augmented,0,0,0,0,1,0,HIGH,bahut important khabar: ₹500 notes will stop being legal tender tonight. exchange them immediately.
IND-04955,Sabko forward karein: Drinking hot water with turmeric completely prevents viral infections. Share with everyone.,misinformation,NONE,MEDIUM,Unverified or misleading claim; forwarding pressure or implausible assertion,VERIFY_SOURCE,HINDI_ROMAN,MISINFORMATION,0.83,synthetic_augmented,0,0,0,0,0,0,HIGH,sabko forward karein: drinking hot water with turmeric completely prevents viral infections. share with everyone.
IND-03113,"Guys, Someone offered me a work-from-home job but wants a ₹500 joining fee first. I am unsure if it is genuine.",suspicious,JOB_SCAM,MEDIUM,"Potential fraud indicators present, but authenticity is not established",VERIFY_BEFORE_ACTION,HINGLISH,UNVERIFIED_COMMUNICATION,0.78,synthetic_augmented,0,0,0,0,1,0,HIGH,"guys, someone offered me a work-from-home job but wants a ₹500 joining fee first. i am unsure if it is genuine."
IND-04652,Important hai: IRCTC is giving free train tickets to anyone who registers through this forwarded WhatsApp form.,misinformation,NONE,MEDIUM,Unverified or misleading claim; forwarding pressure or implausible assertion,VERIFY_SOURCE,HINGLISH,MISINFORMATION,0.8,synthetic_augmented,0,0,0,0,0,1,HIGH,important hai: irctc is giving free train tickets to anyone who registers through this forwarded whatsapp form.
IND-00494,"Your refund is ready. Enter card number, CVV and OTP at http://refund-portal.example.",scam,PHISHING,HIGH,Suspicious link requesting credentials/payment,CLICK_LINK,ENGLISH,Phishing,0.94,synthetic_augmented,1,0,1,0,0,0,HIGH,"your refund is ready. enter card number, cvv and otp at URLTOKEN"
IND-00013,Bahut zaroori hai: Railway recruitment selected you for the next round. Pay ₹499 document verification fee today.,scam,RECRUITMENT_SCAM,HIGH,Fake recruitment with registration fee,PAY_FEE,HINDI_ROMAN,Employment,0.94,synthetic_augmented,0,0,0,0,1,0,CRITICAL,bahut zaroori hai: railway recruitment selected you for the next round. pay ₹499 document verification fee today.
IND-00632,"Kripya dhyan dein: Supreme Court cyber team here. You are under digital arrest due to money laundering. Transfer ₹50,000 for verification.",scam,DIGITAL_ARREST,CRITICAL,Authority impersonation; intimidation; payment demand,PAY_OR_TRANSFER,HINDI_ROMAN,Law enforcement,0.9,public_dataset_derived,0,0,0,0,1,1,CRITICAL,"kripya dhyan dein: supreme court cyber team here. you are under digital arrest due to money laundering. transfer ₹50,000 for verification."
IND-03419,Mujhe ek message mila hai: A caller claiming to be from my bank asked for an OTP to cancel a transaction. I did not share it.,suspicious,BANK_IMPERSONATION,MEDIUM,"Potential fraud indicators present, but authenticity is not established",VERIFY_BEFORE_ACTION,HINDI_ROMAN,UNVERIFIED_COMMUNICATION,0.79,synthetic_augmented,0,0,1,0,0,1,MEDIUM,mujhe ek message mila hai: a caller claiming to be from my bank asked for an otp to cancel a transaction. i did not share it.
IND-03054,Mujhe ye message aaya: This message says I won a shopping voucher but asks me to pay a small fee first. Has anyone verified it?,suspicious,LOTTERY_SCAM,MEDIUM,"Potential fraud indicators present, but authenticity is not established",VERIFY_BEFORE_ACTION,HINGLISH,UNVERIFIED_COMMUNICATION,0.77,synthetic_augmented,0,0,0,0,1,0,MEDIUM,mujhe ye message aaya: this message says i won a shopping voucher but asks me to pay a small fee first. has anyone verified it?
IND-04405,"Guys please forward: No income tax return is required for anyone earning below a certain salary, regardless of other income.",misinformation,NONE,MEDIUM,Unverified or misleading claim; forwarding pressure or implausible assertion,VERIFY_SOURCE,HINGLISH,MISINFORMATION,0.79,synthetic_augmented,0,0,0,0,0,1,HIGH,"guys please forward: no income tax return is required for anyone earning below a certain salary, regardless of other income."
IND-02374,"Your electricity bill of ₹1,850 is due on 25 August. Pay through the official electricity provider app or website.",legit,NONE,LOW,Normal transactional/personal communication; no malicious request,NONE,ENGLISH,Utilities,0.93,public_dataset_derived,0,0,0,0,1,0,LOW,"your electricity bill of ₹1,850 is due on 25 august. pay through the official electricity provider app or website."
IND-04351,Guys please forward: The government has announced 5 lakh permanent jobs for anyone who forwards this message.,misinformation,NONE,MEDIUM,Unverified or misleading claim; forwarding pressure or implausible assertion,VERIFY_SOURCE,HINGLISH,MISINFORMATION,0.82,synthetic_augmented,0,0,0,0,0,1,MEDIUM,guys please forward: the government has announced 5 lakh permanent jobs for anyone who forwards this message.
IND-00269,Income Tax Department: click http://refund.example to claim your pending refund today.,scam,TAX_REFUND_SCAM,HIGH,Fake refund plus PAN/bank/OTP request,SHARE_DETAILS,ENGLISH,Tax,0.89,synthetic_augmented,1,0,0,0,0,1,CRITICAL,income tax department: click URLTOKEN to claim your pending refund today.
IND-01308,Kripya dhyan dein: Flood relief collection: donate immediately through this unfamiliar payment link.,scam,CHARITY_SCAM,MEDIUM,Urgent donation request with unverifiable details,DONATE,HINDI_ROMAN,Charity,0.89,public_dataset_derived,0,0,0,0,1,0,HIGH,kripya dhyan dein: flood relief collection: donate immediately through this unfamiliar payment link.
IND-04582,All domestic flights are free for senior citizens this weekend. No booking is required.,misinformation,NONE,MEDIUM,Unverified or misleading claim; forwarding pressure or implausible assertion,VERIFY_SOURCE,ENGLISH,MISINFORMATION,0.82,synthetic_augmented,0,0,0,0,0,0,MEDIUM,all domestic flights are free for senior citizens this weekend. no booking is required.
IND-03922,A forwarded donation request asks for money but gives no verifiable organisation details.,suspicious,CHARITY_SCAM,MEDIUM,"Potential fraud indicators present, but authenticity is not established",VERIFY_BEFORE_ACTION,ENGLISH,UNVERIFIED_COMMUNICATION,0.71,synthetic_augmented,0,0,0,0,0,0,MEDIUM,a forwarded donation request asks for money but gives no verifiable organisation details.
IND-01759,Bhai ghar pahunch gaya hoon. Dinner ke baad call karta hoon. Please verify through the official app.,legit,NONE,LOW,Normal transactional/personal communication; no malicious request,NONE,HINGLISH,Family,0.96,public_dataset_derived,0,0,0,0,0,0,LOW,bhai ghar pahunch gaya hoon. dinner ke baad call karta hoon. please verify through the official app.
IND-01210,Kripya dhyan dein: Work from home recruitment: pay ₹299 onboarding charges and start earning immediately.,scam,RECRUITMENT_SCAM,HIGH,Fake recruitment with registration fee,PAY_FEE,HINDI_ROMAN,Employment,0.91,synthetic_augmented,0,0,0,0,1,0,HIGH,kripya dhyan dein: work from home recruitment: pay ₹299 onboarding charges and start earning immediately.
IND-01730,Aapka OTP 456789 hai. Kisi ke saath share mat karna. Check the official portal for details.,legit,NONE,LOW,Normal transactional/personal communication; no malicious request,NONE,HINGLISH,Banking,0.97,public_dataset_derived,0,0,1,0,0,0,LOW,aapka otp 456789 hai. kisi ke saath share mat karna. check the official portal for details.
IND-01709,Aapka parcel kal deliver hoga. Delivery partner ka official tracking page check kar sakte hain. Check the official portal for details.,legit,NONE,LOW,Normal transactional/personal communication; no malicious request,NONE,HINGLISH,Courier,0.93,public_dataset_derived,0,0,0,0,0,0,LOW,aapka parcel kal deliver hoga. delivery partner ka official tracking page check kar sakte hain. check the official portal for details.
IND-01604,Aapka parcel kal deliver hoga. Delivery partner ka official tracking page check kar sakte hain. Please verify through the official app.,legit,NONE,LOW,Normal transactional/personal communication; no malicious request,NONE,HINGLISH,Courier,0.9,public_dataset_derived,0,0,0,0,0,0,LOW,aapka parcel kal deliver hoga. delivery partner ka official tracking page check kar sakte hain. please verify through the official app.
IND-04357,Important hai: ₹500 notes will stop being legal tender tonight. Exchange them immediately.,misinformation,NONE,MEDIUM,Unverified or misleading claim; forwarding pressure or implausible assertion,VERIFY_SOURCE,HINGLISH,MISINFORMATION,0.86,synthetic_augmented,0,0,0,0,1,0,HIGH,important hai: ₹500 notes will stop being legal tender tonight. exchange them immediately.
IND-01266,Loan verification requires an advance payment of ₹799 and PAN/Aadhaar on WhatsApp.,scam,LOAN_SCAM,HIGH,Loan promise with advance processing fee,PAY_FEE,ENGLISH,Loans,0.94,public_dataset_derived,0,0,0,0,1,1,CRITICAL,loan verification requires an advance payment of ₹799 and pan/aadhaar on whatsapp.
IND-00571,"Please dhyan do, Your email account will close in 24 hours. Login through this link to keep it active.",scam,ACCOUNT_TAKEOVER,HIGH,Threatens account closure and requests login/OTP,LOGIN_OR_SHARE_OTP,HINGLISH,Account security,0.96,synthetic_augmented,0,0,0,0,0,0,HIGH,"please dhyan do, your email account will close in 24 hours. login through this link to keep it active."
IND-04293,"Important hai: No income tax return is required for anyone earning below a certain salary, regardless of other income.",misinformation,NONE,MEDIUM,Unverified or misleading claim; forwarding pressure or implausible assertion,VERIFY_SOURCE,HINGLISH,MISINFORMATION,0.86,synthetic_augmented,0,0,0,0,0,1,MEDIUM,"important hai: no income tax return is required for anyone earning below a certain salary, regardless of other income."
IND-00030,Kripya dhyan dein: FASTag verification pending. Send vehicle RC and OTP to activate your account.,scam,FASTAG_SCAM,HIGH,KYC/recharge/blacklist threat plus payment/link,PAY_OR_UPDATE,HINDI_ROMAN,Transport,0.95,public_dataset_derived,0,0,1,0,0,0,HIGH,kripya dhyan dein: fastag verification pending. send vehicle rc and otp to activate your account.
IND-01234,"Bahut zaroori hai: Dear customer, your KYC has failed. Update it immediately through http://verify-kyc.example or your account will be suspended.",scam,KYC_FRAUD,HIGH,OTP request; KYC/account threat; urgency,SHARE_OTP,HINDI_ROMAN,KYC / Banking,0.92,public_dataset_derived,1,0,0,0,0,1,HIGH,"bahut zaroori hai: dear customer, your kyc has failed. update it immediately through URLTOKEN or your account will be suspended."
IND-01615,Guys kal project review 4 baje lab mein hai. Please bring your laptop.,legit,NONE,LOW,Normal transactional/personal communication; no malicious request,NONE,HINGLISH,College,0.94,public_dataset_derived,0,0,0,0,0,0,LOW,guys kal project review 4 baje lab mein hai. please bring your laptop.
IND-04347,Guys please forward: IRCTC is giving free train tickets to anyone who registers through this forwarded WhatsApp form.,misinformation,NONE,MEDIUM,Unverified or misleading claim; forwarding pressure or implausible assertion,VERIFY_SOURCE,HINGLISH,MISINFORMATION,0.85,synthetic_augmented,0,0,0,0,0,1,MEDIUM,guys please forward: irctc is giving free train tickets to anyone who registers through this forwarded whatsapp form.
IND-04627,Bahut important khabar: IRCTC is giving free train tickets to anyone who registers through this forwarded WhatsApp form.,misinformation,NONE,MEDIUM,Unverified or misleading claim; forwarding pressure or implausible assertion,VERIFY_SOURCE,HINDI_ROMAN,MISINFORMATION,0.8,synthetic_augmented,0,0,0,0,0,1,MEDIUM,bahut important khabar: irctc is giving free train tickets to anyone who registers through this forwarded whatsapp form.
IND-00376,FASTag verification pending. Send vehicle RC and OTP to activate your account.,scam,FASTAG_SCAM,HIGH,KYC/recharge/blacklist threat plus payment/link,PAY_OR_UPDATE,ENGLISH,Transport,0.92,synthetic_augmented,0,0,1,0,0,0,CRITICAL,fastag verification pending. send vehicle rc and otp to activate your account.
IND-04609,Sabko forward karein: UPI PIN is required to receive money. Share your PIN with the sender.,misinformation,NONE,MEDIUM,Unverified or misleading claim; forwarding pressure or implausible assertion,VERIFY_SOURCE,HINDI_ROMAN,MISINFORMATION,0.92,synthetic_augmented,0,0,0,1,0,0,HIGH,sabko forward karein: upi pin is required to receive money. share your pin with the sender.
IND-04005,₹500 notes will stop being legal tender tonight. Exchange them immediately.,misinformation,NONE,MEDIUM,Unverified or misleading claim; forwarding pressure or implausible assertion,VERIFY_SOURCE,ENGLISH,MISINFORMATION,0.87,synthetic_augmented,0,0,0,0,1,0,HIGH,₹500 notes will stop being legal tender tonight. exchange them immediately.
IND-02661,UPI payment of ₹850 to XYZ Store was successful. Transaction reference TXN872319. Please verify through the official app.,legit,NONE,LOW,Normal transactional/personal communication; no malicious request,NONE,ENGLISH,UPI,0.94,public_dataset_derived,0,0,0,0,1,0,LOW,upi payment of ₹850 to xyz store was successful. transaction reference txn872319. please verify through the official app.
IND-01735,"Mummy, train mein baith gaya hoon. Safely pahunch jaunga. Check the official portal for details.",legit,NONE,LOW,Normal transactional/personal communication; no malicious request,NONE,HINGLISH,Family,0.94,public_dataset_derived,0,0,0,0,0,1,LOW,"mummy, train mein baith gaya hoon. safely pahunch jaunga. check the official portal for details."
IND-00932,FedEx parcel alert: your package cannot be delivered until ₹799 is paid. Pay now to avoid return.,scam,COURIER_FRAUD,HIGH,Unexpected parcel/customs fee; payment request or link,PAY_FEE,ENGLISH,Courier,0.98,synthetic_augmented,0,0,0,0,1,0,CRITICAL,fedex parcel alert: your package cannot be delivered until ₹799 is paid. pay now to avoid return.
IND-03044,Mujhe ye message aaya: Someone claiming to be police contacted me on WhatsApp and demanded money. I am checking whether it is legitimate.,suspicious,POLICE_IMPERSONATION,MEDIUM,"Potential fraud indicators present, but authenticity is not established",VERIFY_BEFORE_ACTION,HINGLISH,UNVERIFIED_COMMUNICATION,0.86,synthetic_augmented,0,0,0,0,0,1,MEDIUM,mujhe ye message aaya: someone claiming to be police contacted me on whatsapp and demanded money. i am checking whether it is legitimate.
IND-02925,"Your OTP is 482913. Do not share this OTP with anyone. If you did not request it, contact your bank through the official app. Please verify through the official app.",legit,NONE,LOW,Normal transactional/personal communication; no malicious request,NONE,ENGLISH,Banking,0.9,public_dataset_derived,0,0,1,0,0,1,LOW,"your otp is 482913. do not share this otp with anyone. if you did not request it, contact your bank through the official app. please verify through the official app."
IND-01096,This is the bank security department. Your account has suspicious activity. Confirm OTP and card details now.,scam,BANK_IMPERSONATION,HIGH,Claims to be bank/security team; asks for sensitive information,VERIFY_BANK,ENGLISH,Banking,0.97,public_dataset_derived,0,0,1,0,0,1,HIGH,this is the bank security department. your account has suspicious activity. confirm otp and card details now.
IND-03087,A message says my social media account will close and gives an unfamiliar login link. I haven't clicked it.,suspicious,ACCOUNT_TAKEOVER,MEDIUM,"Potential fraud indicators present, but authenticity is not established",VERIFY_BEFORE_ACTION,ENGLISH,UNVERIFIED_COMMUNICATION,0.85,synthetic_augmented,0,0,0,0,0,0,MEDIUM,a message says my social media account will close and gives an unfamiliar login link. i haven't clicked it.
IND-01421,"Madam, Instant personal loan approved without CIBIL check. Pay ₹1,499 processing fee before disbursement.",scam,LOAN_SCAM,HIGH,Loan promise with advance processing fee,PAY_FEE,HINGLISH,Loans,0.9,synthetic_augmented,0,0,0,0,1,0,HIGH,"madam, instant personal loan approved without cibil check. pay ₹1,499 processing fee before disbursement."
IND-00299,"Kripya dhyan dein: Refund pending. To receive ₹1,499, enter your UPI PIN on the link http://refund-check.example.",scam,UPI_FRAUD,HIGH,Requests UPI PIN/payment; urgency,PAY_OR_SHARE_UPI,HINDI_ROMAN,UPI,0.97,synthetic_augmented,1,0,0,1,1,0,CRITICAL,"kripya dhyan dein: refund pending. to receive ₹1,499, enter your upi pin on the link URLTOKEN"
IND-02842,"Transaction alert: ₹2,450 was debited from your account. If you did not make this transaction, use the official bank app to report it. Check the official portal for details.",legit,NONE,LOW,Normal transactional/personal communication; no malicious request,NONE,ENGLISH,Banking,0.91,public_dataset_derived,0,0,0,0,1,1,LOW,"transaction alert: ₹2,450 was debited from your account. if you did not make this transaction, use the official bank app to report it. check the official portal for details."
IND-02882,"For Aadhaar services, use the official UIDAI website or authorised centre. Never share OTP with anyone. Please verify through the official app.",legit,NONE,LOW,Normal transactional/personal communication; no malicious request,NONE,ENGLISH,Aadhaar,0.91,public_dataset_derived,0,0,1,0,0,1,LOW,"for aadhaar services, use the official uidai website or authorised centre. never share otp with anyone. please verify through the official app."
IND-01243,Bahut zaroori hai: HR department: your job is approved. Pay the refundable training fee today to receive your offer letter.,scam,JOB_SCAM,HIGH,Job offer requires upfront payment or sensitive documents,PAY_FEE,HINDI_ROMAN,Employment,0.88,synthetic_augmented,0,0,0,0,1,1,HIGH,bahut zaroori hai: hr department: your job is approved. pay the refundable training fee today to receive your offer letter.
IND-04810,"Sabko forward karein: No income tax return is required for anyone earning below a certain salary, regardless of other income.",misinformation,NONE,MEDIUM,Unverified or misleading claim; forwarding pressure or implausible assertion,VERIFY_SOURCE,HINDI_ROMAN,MISINFORMATION,0.86,synthetic_augmented,0,0,0,0,0,1,HIGH,"sabko forward karein: no income tax return is required for anyone earning below a certain salary, regardless of other income."
IND-01191,Turant check karein: Emergency donation appeal: transfer ₹500 now to help a hospital patient. Please forward to 10 groups.,scam,CHARITY_SCAM,MEDIUM,Urgent donation request with unverifiable details,DONATE,HINDI_ROMAN,Charity,0.89,synthetic_augmented,0,0,0,0,1,0,HIGH,turant check karein: emergency donation appeal: transfer ₹500 now to help a hospital patient. please forward to 10 groups.
IND-03480,"Bhai, Someone claiming to be police contacted me on WhatsApp and demanded money. I am checking whether it is legitimate.",suspicious,POLICE_IMPERSONATION,MEDIUM,"Potential fraud indicators present, but authenticity is not established",VERIFY_BEFORE_ACTION,HINGLISH,UNVERIFIED_COMMUNICATION,0.71,synthetic_augmented,0,0,0,0,0,1,MEDIUM,"bhai, someone claiming to be police contacted me on whatsapp and demanded money. i am checking whether it is legitimate."
IND-00002,Turant check karein: Railway recruitment selected you for the next round. Pay ₹499 document verification fee today.,scam,RECRUITMENT_SCAM,HIGH,Fake recruitment with registration fee,PAY_FEE,HINDI_ROMAN,Employment,0.96,synthetic_augmented,0,0,0,0,1,0,CRITICAL,turant check karein: railway recruitment selected you for the next round. pay ₹499 document verification fee today.
IND-02967,"Bhai tera parcel aa gaya hai, main reception pe rakh raha hoon.",legit,NONE,LOW,Normal transactional/personal communication; no malicious request,NONE,HINGLISH,Delivery,0.97,public_dataset_derived,0,0,0,0,0,0,LOW,"bhai tera parcel aa gaya hai, main reception pe rakh raha hoon."
IND-02133,Aapka OTP 456789 hai. Kisi ke saath share mat karna. Please verify through the official app.,legit,NONE,LOW,Normal transactional/personal communication; no malicious request,NONE,HINGLISH,Banking,0.96,public_dataset_derived,0,0,1,0,0,0,LOW,aapka otp 456789 hai. kisi ke saath share mat karna. please verify through the official app.
IND-03351,"Guys, A message says my social media account will close and gives an unfamiliar login link. I haven't clicked it.",suspicious,ACCOUNT_TAKEOVER,MEDIUM,"Potential fraud indicators present, but authenticity is not established",VERIFY_BEFORE_ACTION,HINGLISH,UNVERIFIED_COMMUNICATION,0.83,synthetic_augmented,0,0,0,0,0,0,MEDIUM,"guys, a message says my social media account will close and gives an unfamiliar login link. i haven't clicked it."
IND-02163,Aapka OTP 456789 hai. Kisi ke saath share mat karna.,legit,NONE,LOW,Normal transactional/personal communication; no malicious request,NONE,HINGLISH,Banking,0.96,public_dataset_derived,0,0,1,0,0,0,LOW,aapka otp 456789 hai. kisi ke saath share mat karna.
IND-02633,"Security reminder: bank staff will never ask for your OTP, UPI PIN, CVV or password. Please verify through the official app.",legit,NONE,LOW,Normal transactional/personal communication; no malicious request,NONE,ENGLISH,Banking,0.94,public_dataset_derived,0,0,1,1,0,1,LOW,"security reminder: bank staff will never ask for your otp , upi pin, cvv or password. please verify through the official app."
IND-01858,"Mummy, train mein baith gaya hoon. Safely pahunch jaunga. Please verify through the official app.",legit,NONE,LOW,Normal transactional/personal communication; no malicious request,NONE,HINGLISH,Family,0.96,public_dataset_derived,0,0,0,0,0,1,LOW,"mummy, train mein baith gaya hoon. safely pahunch jaunga. please verify through the official app."
IND-00666,"Urgent hai: CBI officer here. A money laundering case is registered against your Aadhaar. Transfer ₹20,000 for verification.",scam,POLICE_IMPERSONATION,CRITICAL,Threat of arrest/case; demands money,PAY_OR_TRANSFER,HINGLISH,Law enforcement,0.97,synthetic_augmented,0,0,0,0,1,1,HIGH,"urgent hai: cbi officer here. a money laundering case is registered against your aadhaar. transfer ₹20,000 for verification."
IND-00650,Bahut zaroori hai: Click http://secure-login.example to prevent your WhatsApp account from being disabled.,scam,PHISHING,HIGH,Suspicious link requesting credentials/payment,CLICK_LINK,HINDI_ROMAN,Phishing,0.96,synthetic_augmented,1,0,0,0,0,0,CRITICAL,bahut zaroori hai: click URLTOKEN to prevent your whatsapp account from being disabled.
IND-00015,Your bank KYC is incomplete. Account will be blocked today. Share OTP to complete verification.,scam,KYC_FRAUD,HIGH,OTP request; KYC/account threat; urgency,SHARE_OTP,ENGLISH,KYC / Banking,0.97,synthetic_augmented,0,0,1,0,0,1,HIGH,your bank kyc is incomplete. account will be blocked today. share otp to complete verification.
IND-03286,Mujhe ek message mila hai: A forwarded donation request asks for money but gives no verifiable organisation details.,suspicious,CHARITY_SCAM,MEDIUM,"Potential fraud indicators present, but authenticity is not established",VERIFY_BEFORE_ACTION,HINDI_ROMAN,UNVERIFIED_COMMUNICATION,0.87,synthetic_augmented,0,0,0,0,0,0,HIGH,mujhe ek message mila hai: a forwarded donation request asks for money but gives no verifiable organisation details.
IND-03477,Mujhe ye message aaya: I received a message saying I have an income-tax refund and it contains a link. I haven't checked the official portal.,suspicious,TAX_REFUND_SCAM,MEDIUM,"Potential fraud indicators present, but authenticity is not established",VERIFY_BEFORE_ACTION,HINGLISH,UNVERIFIED_COMMUNICATION,0.75,synthetic_augmented,0,0,0,0,0,0,MEDIUM,mujhe ye message aaya: i received a message saying i have an income-tax refund and it contains a link. i haven't checked the official portal.
IND-03076,Kripya check karein: This message says I won a shopping voucher but asks me to pay a small fee first. Has anyone verified it?,suspicious,LOTTERY_SCAM,MEDIUM,"Potential fraud indicators present, but authenticity is not established",VERIFY_BEFORE_ACTION,HINDI_ROMAN,UNVERIFIED_COMMUNICATION,0.75,synthetic_augmented,0,0,0,0,1,0,MEDIUM,kripya check karein: this message says i won a shopping voucher but asks me to pay a small fee first. has anyone verified it?
IND-00772,Turant check karein: Your bank KYC is incomplete. Account will be blocked today. Share OTP to complete verification.,scam,KYC_FRAUD,HIGH,OTP request; KYC/account threat; urgency,SHARE_OTP,HINDI_ROMAN,KYC / Banking,0.9,synthetic_augmented,0,0,1,0,0,1,CRITICAL,turant check karein: your bank kyc is incomplete. account will be blocked today. share otp to complete verification.
IND-00591,"Sir, Bank security: an unusual transaction was detected. Share the OTP you receive to cancel it immediately.",scam,OTP_THEFT,HIGH,Requests one-time password; suspicious verification,SHARE_OTP,HINGLISH,Banking,0.94,public_dataset_derived,0,0,1,0,0,1,CRITICAL,"sir, bank security: an unusual transaction was detected. share the otp you receive to cancel it immediately."
IND-04283,Bahut important khabar: All college exams are permanently cancelled this semester. Forward to every student.,misinformation,NONE,MEDIUM,Unverified or misleading claim; forwarding pressure or implausible assertion,VERIFY_SOURCE,HINDI_ROMAN,MISINFORMATION,0.89,synthetic_augmented,0,0,0,0,0,0,MEDIUM,bahut important khabar: all college exams are permanently cancelled this semester. forward to every student.
IND-03603,This message says I won a shopping voucher but asks me to pay a small fee first. Has anyone verified it?,suspicious,LOTTERY_SCAM,MEDIUM,"Potential fraud indicators present, but authenticity is not established",VERIFY_BEFORE_ACTION,ENGLISH,UNVERIFIED_COMMUNICATION,0.72,synthetic_augmented,0,0,0,0,1,0,HIGH,this message says i won a shopping voucher but asks me to pay a small fee first. has anyone verified it?
IND-04131,"Bhai sabko bhejo: No income tax return is required for anyone earning below a certain salary, regardless of other income.",misinformation,NONE,MEDIUM,Unverified or misleading claim; forwarding pressure or implausible assertion,VERIFY_SOURCE,HINGLISH,MISINFORMATION,0.79,synthetic_augmented,0,0,0,0,0,1,HIGH,"bhai sabko bhejo: no income tax return is required for anyone earning below a certain salary, regardless of other income."
IND-03473,"Guys, A caller claiming to be from my bank asked for an OTP to cancel a transaction. I did not share it.",suspicious,BANK_IMPERSONATION,MEDIUM,"Potential fraud indicators present, but authenticity is not established",VERIFY_BEFORE_ACTION,HINGLISH,UNVERIFIED_COMMUNICATION,0.86,synthetic_augmented,0,0,1,0,0,1,HIGH,"guys, a caller claiming to be from my bank asked for an otp to cancel a transaction. i did not share it."
IND-03347,Mujhe ek message mila hai: A message says my social media account will close and gives an unfamiliar login link. I haven't clicked it.,suspicious,ACCOUNT_TAKEOVER,MEDIUM,"Potential fraud indicators present, but authenticity is not established",VERIFY_BEFORE_ACTION,HINDI_ROMAN,UNVERIFIED_COMMUNICATION,0.83,synthetic_augmented,0,0,0,0,0,0,HIGH,mujhe ek message mila hai: a message says my social media account will close and gives an unfamiliar login link. i haven't clicked it.
IND-00276,"Please dhyan do, Part-time job available: earn ₹5,000 daily. Send ₹499 security deposit and Aadhaar copy to start.",scam,JOB_SCAM,HIGH,Job offer requires upfront payment or sensitive documents,PAY_FEE,HINGLISH,Employment,0.92,synthetic_augmented,0,0,0,0,1,1,HIGH,"please dhyan do, part-time job available: earn ₹5,000 daily. send ₹499 security deposit and aadhaar copy to start."
IND-00568,Bahut zaroori hai: Your Aadhaar is linked to a criminal investigation. Do not disconnect. Pay the security deposit immediately.,scam,DIGITAL_ARREST,CRITICAL,Authority impersonation; intimidation; payment demand,PAY_OR_TRANSFER,HINDI_ROMAN,Law enforcement,0.98,synthetic_augmented,0,0,0,0,1,1,CRITICAL,bahut zaroori hai: your aadhaar is linked to a criminal investigation. do not disconnect. pay the security deposit immediately.
IND-01253,"Kripya dhyan dein: Your refund is ready. Enter card number, CVV and OTP at http://refund-portal.example.",scam,PHISHING,HIGH,Suspicious link requesting credentials/payment,CLICK_LINK,HINDI_ROMAN,Phishing,0.95,synthetic_augmented,1,0,1,0,0,0,HIGH,"kripya dhyan dein: your refund is ready. enter card number, cvv and otp at URLTOKEN"
IND-01621,"Your interview is scheduled for Monday at 11 AM. Please use the employer's official recruitment portal for details. For security, never share OTP.",legit,NONE,LOW,Normal transactional/personal communication; no malicious request,NONE,ENGLISH,Employment,0.91,public_dataset_derived,0,0,1,0,0,0,LOW,"your interview is scheduled for monday at 11 am. please use the employer's official recruitment portal for details. for security, never share otp ."
IND-01839,Aadhaar update ke liye nearest authorised centre ya official UIDAI portal use karein. Check the official portal for details.,legit,NONE,LOW,Normal transactional/personal communication; no malicious request,NONE,HINGLISH,Government,0.95,public_dataset_derived,0,0,0,0,0,1,LOW,aadhaar update ke liye nearest authorised centre ya official uidai portal use karein. check the official portal for details.
IND-04129,Sabko forward karein: All domestic flights are free for senior citizens this weekend. No booking is required.,misinformation,NONE,MEDIUM,Unverified or misleading claim; forwarding pressure or implausible assertion,VERIFY_SOURCE,HINDI_ROMAN,MISINFORMATION,0.86,synthetic_augmented,0,0,0,0,0,0,MEDIUM,sabko forward karein: all domestic flights are free for senior citizens this weekend. no booking is required.
IND-01872,"Security reminder: bank staff will never ask for your OTP, UPI PIN, CVV or password.",legit,NONE,LOW,Normal transactional/personal communication; no malicious request,NONE,ENGLISH,Banking,0.96,public_dataset_derived,0,0,1,1,0,1,LOW,"security reminder: bank staff will never ask for your otp , upi pin, cvv or password."
IND-03791,"Bhai, A forwarded donation request asks for money but gives no verifiable organisation details.",suspicious,CHARITY_SCAM,MEDIUM,"Potential fraud indicators present, but authenticity is not established",VERIFY_BEFORE_ACTION,HINGLISH,UNVERIFIED_COMMUNICATION,0.81,synthetic_augmented,0,0,0,0,0,0,HIGH,"bhai, a forwarded donation request asks for money but gives no verifiable organisation details."
IND-00389,"Government scholarship of ₹25,000 approved. Pay ₹299 verification fee to receive it.",scam,SCHOLARSHIP_SCAM,HIGH,Scholarship claim requires fee/bank details,PAY_FEE,ENGLISH,Education,0.89,synthetic_augmented,0,0,0,0,1,1,HIGH,"government scholarship of ₹25,000 approved. pay ₹299 verification fee to receive it."
IND-04817,Guys please forward: From tomorrow all UPI transactions will have a mandatory 50% government tax. Forward this urgently.,misinformation,NONE,MEDIUM,Unverified or misleading claim; forwarding pressure or implausible assertion,VERIFY_SOURCE,HINGLISH,MISINFORMATION,0.93,synthetic_augmented,0,0,0,0,0,1,HIGH,guys please forward: from tomorrow all upi transactions will have a mandatory 50% government tax. forward this urgently.
IND-00270,Turant check karein: This is the bank security department. Your account has suspicious activity. Confirm OTP and card details now.,scam,BANK_IMPERSONATION,HIGH,Claims to be bank/security team; asks for sensitive information,VERIFY_BANK,HINDI_ROMAN,Banking,0.98,public_dataset_derived,0,0,1,0,0,1,HIGH,turant check karein: this is the bank security department. your account has suspicious activity. confirm otp and card details now.
IND-03281,Mujhe ye message aaya: A parcel-fee message came from an unknown number and asks for ₹499 through a link. Is it genuine?,suspicious,COURIER_FRAUD,MEDIUM,"Potential fraud indicators present, but authenticity is not established",VERIFY_BEFORE_ACTION,HINGLISH,UNVERIFIED_COMMUNICATION,0.72,synthetic_augmented,0,0,0,0,1,0,HIGH,mujhe ye message aaya: a parcel-fee message came from an unknown number and asks for ₹499 through a link. is it genuine?
IND-04422,Sabko forward karein: The government has announced 5 lakh permanent jobs for anyone who forwards this message.,misinformation,NONE,MEDIUM,Unverified or misleading claim; forwarding pressure or implausible assertion,VERIFY_SOURCE,HINDI_ROMAN,MISINFORMATION,0.92,synthetic_augmented,0,0,0,0,0,1,MEDIUM,sabko forward karein: the government has announced 5 lakh permanent jobs for anyone who forwards this message.
IND-01448,Turant check karein: Work from home recruitment: pay ₹299 onboarding charges and start earning immediately.,scam,RECRUITMENT_SCAM,HIGH,Fake recruitment with registration fee,PAY_FEE,HINDI_ROMAN,Employment,0.98,public_dataset_derived,0,0,0,0,1,0,HIGH,turant check karein: work from home recruitment: pay ₹299 onboarding charges and start earning immediately.
IND-01177,Work from home recruitment: pay ₹299 onboarding charges and start earning immediately.,scam,RECRUITMENT_SCAM,HIGH,Fake recruitment with registration fee,PAY_FEE,ENGLISH,Employment,0.91,public_dataset_derived,0,0,0,0,1,0,HIGH,work from home recruitment: pay ₹299 onboarding charges and start earning immediately.
IND-04925,Guys please forward: Drinking hot water with turmeric completely prevents viral infections. Share with everyone.,misinformation,NONE,MEDIUM,Unverified or misleading claim; forwarding pressure or implausible assertion,VERIFY_SOURCE,HINGLISH,MISINFORMATION,0.94,synthetic_augmented,0,0,0,0,0,0,MEDIUM,guys please forward: drinking hot water with turmeric completely prevents viral infections. share with everyone.
IND-04892,Bahut important khabar: Drinking hot water with turmeric completely prevents viral infections. Share with everyone.,misinformation,NONE,MEDIUM,Unverified or misleading claim; forwarding pressure or implausible assertion,VERIFY_SOURCE,HINDI_ROMAN,MISINFORMATION,0.81,synthetic_augmented,0,0,0,0,0,0,HIGH,bahut important khabar: drinking hot water with turmeric completely prevents viral infections. share with everyone.
IND-02122,"Reminder: check your income-tax filing status through the official government tax portal. For security, never share OTP.",legit,NONE,LOW,Normal transactional/personal communication; no malicious request,NONE,ENGLISH,Tax,0.93,public_dataset_derived,0,0,1,0,0,1,LOW,"reminder: check your income-tax filing status through the official government tax portal. for security, never share otp ."
IND-00095,"Crypto investment group: deposit ₹2,500 now and receive guaranteed returns within 48 hours.",scam,INVESTMENT_SCAM,HIGH,Guaranteed/high returns; asks for transfer,TRANSFER_MONEY,ENGLISH,Investment,0.9,public_dataset_derived,0,0,0,0,1,0,HIGH,"crypto investment group: deposit ₹2,500 now and receive guaranteed returns within 48 hours."
IND-00254,Your parcel is held at customs. Pay ₹499 clearance charges immediately at http://parcel-fee.example.,scam,COURIER_FRAUD,HIGH,Unexpected parcel/customs fee; payment request or link,PAY_FEE,ENGLISH,Courier,0.89,synthetic_augmented,1,0,0,0,1,1,HIGH,your parcel is held at customs. pay ₹499 clearance charges immediately at URLTOKEN
IND-00631,"Kripya dhyan dein: Guaranteed 3X return in 7 days. Transfer ₹10,000 to our UPI account and our expert will trade for you.",scam,INVESTMENT_SCAM,HIGH,Guaranteed/high returns; asks for transfer,TRANSFER_MONEY,HINDI_ROMAN,Investment,0.91,synthetic_augmented,0,0,0,0,1,0,HIGH,"kripya dhyan dein: guaranteed 3x return in 7 days. transfer ₹10,000 to our upi account and our expert will trade for you."
IND-03075,Someone says my KYC will expire today and wants my documents on WhatsApp. I have not verified the sender.,suspicious,KYC_FRAUD,MEDIUM,"Potential fraud indicators present, but authenticity is not established",VERIFY_BEFORE_ACTION,ENGLISH,UNVERIFIED_COMMUNICATION,0.87,synthetic_augmented,0,0,0,0,0,1,MEDIUM,someone says my kyc will expire today and wants my documents on whatsapp. i have not verified the sender.
IND-03717,Mujhe ye message aaya: A caller claiming to be from my bank asked for an OTP to cancel a transaction. I did not share it.,suspicious,BANK_IMPERSONATION,MEDIUM,"Potential fraud indicators present, but authenticity is not established",VERIFY_BEFORE_ACTION,HINGLISH,UNVERIFIED_COMMUNICATION,0.83,synthetic_augmented,0,0,1,0,0,1,HIGH,mujhe ye message aaya: a caller claiming to be from my bank asked for an otp to cancel a transaction. i did not share it.
IND-00582,"Sir, Emergency donation appeal: transfer ₹500 now to help a hospital patient. Please forward to 10 groups.",scam,CHARITY_SCAM,MEDIUM,Urgent donation request with unverifiable details,DONATE,HINGLISH,Charity,0.97,synthetic_augmented,0,0,0,0,1,0,CRITICAL,"sir, emergency donation appeal: transfer ₹500 now to help a hospital patient. please forward to 10 groups."
IND-00567,Railway recruitment selected you for the next round. Pay ₹499 document verification fee today.,scam,RECRUITMENT_SCAM,HIGH,Fake recruitment with registration fee,PAY_FEE,ENGLISH,Employment,0.95,synthetic_augmented,0,0,0,0,1,0,HIGH,railway recruitment selected you for the next round. pay ₹499 document verification fee today.
IND-02520,"Your OTP is 482913. Do not share this OTP with anyone. If you did not request it, contact your bank through the official app. Check the official portal for details.",legit,NONE,LOW,Normal transactional/personal communication; no malicious request,NONE,ENGLISH,Banking,0.91,public_dataset_derived,0,0,1,0,0,1,LOW,"your otp is 482913. do not share this otp with anyone. if you did not request it, contact your bank through the official app. check the official portal for details."
IND-00636,"Sir, Guaranteed 3X return in 7 days. Transfer ₹10,000 to our UPI account and our expert will trade for you.",scam,INVESTMENT_SCAM,HIGH,Guaranteed/high returns; asks for transfer,TRANSFER_MONEY,HINGLISH,Investment,0.9,synthetic_augmented,0,0,0,0,1,0,CRITICAL,"sir, guaranteed 3x return in 7 days. transfer ₹10,000 to our upi account and our expert will trade for you."
IND-01277,"Turant check karein: Police video verification required. Stay on the call and transfer ₹25,000 to prove your account is clean.",scam,DIGITAL_ARREST,CRITICAL,Authority impersonation; intimidation; payment demand,PAY_OR_TRANSFER,HINDI_ROMAN,Law enforcement,0.98,public_dataset_derived,0,0,0,0,1,1,CRITICAL,"turant check karein: police video verification required. stay on the call and transfer ₹25,000 to prove your account is clean."
IND-04547,Bhai sabko bhejo: The government has announced 5 lakh permanent jobs for anyone who forwards this message.,misinformation,NONE,MEDIUM,Unverified or misleading claim; forwarding pressure or implausible assertion,VERIFY_SOURCE,HINGLISH,MISINFORMATION,0.85,synthetic_augmented,0,0,0,0,0,1,MEDIUM,bhai sabko bhejo: the government has announced 5 lakh permanent jobs for anyone who forwards this message.
IND-03073,Mujhe ye message aaya: A message says my social media account will close and gives an unfamiliar login link. I haven't clicked it.,suspicious,ACCOUNT_TAKEOVER,MEDIUM,"Potential fraud indicators present, but authenticity is not established",VERIFY_BEFORE_ACTION,HINGLISH,UNVERIFIED_COMMUNICATION,0.9,synthetic_augmented,0,0,0,0,0,0,MEDIUM,mujhe ye message aaya: a message says my social media account will close and gives an unfamiliar login link. i haven't clicked it.
IND-02355,Your parcel has been shipped and is expected to arrive tomorrow. Track it using the courier company's official application.,legit,NONE,LOW,Normal transactional/personal communication; no malicious request,NONE,ENGLISH,Courier,0.91,public_dataset_derived,0,0,0,0,0,0,LOW,your parcel has been shipped and is expected to arrive tomorrow. track it using the courier company's official application.
IND-01220,"Sir, FASTag verification pending. Send vehicle RC and OTP to activate your account.",scam,FASTAG_SCAM,HIGH,KYC/recharge/blacklist threat plus payment/link,PAY_OR_UPDATE,HINGLISH,Transport,0.94,public_dataset_derived,0,0,1,0,0,0,CRITICAL,"sir, fastag verification pending. send vehicle rc and otp to activate your account."
IND-04871,Sabko forward karein: IRCTC is giving free train tickets to anyone who registers through this forwarded WhatsApp form.,misinformation,NONE,MEDIUM,Unverified or misleading claim; forwarding pressure or implausible assertion,VERIFY_SOURCE,HINDI_ROMAN,MISINFORMATION,0.76,synthetic_augmented,0,0,0,0,0,1,HIGH,sabko forward karein: irctc is giving free train tickets to anyone who registers through this forwarded whatsapp form.
IND-01376,"Please dhyan do, Instant personal loan approved without CIBIL check. Pay ₹1,499 processing fee before disbursement.",scam,LOAN_SCAM,HIGH,Loan promise with advance processing fee,PAY_FEE,HINGLISH,Loans,0.98,synthetic_augmented,0,0,0,0,1,0,HIGH,"please dhyan do, instant personal loan approved without cibil check. pay ₹1,499 processing fee before disbursement."
IND-00173,Bahut zaroori hai: Your FASTag will be blocked tonight. Recharge ₹500 immediately through this link.,scam,FASTAG_SCAM,HIGH,KYC/recharge/blacklist threat plus payment/link,PAY_OR_UPDATE,HINDI_ROMAN,Transport,0.95,public_dataset_derived,0,0,0,0,1,0,CRITICAL,bahut zaroori hai: your fastag will be blocked tonight. recharge ₹500 immediately through this link.
IND-00422,"Turant check karein: Supreme Court cyber team here. You are under digital arrest due to money laundering. Transfer ₹50,000 for verification.",scam,DIGITAL_ARREST,CRITICAL,Authority impersonation; intimidation; payment demand,PAY_OR_TRANSFER,HINDI_ROMAN,Law enforcement,0.97,public_dataset_derived,0,0,0,0,1,1,HIGH,"turant check karein: supreme court cyber team here. you are under digital arrest due to money laundering. transfer ₹50,000 for verification."
IND-01988,Delivery attempt was unsuccessful. You can reschedule through the official courier website or app. Please verify through the official app.,legit,NONE,LOW,Normal transactional/personal communication; no malicious request,NONE,ENGLISH,Courier,0.94,public_dataset_derived,0,0,0,0,0,0,LOW,delivery attempt was unsuccessful. you can reschedule through the official courier website or app. please verify through the official app.
IND-00654,"Bhai, Income Tax refund of ₹18,500 is pending. Confirm PAN, bank details and OTP at http://tax-refund.example.",scam,TAX_REFUND_SCAM,HIGH,Fake refund plus PAN/bank/OTP request,SHARE_DETAILS,HINGLISH,Tax,0.97,public_dataset_derived,1,0,1,0,1,1,HIGH,"bhai, income tax refund of ₹18,500 is pending. confirm pan, bank details and otp at URLTOKEN"
IND-00361,"Sir, Dear customer, your KYC has failed. Update it immediately through http://verify-kyc.example or your account will be suspended.",scam,KYC_FRAUD,HIGH,OTP request; KYC/account threat; urgency,SHARE_OTP,HINGLISH,KYC / Banking,0.9,public_dataset_derived,1,0,0,0,0,1,HIGH,"sir, dear customer, your kyc has failed. update it immediately through URLTOKEN or your account will be suspended."
IND-00124,Bahut zaroori hai: Congratulations! Your mobile number won ₹10 lakh. Send ₹499 processing fee to claim the amount.,scam,LOTTERY_SCAM,HIGH,Prize claim requires fee/payment,PAY_FEE,HINDI_ROMAN,Lottery,0.88,synthetic_augmented,0,0,0,0,1,0,CRITICAL,bahut zaroori hai: congratulations! your mobile number won ₹10 lakh. send ₹499 processing fee to claim the amount.
IND-04654,Guys please forward: UPI PIN is required to receive money. Share your PIN with the sender.,misinformation,NONE,MEDIUM,Unverified or misleading claim; forwarding pressure or implausible assertion,VERIFY_SOURCE,HINGLISH,MISINFORMATION,0.9,synthetic_augmented,0,0,0,1,0,0,HIGH,guys please forward: upi pin is required to receive money. share your pin with the sender.
IND-01325,"Sir, Click http://secure-login.example to prevent your WhatsApp account from being disabled.",scam,PHISHING,HIGH,Suspicious link requesting credentials/payment,CLICK_LINK,HINGLISH,Phishing,0.98,synthetic_augmented,1,0,0,0,0,0,HIGH,"sir, click URLTOKEN to prevent your whatsapp account from being disabled."
IND-01967,Your interview is scheduled for Monday at 11 AM. Please use the employer's official recruitment portal for details.,legit,NONE,LOW,Normal transactional/personal communication; no malicious request,NONE,ENGLISH,Employment,0.9,public_dataset_derived,0,0,0,0,0,0,LOW,your interview is scheduled for monday at 11 am. please use the employer's official recruitment portal for details.
IND-01474,Turant check karein: FedEx parcel alert: your package cannot be delivered until ₹799 is paid. Pay now to avoid return.,scam,COURIER_FRAUD,HIGH,Unexpected parcel/customs fee; payment request or link,PAY_FEE,HINDI_ROMAN,Courier,0.94,public_dataset_derived,0,0,0,0,1,0,HIGH,turant check karein: fedex parcel alert: your package cannot be delivered until ₹799 is paid. pay now to avoid return.
IND-03895,Kripya check karein: A caller claiming to be from my bank asked for an OTP to cancel a transaction. I did not share it.,suspicious,BANK_IMPERSONATION,MEDIUM,"Potential fraud indicators present, but authenticity is not established",VERIFY_BEFORE_ACTION,HINDI_ROMAN,UNVERIFIED_COMMUNICATION,0.89,synthetic_augmented,0,0,1,0,0,1,HIGH,kripya check karein: a caller claiming to be from my bank asked for an otp to cancel a transaction. i did not share it.
IND-00682,Police notice: your SIM is involved in fraud. Do not tell anyone. Pay the settlement amount immediately.,scam,POLICE_IMPERSONATION,CRITICAL,Threat of arrest/case; demands money,PAY_OR_TRANSFER,ENGLISH,Law enforcement,0.93,synthetic_augmented,0,0,0,0,1,1,HIGH,police notice: your sim is involved in fraud. do not tell anyone. pay the settlement amount immediately.
IND-00833,"Madam, Urgent help needed for a child. Please send ₹1,000 to this personal UPI ID immediately. No time for verification.",scam,CHARITY_SCAM,MEDIUM,Urgent donation request with unverifiable details,DONATE,HINGLISH,Charity,0.95,synthetic_augmented,0,0,0,0,1,0,HIGH,"madam, urgent help needed for a child. please send ₹1,000 to this personal upi id immediately. no time for verification."
IND-03132,Mujhe ek message mila hai: I received a message saying I have an income-tax refund and it contains a link. I haven't checked the official portal.,suspicious,TAX_REFUND_SCAM,MEDIUM,"Potential fraud indicators present, but authenticity is not established",VERIFY_BEFORE_ACTION,HINDI_ROMAN,UNVERIFIED_COMMUNICATION,0.87,synthetic_augmented,0,0,0,0,0,0,HIGH,mujhe ek message mila hai: i received a message saying i have an income-tax refund and it contains a link. i haven't checked the official portal.
IND-04560,Bhai sabko bhejo: All domestic flights are free for senior citizens this weekend. No booking is required.,misinformation,NONE,MEDIUM,Unverified or misleading claim; forwarding pressure or implausible assertion,VERIFY_SOURCE,HINGLISH,MISINFORMATION,0.95,synthetic_augmented,0,0,0,0,0,0,HIGH,bhai sabko bhejo: all domestic flights are free for senior citizens this weekend. no booking is required.
IND-00680,"Courier department: parcel contains restricted material. Pay ₹2,000 immediately or legal action will start.",scam,COURIER_FRAUD,HIGH,Unexpected parcel/customs fee; payment request or link,PAY_FEE,ENGLISH,Courier,0.98,public_dataset_derived,0,0,0,0,1,0,CRITICAL,"courier department: parcel contains restricted material. pay ₹2,000 immediately or legal action will start."
IND-02266,Aapke account se ₹900 debit hua hai. Agar aapne transaction nahi kiya to official bank app mein check karein. Please verify through the official app.,legit,NONE,LOW,Normal transactional/personal communication; no malicious request,NONE,HINGLISH,Banking,0.92,public_dataset_derived,0,0,0,0,1,1,LOW,aapke account se ₹900 debit hua hai. agar aapne transaction nahi kiya to official bank app mein check karein. please verify through the official app.
IND-00819,Kripya dhyan dein: Emergency donation appeal: transfer ₹500 now to help a hospital patient. Please forward to 10 groups.,scam,CHARITY_SCAM,MEDIUM,Urgent donation request with unverifiable details,DONATE,HINDI_ROMAN,Charity,0.89,synthetic_augmented,0,0,0,0,1,0,CRITICAL,kripya dhyan dein: emergency donation appeal: transfer ₹500 now to help a hospital patient. please forward to 10 groups.
IND-03611,Mujhe ek message mila hai: A parcel-fee message came from an unknown number and asks for ₹499 through a link. Is it genuine?,suspicious,COURIER_FRAUD,MEDIUM,"Potential fraud indicators present, but authenticity is not established",VERIFY_BEFORE_ACTION,HINDI_ROMAN,UNVERIFIED_COMMUNICATION,0.85,synthetic_augmented,0,0,0,0,1,0,HIGH,mujhe ek message mila hai: a parcel-fee message came from an unknown number and asks for ₹499 through a link. is it genuine?
IND-02411,Guys kal project review 4 baje lab mein hai. Please bring your laptop. Please verify through the official app.,legit,NONE,LOW,Normal transactional/personal communication; no malicious request,NONE,HINGLISH,College,0.95,public_dataset_derived,0,0,0,0,0,0,LOW,guys kal project review 4 baje lab mein hai. please bring your laptop. please verify through the official app.
IND-03224,"Bhai, A parcel-fee message came from an unknown number and asks for ₹499 through a link. Is it genuine?",suspicious,COURIER_FRAUD,MEDIUM,"Potential fraud indicators present, but authenticity is not established",VERIFY_BEFORE_ACTION,HINGLISH,UNVERIFIED_COMMUNICATION,0.85,synthetic_augmented,0,0,0,0,1,0,MEDIUM,"bhai, a parcel-fee message came from an unknown number and asks for ₹499 through a link. is it genuine?"
IND-01648,"Aapka parcel kal deliver hoga. Delivery partner ka official tracking page check kar sakte hain. For security, never share OTP.",legit,NONE,LOW,Normal transactional/personal communication; no malicious request,NONE,HINGLISH,Courier,0.94,public_dataset_derived,0,0,1,0,0,0,LOW,"aapka parcel kal deliver hoga. delivery partner ka official tracking page check kar sakte hain. for security, never share otp ."
IND-00294,Bahut zaroori hai: Electricity department: last warning. Pay ₹999 immediately to avoid disconnection.,scam,ELECTRICITY_SCAM,HIGH,Disconnection threat plus payment/link,PAY_BILL,HINDI_ROMAN,Utilities,0.95,public_dataset_derived,0,0,0,0,1,0,CRITICAL,bahut zaroori hai: electricity department: last warning. pay ₹999 immediately to avoid disconnection.
IND-00877,Kripya dhyan dein: Your account needs urgent verification. Login at http://account-check.example before midnight.,scam,PHISHING,HIGH,Suspicious link requesting credentials/payment,CLICK_LINK,HINDI_ROMAN,Phishing,0.9,public_dataset_derived,1,0,0,0,0,0,CRITICAL,kripya dhyan dein: your account needs urgent verification. login at URLTOKEN before midnight.
IND-02046,Aadhaar update ke liye nearest authorised centre ya official UIDAI portal use karein. Please verify through the official app.,legit,NONE,LOW,Normal transactional/personal communication; no malicious request,NONE,HINGLISH,Government,0.95,public_dataset_derived,0,0,0,0,0,1,LOW,aadhaar update ke liye nearest authorised centre ya official uidai portal use karein. please verify through the official app.
IND-01328,"Bhai, Your electricity connection will be disconnected tonight due to unpaid bill. Pay ₹1,850 at http://power-pay.example.",scam,ELECTRICITY_SCAM,HIGH,Disconnection threat plus payment/link,PAY_BILL,HINGLISH,Utilities,0.89,public_dataset_derived,1,0,0,0,1,0,HIGH,"bhai, your electricity connection will be disconnected tonight due to unpaid bill. pay ₹1,850 at URLTOKEN"
IND-01080,Kripya dhyan dein: SBI security team here. Your debit card will be blocked unless you verify your details through this link.,scam,BANK_IMPERSONATION,HIGH,Claims to be bank/security team; asks for sensitive information,VERIFY_BANK,HINDI_ROMAN,Banking,0.95,public_dataset_derived,0,0,0,0,0,1,CRITICAL,kripya dhyan dein: sbi security team here. your debit card will be blocked unless you verify your details through this link.
IND-04635,Bahut important khabar: From tomorrow all UPI transactions will have a mandatory 50% government tax. Forward this urgently.,misinformation,NONE,MEDIUM,Unverified or misleading claim; forwarding pressure or implausible assertion,VERIFY_SOURCE,HINDI_ROMAN,MISINFORMATION,0.79,synthetic_augmented,0,0,0,0,0,1,HIGH,bahut important khabar: from tomorrow all upi transactions will have a mandatory 50% government tax. forward this urgently.
IND-01490,Prize department: pay the verification fee immediately to receive your lottery winnings.,scam,LOTTERY_SCAM,HIGH,Prize claim requires fee/payment,PAY_FEE,ENGLISH,Lottery,0.89,public_dataset_derived,0,0,0,0,1,0,CRITICAL,prize department: pay the verification fee immediately to receive your lottery winnings.
IND-04771,Important hai: All college exams are permanently cancelled this semester. Forward to every student.,misinformation,NONE,MEDIUM,Unverified or misleading claim; forwarding pressure or implausible assertion,VERIFY_SOURCE,HINGLISH,MISINFORMATION,0.87,synthetic_augmented,0,0,0,0,0,0,MEDIUM,important hai: all college exams are permanently cancelled this semester. forward to every student.
IND-00158,"Please dhyan do, Dear customer, your KYC has failed. Update it immediately through http://verify-kyc.example or your account will be suspended.",scam,KYC_FRAUD,HIGH,OTP request; KYC/account threat; urgency,SHARE_OTP,HINGLISH,KYC / Banking,0.92,public_dataset_derived,1,0,0,0,0,1,HIGH,"please dhyan do, dear customer, your kyc has failed. update it immediately through URLTOKEN or your account will be suspended."
IND-00912,"Please dhyan do, Your ₹5 lakh loan is approved. Send ₹999 insurance charges to release the amount today.",scam,LOAN_SCAM,HIGH,Loan promise with advance processing fee,PAY_FEE,HINGLISH,Loans,0.99,public_dataset_derived,0,0,0,0,1,0,CRITICAL,"please dhyan do, your ₹5 lakh loan is approved. send ₹999 insurance charges to release the amount today."
IND-03641,Mujhe ye message aaya: Someone offered me a work-from-home job but wants a ₹500 joining fee first. I am unsure if it is genuine.,suspicious,JOB_SCAM,MEDIUM,"Potential fraud indicators present, but authenticity is not established",VERIFY_BEFORE_ACTION,HINGLISH,UNVERIFIED_COMMUNICATION,0.82,synthetic_augmented,0,0,0,0,1,0,MEDIUM,mujhe ye message aaya: someone offered me a work-from-home job but wants a ₹500 joining fee first. i am unsure if it is genuine.
IND-00920,Urgent hai: Your account needs phone verification. Please reply with the OTP to complete the security check.,scam,OTP_THEFT,HIGH,Requests one-time password; suspicious verification,SHARE_OTP,HINGLISH,Banking,0.91,public_dataset_derived,0,0,1,0,0,0,CRITICAL,urgent hai: your account needs phone verification. please reply with the otp to complete the security check.
IND-00954,Bank security: an unusual transaction was detected. Share the OTP you receive to cancel it immediately.,scam,OTP_THEFT,HIGH,Requests one-time password; suspicious verification,SHARE_OTP,ENGLISH,Banking,0.98,synthetic_augmented,0,0,1,0,0,1,CRITICAL,bank security: an unusual transaction was detected. share the otp you receive to cancel it immediately.
IND-01166,"Bhai, Railway recruitment selected you for the next round. Pay ₹499 document verification fee today.",scam,RECRUITMENT_SCAM,HIGH,Fake recruitment with registration fee,PAY_FEE,HINGLISH,Employment,0.89,synthetic_augmented,0,0,0,0,1,0,CRITICAL,"bhai, railway recruitment selected you for the next round. pay ₹499 document verification fee today."
IND-00607,Turant check karein: HR department: your job is approved. Pay the refundable training fee today to receive your offer letter.,scam,JOB_SCAM,HIGH,Job offer requires upfront payment or sensitive documents,PAY_FEE,HINDI_ROMAN,Employment,0.97,synthetic_augmented,0,0,0,0,1,1,CRITICAL,turant check karein: hr department: your job is approved. pay the refundable training fee today to receive your offer letter.
IND-01385,Bahut zaroori hai: Your bank account has been flagged. Call +91 9876543210 and provide the OTP to cancel the transaction.,scam,BANK_IMPERSONATION,HIGH,Claims to be bank/security team; asks for sensitive information,VERIFY_BANK,HINDI_ROMAN,Banking,0.92,public_dataset_derived,0,1,1,0,0,1,HIGH,bahut zaroori hai: your bank account has been flagged. call +91 PHONETOKEN and provide the otp to cancel the transaction.
IND-00929,"Dear customer, your KYC has failed. Update it immediately through http://verify-kyc.example or your account will be suspended.",scam,KYC_FRAUD,HIGH,OTP request; KYC/account threat; urgency,SHARE_OTP,ENGLISH,KYC / Banking,0.89,public_dataset_derived,1,0,0,0,0,1,CRITICAL,"dear customer, your kyc has failed. update it immediately through URLTOKEN or your account will be suspended."
IND-02029,Your train ticket booking is confirmed. PNR 4512789630. Check journey details through the official railway service.,legit,NONE,LOW,Normal transactional/personal communication; no malicious request,NONE,ENGLISH,Railway,0.96,public_dataset_derived,0,0,0,0,0,1,LOW,your train ticket booking is confirmed. pnr 4512789630. check journey details through the official railway service.
IND-01213,Bahut zaroori hai: FASTag verification pending. Send vehicle RC and OTP to activate your account.,scam,FASTAG_SCAM,HIGH,KYC/recharge/blacklist threat plus payment/link,PAY_OR_UPDATE,HINDI_ROMAN,Transport,0.91,synthetic_augmented,0,0,1,0,0,0,HIGH,bahut zaroori hai: fastag verification pending. send vehicle rc and otp to activate your account.
IND-00675,"Please dhyan do, Scholarship registration closes today. Pay ₹199 processing charges immediately.",scam,SCHOLARSHIP_SCAM,HIGH,Scholarship claim requires fee/bank details,PAY_FEE,HINGLISH,Education,0.95,public_dataset_derived,0,0,0,0,1,0,HIGH,"please dhyan do, scholarship registration closes today. pay ₹199 processing charges immediately."
IND-01694,Delivery attempt was unsuccessful. You can reschedule through the official courier website or app.,legit,NONE,LOW,Normal transactional/personal communication; no malicious request,NONE,ENGLISH,Courier,0.99,public_dataset_derived,0,0,0,0,0,0,LOW,delivery attempt was unsuccessful. you can reschedule through the official courier website or app.
IND-03640,Kripya check karein: A forwarded donation request asks for money but gives no verifiable organisation details.,suspicious,CHARITY_SCAM,MEDIUM,"Potential fraud indicators present, but authenticity is not established",VERIFY_BEFORE_ACTION,HINDI_ROMAN,UNVERIFIED_COMMUNICATION,0.83,synthetic_augmented,0,0,0,0,0,0,HIGH,kripya check karein: a forwarded donation request asks for money but gives no verifiable organisation details.
IND-02425,Delivery attempt was unsuccessful. You can reschedule through the official courier website or app. Check the official portal for details.,legit,NONE,LOW,Normal transactional/personal communication; no malicious request,NONE,ENGLISH,Courier,0.93,public_dataset_derived,0,0,0,0,0,0,LOW,delivery attempt was unsuccessful. you can reschedule through the official courier website or app. check the official portal for details.
IND-01338,Electricity department: last warning. Pay ₹999 immediately to avoid disconnection.,scam,ELECTRICITY_SCAM,HIGH,Disconnection threat plus payment/link,PAY_BILL,ENGLISH,Utilities,0.94,public_dataset_derived,0,0,0,0,1,0,HIGH,electricity department: last warning. pay ₹999 immediately to avoid disconnection.
IND-00755,"Supreme Court cyber team here. You are under digital arrest due to money laundering. Transfer ₹50,000 for verification.",scam,DIGITAL_ARREST,CRITICAL,Authority impersonation; intimidation; payment demand,PAY_OR_TRANSFER,ENGLISH,Law enforcement,0.97,synthetic_augmented,0,0,0,0,1,1,HIGH,"supreme court cyber team here. you are under digital arrest due to money laundering. transfer ₹50,000 for verification."
IND-02351,"UPI payment of ₹850 to XYZ Store was successful. Transaction reference TXN872319. For security, never share OTP.",legit,NONE,LOW,Normal transactional/personal communication; no malicious request,NONE,ENGLISH,UPI,0.97,public_dataset_derived,0,0,1,0,1,0,LOW,"upi payment of ₹850 to xyz store was successful. transaction reference txn872319. for security, never share otp ."
IND-04196,Bahut important khabar: All domestic flights are free for senior citizens this weekend. No booking is required.,misinformation,NONE,MEDIUM,Unverified or misleading claim; forwarding pressure or implausible assertion,VERIFY_SOURCE,HINDI_ROMAN,MISINFORMATION,0.94,synthetic_augmented,0,0,0,0,0,0,MEDIUM,bahut important khabar: all domestic flights are free for senior citizens this weekend. no booking is required.
IND-01272,Click http://secure-login.example to prevent your WhatsApp account from being disabled.,scam,PHISHING,HIGH,Suspicious link requesting credentials/payment,CLICK_LINK,ENGLISH,Phishing,0.9,synthetic_augmented,1,0,0,0,0,0,CRITICAL,click URLTOKEN to prevent your whatsapp account from being disabled.
IND-01443,FASTag KYC failed. Pay ₹499 and update vehicle details at http://fastag-update.example to avoid blacklisting.,scam,FASTAG_SCAM,HIGH,KYC/recharge/blacklist threat plus payment/link,PAY_OR_UPDATE,ENGLISH,Transport,0.93,synthetic_augmented,1,0,0,0,1,1,CRITICAL,fastag kyc failed. pay ₹499 and update vehicle details at URLTOKEN to avoid blacklisting.
IND-01927,"Bhai tera parcel aa gaya hai, main reception pe rakh raha hoon. Check the official portal for details.",legit,NONE,LOW,Normal transactional/personal communication; no malicious request,NONE,HINGLISH,Delivery,0.93,public_dataset_derived,0,0,0,0,0,0,LOW,"bhai tera parcel aa gaya hai, main reception pe rakh raha hoon. check the official portal for details."
IND-00705,"Please dhyan do, FASTag KYC failed. Pay ₹499 and update vehicle details at http://fastag-update.example to avoid blacklisting.",scam,FASTAG_SCAM,HIGH,KYC/recharge/blacklist threat plus payment/link,PAY_OR_UPDATE,HINGLISH,Transport,0.88,synthetic_augmented,1,0,0,0,1,1,CRITICAL,"please dhyan do, fastag kyc failed. pay ₹499 and update vehicle details at URLTOKEN to avoid blacklisting."
IND-00996,"Turant check karein: Part-time job available: earn ₹5,000 daily. Send ₹499 security deposit and Aadhaar copy to start.",scam,JOB_SCAM,HIGH,Job offer requires upfront payment or sensitive documents,PAY_FEE,HINDI_ROMAN,Employment,0.97,synthetic_augmented,0,0,0,0,1,1,HIGH,"turant check karein: part-time job available: earn ₹5,000 daily. send ₹499 security deposit and aadhaar copy to start."
IND-03066,"Guys, Someone says my KYC will expire today and wants my documents on WhatsApp. I have not verified the sender.",suspicious,KYC_FRAUD,MEDIUM,"Potential fraud indicators present, but authenticity is not established",VERIFY_BEFORE_ACTION,HINGLISH,UNVERIFIED_COMMUNICATION,0.76,synthetic_augmented,0,0,0,0,0,1,MEDIUM,"guys, someone says my kyc will expire today and wants my documents on whatsapp. i have not verified the sender."
IND-00394,Bahut zaroori hai: Your account needs urgent verification. Login at http://account-check.example before midnight.,scam,PHISHING,HIGH,Suspicious link requesting credentials/payment,CLICK_LINK,HINDI_ROMAN,Phishing,0.89,synthetic_augmented,1,0,0,0,0,0,HIGH,bahut zaroori hai: your account needs urgent verification. login at URLTOKEN before midnight.
IND-03521,Mujhe ye message aaya: A WhatsApp group promises guaranteed crypto returns and asks members to transfer money. Can this be verified?,suspicious,INVESTMENT_SCAM,MEDIUM,"Potential fraud indicators present, but authenticity is not established",VERIFY_BEFORE_ACTION,HINGLISH,UNVERIFIED_COMMUNICATION,0.75,synthetic_augmented,0,0,0,0,1,0,HIGH,mujhe ye message aaya: a whatsapp group promises guaranteed crypto returns and asks members to transfer money. can this be verified?
IND-00925,Your account needs phone verification. Please reply with the OTP to complete the security check.,scam,OTP_THEFT,HIGH,Requests one-time password; suspicious verification,SHARE_OTP,ENGLISH,Banking,0.9,public_dataset_derived,0,0,1,0,0,0,HIGH,your account needs phone verification. please reply with the otp to complete the security check.
IND-00078,"Madam, Refund pending. To receive ₹1,499, enter your UPI PIN on the link http://refund-check.example.",scam,UPI_FRAUD,HIGH,Requests UPI PIN/payment; urgency,PAY_OR_SHARE_UPI,HINGLISH,UPI,0.95,synthetic_augmented,1,0,0,1,1,0,HIGH,"madam, refund pending. to receive ₹1,499, enter your upi pin on the link URLTOKEN"
IND-02143,"Transaction alert: ₹2,450 was debited from your account. If you did not make this transaction, use the official bank app to report it.",legit,NONE,LOW,Normal transactional/personal communication; no malicious request,NONE,ENGLISH,Banking,0.99,public_dataset_derived,0,0,0,0,1,1,LOW,"transaction alert: ₹2,450 was debited from your account. if you did not make this transaction, use the official bank app to report it."
IND-00106,"Kripya dhyan dein: Student scholarship selected. Send Aadhaar and bank details on WhatsApp to release ₹10,000.",scam,SCHOLARSHIP_SCAM,HIGH,Scholarship claim requires fee/bank details,PAY_FEE,HINDI_ROMAN,Education,0.88,public_dataset_derived,0,0,0,0,1,1,HIGH,"kripya dhyan dein: student scholarship selected. send aadhaar and bank details on whatsapp to release ₹10,000."
IND-00459,"Madam, Crypto investment group: deposit ₹2,500 now and receive guaranteed returns within 48 hours.",scam,INVESTMENT_SCAM,HIGH,Guaranteed/high returns; asks for transfer,TRANSFER_MONEY,HINGLISH,Investment,0.91,synthetic_augmented,0,0,0,0,1,0,HIGH,"madam, crypto investment group: deposit ₹2,500 now and receive guaranteed returns within 48 hours."
IND-00358,"Bahut zaroori hai: Government scholarship of ₹25,000 approved. Pay ₹299 verification fee to receive it.",scam,SCHOLARSHIP_SCAM,HIGH,Scholarship claim requires fee/bank details,PAY_FEE,HINDI_ROMAN,Education,0.92,synthetic_augmented,0,0,0,0,1,1,HIGH,"bahut zaroori hai: government scholarship of ₹25,000 approved. pay ₹299 verification fee to receive it."
IND-01021,"Bhai, SBI security team here. Your debit card will be blocked unless you verify your details through this link.",scam,BANK_IMPERSONATION,HIGH,Claims to be bank/security team; asks for sensitive information,VERIFY_BANK,HINGLISH,Banking,0.99,public_dataset_derived,0,0,0,0,0,1,HIGH,"bhai, sbi security team here. your debit card will be blocked unless you verify your details through this link."
IND-04959,Guys please forward: All domestic flights are free for senior citizens this weekend. No booking is required.,misinformation,NONE,MEDIUM,Unverified or misleading claim; forwarding pressure or implausible assertion,VERIFY_SOURCE,HINGLISH,MISINFORMATION,0.85,synthetic_augmented,0,0,0,0,0,0,HIGH,guys please forward: all domestic flights are free for senior citizens this weekend. no booking is required.
IND-00559,Kripya dhyan dein: FedEx parcel alert: your package cannot be delivered until ₹799 is paid. Pay now to avoid return.,scam,COURIER_FRAUD,HIGH,Unexpected parcel/customs fee; payment request or link,PAY_FEE,HINDI_ROMAN,Courier,0.89,public_dataset_derived,0,0,0,0,1,0,HIGH,kripya dhyan dein: fedex parcel alert: your package cannot be delivered until ₹799 is paid. pay now to avoid return.
IND-00042,"You have been shortlisted for a government job. Pay ₹1,000 registration fee to receive your appointment letter.",scam,RECRUITMENT_SCAM,HIGH,Fake recruitment with registration fee,PAY_FEE,ENGLISH,Employment,0.94,synthetic_augmented,0,0,0,0,1,1,CRITICAL,"you have been shortlisted for a government job. pay ₹1,000 registration fee to receive your appointment letter."
IND-00561,Urgent hai: FedEx parcel alert: your package cannot be delivered until ₹799 is paid. Pay now to avoid return.,scam,COURIER_FRAUD,HIGH,Unexpected parcel/customs fee; payment request or link,PAY_FEE,HINGLISH,Courier,0.89,public_dataset_derived,0,0,0,0,1,0,HIGH,urgent hai: fedex parcel alert: your package cannot be delivered until ₹799 is paid. pay now to avoid return.
IND-02458,Your train ticket booking is confirmed. PNR 4512789630. Check journey details through the official railway service. Please verify through the official app.,legit,NONE,LOW,Normal transactional/personal communication; no malicious request,NONE,ENGLISH,Railway,0.95,public_dataset_derived,0,0,0,0,0,1,LOW,your train ticket booking is confirmed. pnr 4512789630. check journey details through the official railway service. please verify through the official app.
IND-01655,"Delivery attempt was unsuccessful. You can reschedule through the official courier website or app. For security, never share OTP.",legit,NONE,LOW,Normal transactional/personal communication; no malicious request,NONE,ENGLISH,Courier,0.96,public_dataset_derived,0,0,1,0,0,0,LOW,"delivery attempt was unsuccessful. you can reschedule through the official courier website or app. for security, never share otp ."
IND-01140,"Madam, Work from home recruitment: pay ₹299 onboarding charges and start earning immediately.",scam,RECRUITMENT_SCAM,HIGH,Fake recruitment with registration fee,PAY_FEE,HINGLISH,Employment,0.93,synthetic_augmented,0,0,0,0,1,0,CRITICAL,"madam, work from home recruitment: pay ₹299 onboarding charges and start earning immediately."
IND-04063,Important hai: All domestic flights are free for senior citizens this weekend. No booking is required.,misinformation,NONE,MEDIUM,Unverified or misleading claim; forwarding pressure or implausible assertion,VERIFY_SOURCE,HINGLISH,MISINFORMATION,0.81,synthetic_augmented,0,0,0,0,0,0,MEDIUM,important hai: all domestic flights are free for senior citizens this weekend. no booking is required.
IND-00390,Congratulations! Your mobile number won ₹10 lakh. Send ₹499 processing fee to claim the amount.,scam,LOTTERY_SCAM,HIGH,Prize claim requires fee/payment,PAY_FEE,ENGLISH,Lottery,0.9,synthetic_augmented,0,0,0,0,1,0,HIGH,congratulations! your mobile number won ₹10 lakh. send ₹499 processing fee to claim the amount.
IND-00324,Your meter has been flagged. Pay the pending amount now or your connection will be terminated today.,scam,ELECTRICITY_SCAM,HIGH,Disconnection threat plus payment/link,PAY_BILL,ENGLISH,Utilities,0.91,synthetic_augmented,0,0,0,0,1,0,HIGH,your meter has been flagged. pay the pending amount now or your connection will be terminated today.
IND-01331,"Please dhyan do, Limited investment opportunity: zero risk and guaranteed profit. Send ₹5,000 today to activate your account.",scam,INVESTMENT_SCAM,HIGH,Guaranteed/high returns; asks for transfer,TRANSFER_MONEY,HINGLISH,Investment,0.95,public_dataset_derived,0,0,0,0,1,0,HIGH,"please dhyan do, limited investment opportunity: zero risk and guaranteed profit. send ₹5,000 today to activate your account."
IND-01464,"Please dhyan do, URGENT: KYC expires in 2 hours. Send OTP and Aadhaar details on WhatsApp to keep your account active.",scam,KYC_FRAUD,HIGH,OTP request; KYC/account threat; urgency,SHARE_OTP,HINGLISH,KYC / Banking,0.95,synthetic_augmented,0,0,1,0,0,1,CRITICAL,"please dhyan do, urgent: kyc expires in 2 hours. send otp and aadhaar details on whatsapp to keep your account active."
IND-00461,"Madam, Your bank account has been flagged. Call +91 9876543210 and provide the OTP to cancel the transaction.",scam,BANK_IMPERSONATION,HIGH,Claims to be bank/security team; asks for sensitive information,VERIFY_BANK,HINGLISH,Banking,0.93,public_dataset_derived,0,1,1,0,0,1,CRITICAL,"madam, your bank account has been flagged. call +91 PHONETOKEN and provide the otp to cancel the transaction."
IND-04320,Guys please forward: ₹500 notes will stop being legal tender tonight. Exchange them immediately.,misinformation,NONE,MEDIUM,Unverified or misleading claim; forwarding pressure or implausible assertion,VERIFY_SOURCE,HINGLISH,MISINFORMATION,0.76,synthetic_augmented,0,0,0,0,1,0,MEDIUM,guys please forward: ₹500 notes will stop being legal tender tonight. exchange them immediately.
IND-01041,"Sir, URGENT: KYC expires in 2 hours. Send OTP and Aadhaar details on WhatsApp to keep your account active.",scam,KYC_FRAUD,HIGH,OTP request; KYC/account threat; urgency,SHARE_OTP,HINGLISH,KYC / Banking,0.91,public_dataset_derived,0,0,1,0,0,1,HIGH,"sir, urgent: kyc expires in 2 hours. send otp and aadhaar details on whatsapp to keep your account active."
IND-01344,Bahut zaroori hai: Your WhatsApp account will be permanently disabled today. Click http://appeal.example and enter your login code.,scam,ACCOUNT_TAKEOVER,HIGH,Threatens account closure and requests login/OTP,LOGIN_OR_SHARE_OTP,HINDI_ROMAN,Account security,0.9,public_dataset_derived,1,0,0,0,0,0,CRITICAL,bahut zaroori hai: your whatsapp account will be permanently disabled today. click URLTOKEN and enter your login code.
IND-01271,Your Aadhaar is linked to a criminal investigation. Do not disconnect. Pay the security deposit immediately.,scam,DIGITAL_ARREST,CRITICAL,Authority impersonation; intimidation; payment demand,PAY_OR_TRANSFER,ENGLISH,Law enforcement,0.89,synthetic_augmented,0,0,0,0,1,1,HIGH,your aadhaar is linked to a criminal investigation. do not disconnect. pay the security deposit immediately.
IND-00801,"You have won ₹25,00,000 in the lucky draw. Pay ₹2,999 tax charges to release your prize.",scam,LOTTERY_SCAM,HIGH,Prize claim requires fee/payment,PAY_FEE,ENGLISH,Lottery,0.94,synthetic_augmented,0,0,0,0,1,0,HIGH,"you have won ₹25,00,000 in the lucky draw. pay ₹2,999 tax charges to release your prize."
IND-00693,"Bahut zaroori hai: You have been shortlisted for a government job. Pay ₹1,000 registration fee to receive your appointment letter.",scam,RECRUITMENT_SCAM,HIGH,Fake recruitment with registration fee,PAY_FEE,HINDI_ROMAN,Employment,0.98,public_dataset_derived,0,0,0,0,1,1,HIGH,"bahut zaroori hai: you have been shortlisted for a government job. pay ₹1,000 registration fee to receive your appointment letter."
IND-01156,Turant check karein: Click http://secure-login.example to prevent your WhatsApp account from being disabled.,scam,PHISHING,HIGH,Suspicious link requesting credentials/payment,CLICK_LINK,HINDI_ROMAN,Phishing,0.95,public_dataset_derived,1,0,0,0,0,0,HIGH,turant check karein: click URLTOKEN to prevent your whatsapp account from being disabled.
IND-01548,Aapke account se ₹900 debit hua hai. Agar aapne transaction nahi kiya to official bank app mein check karein.,legit,NONE,LOW,Normal transactional/personal communication; no malicious request,NONE,HINGLISH,Banking,0.92,public_dataset_derived,0,0,0,0,1,1,LOW,aapke account se ₹900 debit hua hai. agar aapne transaction nahi kiya to official bank app mein check karein.
IND-02642,"Guys kal project review 4 baje lab mein hai. Please bring your laptop. For security, never share OTP.",legit,NONE,LOW,Normal transactional/personal communication; no malicious request,NONE,HINGLISH,College,0.95,public_dataset_derived,0,0,1,0,0,0,LOW,"guys kal project review 4 baje lab mein hai. please bring your laptop. for security, never share otp ."
IND-00842,"Bhai, Income Tax Department: click http://refund.example to claim your pending refund today.",scam,TAX_REFUND_SCAM,HIGH,Fake refund plus PAN/bank/OTP request,SHARE_DETAILS,HINGLISH,Tax,0.92,synthetic_augmented,1,0,0,0,0,1,HIGH,"bhai, income tax department: click URLTOKEN to claim your pending refund today."
IND-04061,Guys please forward: All college exams are permanently cancelled this semester. Forward to every student.,misinformation,NONE,MEDIUM,Unverified or misleading claim; forwarding pressure or implausible assertion,VERIFY_SOURCE,HINGLISH,MISINFORMATION,0.92,synthetic_augmented,0,0,0,0,0,0,MEDIUM,guys please forward: all college exams are permanently cancelled this semester. forward to every student.
IND-01102,"Bhai, Supreme Court cyber team here. You are under digital arrest due to money laundering. Transfer ₹50,000 for verification.",scam,DIGITAL_ARREST,CRITICAL,Authority impersonation; intimidation; payment demand,PAY_OR_TRANSFER,HINGLISH,Law enforcement,0.95,public_dataset_derived,0,0,0,0,1,1,HIGH,"bhai, supreme court cyber team here. you are under digital arrest due to money laundering. transfer ₹50,000 for verification."
IND-01290,"Urgent hai: Income Tax refund of ₹18,500 is pending. Confirm PAN, bank details and OTP at http://tax-refund.example.",scam,TAX_REFUND_SCAM,HIGH,Fake refund plus PAN/bank/OTP request,SHARE_DETAILS,HINGLISH,Tax,0.92,public_dataset_derived,1,0,1,0,1,1,CRITICAL,"urgent hai: income tax refund of ₹18,500 is pending. confirm pan, bank details and otp at URLTOKEN"
IND-00031,"Sir, Your meter has been flagged. Pay the pending amount now or your connection will be terminated today.",scam,ELECTRICITY_SCAM,HIGH,Disconnection threat plus payment/link,PAY_BILL,HINGLISH,Utilities,0.95,public_dataset_derived,0,0,0,0,1,0,HIGH,"sir, your meter has been flagged. pay the pending amount now or your connection will be terminated today."
IND-00554,Your email account will close in 24 hours. Login through this link to keep it active.,scam,ACCOUNT_TAKEOVER,HIGH,Threatens account closure and requests login/OTP,LOGIN_OR_SHARE_OTP,ENGLISH,Account security,0.89,public_dataset_derived,0,0,0,0,0,0,CRITICAL,your email account will close in 24 hours. login through this link to keep it active.
IND-02895,Your parcel has been shipped and is expected to arrive tomorrow. Track it using the courier company's official application. Please verify through the official app.,legit,NONE,LOW,Normal transactional/personal communication; no malicious request,NONE,ENGLISH,Courier,0.93,public_dataset_derived,0,0,0,0,0,0,LOW,your parcel has been shipped and is expected to arrive tomorrow. track it using the courier company's official application. please verify through the official app.
IND-00677,"CBI officer here. A money laundering case is registered against your Aadhaar. Transfer ₹20,000 for verification.",scam,POLICE_IMPERSONATION,CRITICAL,Threat of arrest/case; demands money,PAY_OR_TRANSFER,ENGLISH,Law enforcement,0.98,public_dataset_derived,0,0,0,0,1,1,HIGH,"cbi officer here. a money laundering case is registered against your aadhaar. transfer ₹20,000 for verification."
IND-03168,"Bhai, I received a message saying I have an income-tax refund and it contains a link. I haven't checked the official portal.",suspicious,TAX_REFUND_SCAM,MEDIUM,"Potential fraud indicators present, but authenticity is not established",VERIFY_BEFORE_ACTION,HINGLISH,UNVERIFIED_COMMUNICATION,0.81,synthetic_augmented,0,0,0,0,0,0,HIGH,"bhai, i received a message saying i have an income-tax refund and it contains a link. i haven't checked the official portal."
IND-00332,Congratulations! You are selected for a work-from-home job. Pay ₹999 registration fee to confirm joining.,scam,JOB_SCAM,HIGH,Job offer requires upfront payment or sensitive documents,PAY_FEE,ENGLISH,Employment,0.96,synthetic_augmented,0,0,0,0,1,0,CRITICAL,congratulations! you are selected for a work-from-home job. pay ₹999 registration fee to confirm joining.
IND-00377,"Madam, Income Tax Department: click http://refund.example to claim your pending refund today.",scam,TAX_REFUND_SCAM,HIGH,Fake refund plus PAN/bank/OTP request,SHARE_DETAILS,HINGLISH,Tax,0.97,synthetic_augmented,1,0,0,0,0,1,HIGH,"madam, income tax department: click URLTOKEN to claim your pending refund today."
IND-00974,Your verification OTP has been generated. Send the OTP here so we can stop the unauthorized transaction.,scam,OTP_THEFT,HIGH,Requests one-time password; suspicious verification,SHARE_OTP,ENGLISH,Banking,0.9,public_dataset_derived,0,0,1,0,0,0,HIGH,your verification otp has been generated. send the otp here so we can stop the unauthorized transaction.
IND-02888,"Maine ₹500 UPI se bhej diye hain, transaction ID bhi aa gayi hai. Please verify through the official app.",legit,NONE,LOW,Normal transactional/personal communication; no malicious request,NONE,HINGLISH,UPI,0.93,public_dataset_derived,0,0,0,0,1,0,LOW,"maine ₹500 upi se bhej diye hain, transaction id bhi aa gayi hai. please verify through the official app."
IND-00083,Bahut zaroori hai: FASTag KYC failed. Pay ₹499 and update vehicle details at http://fastag-update.example to avoid blacklisting.,scam,FASTAG_SCAM,HIGH,KYC/recharge/blacklist threat plus payment/link,PAY_OR_UPDATE,HINDI_ROMAN,Transport,0.93,synthetic_augmented,1,0,0,0,1,1,CRITICAL,bahut zaroori hai: fastag kyc failed. pay ₹499 and update vehicle details at URLTOKEN to avoid blacklisting.
IND-04455,"Government is giving ₹10,000 to every citizen who forwards this message to 10 groups.",misinformation,NONE,MEDIUM,Unverified or misleading claim; forwarding pressure or implausible assertion,VERIFY_SOURCE,ENGLISH,MISINFORMATION,0.88,synthetic_augmented,0,0,0,0,1,1,MEDIUM,"government is giving ₹10,000 to every citizen who forwards this message to 10 groups."
IND-00081,"Please dhyan do, Your tax refund cannot be processed. Share your bank account and OTP immediately for verification.",scam,TAX_REFUND_SCAM,HIGH,Fake refund plus PAN/bank/OTP request,SHARE_DETAILS,HINGLISH,Tax,0.92,public_dataset_derived,0,0,1,0,0,1,CRITICAL,"please dhyan do, your tax refund cannot be processed. share your bank account and otp immediately for verification."
IND-03385,"Bhai, A WhatsApp group promises guaranteed crypto returns and asks members to transfer money. Can this be verified?",suspicious,INVESTMENT_SCAM,MEDIUM,"Potential fraud indicators present, but authenticity is not established",VERIFY_BEFORE_ACTION,HINGLISH,UNVERIFIED_COMMUNICATION,0.85,synthetic_augmented,0,0,0,0,1,0,MEDIUM,"bhai, a whatsapp group promises guaranteed crypto returns and asks members to transfer money. can this be verified?"
IND-03941,"Bhai, Someone offered me a work-from-home job but wants a ₹500 joining fee first. I am unsure if it is genuine.",suspicious,JOB_SCAM,MEDIUM,"Potential fraud indicators present, but authenticity is not established",VERIFY_BEFORE_ACTION,HINGLISH,UNVERIFIED_COMMUNICATION,0.87,synthetic_augmented,0,0,0,0,1,0,MEDIUM,"bhai, someone offered me a work-from-home job but wants a ₹500 joining fee first. i am unsure if it is genuine."
IND-01608,"For Aadhaar services, use the official UIDAI website or authorised centre. Never share OTP with anyone. Check the official portal for details.",legit,NONE,LOW,Normal transactional/personal communication; no malicious request,NONE,ENGLISH,Aadhaar,0.99,public_dataset_derived,0,0,1,0,0,1,LOW,"for aadhaar services, use the official uidai website or authorised centre. never share otp with anyone. check the official portal for details."
IND-00342,Turant check karein: Electricity department: last warning. Pay ₹999 immediately to avoid disconnection.,scam,ELECTRICITY_SCAM,HIGH,Disconnection threat plus payment/link,PAY_BILL,HINDI_ROMAN,Utilities,0.92,synthetic_augmented,0,0,0,0,1,0,HIGH,turant check karein: electricity department: last warning. pay ₹999 immediately to avoid disconnection.
IND-00059,"Madam, Your bank KYC is incomplete. Account will be blocked today. Share OTP to complete verification.",scam,KYC_FRAUD,HIGH,OTP request; KYC/account threat; urgency,SHARE_OTP,HINGLISH,KYC / Banking,0.93,synthetic_augmented,0,0,1,0,0,1,HIGH,"madam, your bank kyc is incomplete. account will be blocked today. share otp to complete verification."
IND-03425,"Bhai, This message says I won a shopping voucher but asks me to pay a small fee first. Has anyone verified it?",suspicious,LOTTERY_SCAM,MEDIUM,"Potential fraud indicators present, but authenticity is not established",VERIFY_BEFORE_ACTION,HINGLISH,UNVERIFIED_COMMUNICATION,0.83,synthetic_augmented,0,0,0,0,1,0,MEDIUM,"bhai, this message says i won a shopping voucher but asks me to pay a small fee first. has anyone verified it?"
IND-01150,Kripya dhyan dein: Congratulations! You are selected for a work-from-home job. Pay ₹999 registration fee to confirm joining.,scam,JOB_SCAM,HIGH,Job offer requires upfront payment or sensitive documents,PAY_FEE,HINDI_ROMAN,Employment,0.93,synthetic_augmented,0,0,0,0,1,0,HIGH,kripya dhyan dein: congratulations! you are selected for a work-from-home job. pay ₹999 registration fee to confirm joining.
IND-01773,"Your train ticket booking is confirmed. PNR 4512789630. Check journey details through the official railway service. For security, never share OTP.",legit,NONE,LOW,Normal transactional/personal communication; no malicious request,NONE,ENGLISH,Railway,0.93,public_dataset_derived,0,0,1,0,0,1,LOW,"your train ticket booking is confirmed. pnr 4512789630. check journey details through the official railway service. for security, never share otp ."
IND-00539,"Please dhyan do, Your account needs urgent verification. Login at http://account-check.example before midnight.",scam,PHISHING,HIGH,Suspicious link requesting credentials/payment,CLICK_LINK,HINGLISH,Phishing,0.92,public_dataset_derived,1,0,0,0,0,0,HIGH,"please dhyan do, your account needs urgent verification. login at URLTOKEN before midnight."
IND-01204,"Bhai, Your account needs urgent verification. Login at http://account-check.example before midnight.",scam,PHISHING,HIGH,Suspicious link requesting credentials/payment,CLICK_LINK,HINGLISH,Phishing,0.99,synthetic_augmented,1,0,0,0,0,0,HIGH,"bhai, your account needs urgent verification. login at URLTOKEN before midnight."
IND-01261,"Turant check karein: Your refund is ready. Enter card number, CVV and OTP at http://refund-portal.example.",scam,PHISHING,HIGH,Suspicious link requesting credentials/payment,CLICK_LINK,HINDI_ROMAN,Phishing,0.94,public_dataset_derived,1,0,1,0,0,0,HIGH,"turant check karein: your refund is ready. enter card number, cvv and otp at URLTOKEN"
IND-00894,"Kripya dhyan dein: You have been shortlisted for a government job. Pay ₹1,000 registration fee to receive your appointment letter.",scam,RECRUITMENT_SCAM,HIGH,Fake recruitment with registration fee,PAY_FEE,HINDI_ROMAN,Employment,0.9,synthetic_augmented,0,0,0,0,1,1,HIGH,"kripya dhyan dein: you have been shortlisted for a government job. pay ₹1,000 registration fee to receive your appointment letter."
IND-04111,All college exams are permanently cancelled this semester. Forward to every student.,misinformation,NONE,MEDIUM,Unverified or misleading claim; forwarding pressure or implausible assertion,VERIFY_SOURCE,ENGLISH,MISINFORMATION,0.95,synthetic_augmented,0,0,0,0,0,0,HIGH,all college exams are permanently cancelled this semester. forward to every student.
IND-00756,"Guaranteed 3X return in 7 days. Transfer ₹10,000 to our UPI account and our expert will trade for you.",scam,INVESTMENT_SCAM,HIGH,Guaranteed/high returns; asks for transfer,TRANSFER_MONEY,ENGLISH,Investment,0.89,public_dataset_derived,0,0,0,0,1,0,HIGH,"guaranteed 3x return in 7 days. transfer ₹10,000 to our upi account and our expert will trade for you."
IND-02192,"Aadhaar update ke liye nearest authorised centre ya official UIDAI portal use karein. For security, never share OTP.",legit,NONE,LOW,Normal transactional/personal communication; no malicious request,NONE,HINGLISH,Government,0.95,public_dataset_derived,0,0,1,0,0,1,LOW,"aadhaar update ke liye nearest authorised centre ya official uidai portal use karein. for security, never share otp ."
IND-01193,Urgent hai: Your email account will close in 24 hours. Login through this link to keep it active.,scam,ACCOUNT_TAKEOVER,HIGH,Threatens account closure and requests login/OTP,LOGIN_OR_SHARE_OTP,HINGLISH,Account security,0.93,synthetic_augmented,0,0,0,0,0,0,CRITICAL,urgent hai: your email account will close in 24 hours. login through this link to keep it active.
IND-00788,Kripya dhyan dein: Instagram security alert: unusual login detected. Verify your password and OTP using http://security-check.example.,scam,ACCOUNT_TAKEOVER,HIGH,Threatens account closure and requests login/OTP,LOGIN_OR_SHARE_OTP,HINDI_ROMAN,Account security,0.97,public_dataset_derived,1,0,1,0,0,0,HIGH,kripya dhyan dein: instagram security alert: unusual login detected. verify your password and otp using URLTOKEN
IND-00753,Your WhatsApp account will be permanently disabled today. Click http://appeal.example and enter your login code.,scam,ACCOUNT_TAKEOVER,HIGH,Threatens account closure and requests login/OTP,LOGIN_OR_SHARE_OTP,ENGLISH,Account security,0.99,public_dataset_derived,1,0,0,0,0,0,HIGH,your whatsapp account will be permanently disabled today. click URLTOKEN and enter your login code.
IND-01190,"Madam, Your UPI account will be suspended today. Send your UPI PIN to the verification agent to reactivate it.",scam,UPI_FRAUD,HIGH,Requests UPI PIN/payment; urgency,PAY_OR_SHARE_UPI,HINGLISH,UPI,0.96,public_dataset_derived,0,0,0,1,0,0,HIGH,"madam, your upi account will be suspended today. send your upi pin to the verification agent to reactivate it."
IND-02776,Reminder: check your income-tax filing status through the official government tax portal. Please verify through the official app.,legit,NONE,LOW,Normal transactional/personal communication; no malicious request,NONE,ENGLISH,Tax,0.95,public_dataset_derived,0,0,0,0,0,1,LOW,reminder: check your income-tax filing status through the official government tax portal. please verify through the official app.
IND-00213,Scholarship registration closes today. Pay ₹199 processing charges immediately.,scam,SCHOLARSHIP_SCAM,HIGH,Scholarship claim requires fee/bank details,PAY_FEE,ENGLISH,Education,0.92,public_dataset_derived,0,0,0,0,1,0,CRITICAL,scholarship registration closes today. pay ₹199 processing charges immediately.
IND-03735,Mujhe ek message mila hai: Someone says my KYC will expire today and wants my documents on WhatsApp. I have not verified the sender.,suspicious,KYC_FRAUD,MEDIUM,"Potential fraud indicators present, but authenticity is not established",VERIFY_BEFORE_ACTION,HINDI_ROMAN,UNVERIFIED_COMMUNICATION,0.88,synthetic_augmented,0,0,0,0,0,1,HIGH,mujhe ek message mila hai: someone says my kyc will expire today and wants my documents on whatsapp. i have not verified the sender.
IND-00615,Turant check karein: Prize department: pay the verification fee immediately to receive your lottery winnings.,scam,LOTTERY_SCAM,HIGH,Prize claim requires fee/payment,PAY_FEE,HINDI_ROMAN,Lottery,0.88,synthetic_augmented,0,0,0,0,1,0,HIGH,turant check karein: prize department: pay the verification fee immediately to receive your lottery winnings.
IND-04848,Bhai sabko bhejo: UPI PIN is required to receive money. Share your PIN with the sender.,misinformation,NONE,MEDIUM,Unverified or misleading claim; forwarding pressure or implausible assertion,VERIFY_SOURCE,HINGLISH,MISINFORMATION,0.84,synthetic_augmented,0,0,0,1,0,0,HIGH,bhai sabko bhejo: upi pin is required to receive money. share your pin with the sender.
IND-01698,"Your electricity bill of ₹1,850 is due on 25 August. Pay through the official electricity provider app or website. Please verify through the official app.",legit,NONE,LOW,Normal transactional/personal communication; no malicious request,NONE,ENGLISH,Utilities,0.9,public_dataset_derived,0,0,0,0,1,0,LOW,"your electricity bill of ₹1,850 is due on 25 august. pay through the official electricity provider app or website. please verify through the official app."
IND-02325,Aapke account se ₹900 debit hua hai. Agar aapne transaction nahi kiya to official bank app mein check karein. Check the official portal for details.,legit,NONE,LOW,Normal transactional/personal communication; no malicious request,NONE,HINGLISH,Banking,0.93,public_dataset_derived,0,0,0,0,1,1,LOW,aapke account se ₹900 debit hua hai. agar aapne transaction nahi kiya to official bank app mein check karein. check the official portal for details.
IND-00406,Turant check karein: Your account needs urgent verification. Login at http://account-check.example before midnight.,scam,PHISHING,HIGH,Suspicious link requesting credentials/payment,CLICK_LINK,HINDI_ROMAN,Phishing,0.89,public_dataset_derived,1,0,0,0,0,0,CRITICAL,turant check karein: your account needs urgent verification. login at URLTOKEN before midnight.
IND-00436,Urgent hai: Instagram security alert: unusual login detected. Verify your password and OTP using http://security-check.example.,scam,ACCOUNT_TAKEOVER,HIGH,Threatens account closure and requests login/OTP,LOGIN_OR_SHARE_OTP,HINGLISH,Account security,0.98,synthetic_augmented,1,0,1,0,0,0,CRITICAL,urgent hai: instagram security alert: unusual login detected. verify your password and otp using URLTOKEN
IND-00971,"Bhai, Your UPI account will be suspended today. Send your UPI PIN to the verification agent to reactivate it.",scam,UPI_FRAUD,HIGH,Requests UPI PIN/payment; urgency,PAY_OR_SHARE_UPI,HINGLISH,UPI,0.93,public_dataset_derived,0,0,0,1,0,0,CRITICAL,"bhai, your upi account will be suspended today. send your upi pin to the verification agent to reactivate it."
IND-00939,"Madam, Prize department: pay the verification fee immediately to receive your lottery winnings.",scam,LOTTERY_SCAM,HIGH,Prize claim requires fee/payment,PAY_FEE,HINGLISH,Lottery,0.89,public_dataset_derived,0,0,0,0,1,0,CRITICAL,"madam, prize department: pay the verification fee immediately to receive your lottery winnings."
IND-01451,"Instant personal loan approved without CIBIL check. Pay ₹1,499 processing fee before disbursement.",scam,LOAN_SCAM,HIGH,Loan promise with advance processing fee,PAY_FEE,ENGLISH,Loans,0.95,public_dataset_derived,0,0,0,0,1,0,CRITICAL,"instant personal loan approved without cibil check. pay ₹1,499 processing fee before disbursement."
IND-03510,Mujhe ek message mila hai: Someone offered me a work-from-home job but wants a ₹500 joining fee first. I am unsure if it is genuine.,suspicious,JOB_SCAM,MEDIUM,"Potential fraud indicators present, but authenticity is not established",VERIFY_BEFORE_ACTION,HINDI_ROMAN,UNVERIFIED_COMMUNICATION,0.77,synthetic_augmented,0,0,0,0,1,0,MEDIUM,mujhe ek message mila hai: someone offered me a work-from-home job but wants a ₹500 joining fee first. i am unsure if it is genuine.
IND-00007,Emergency donation appeal: transfer ₹500 now to help a hospital patient. Please forward to 10 groups.,scam,CHARITY_SCAM,MEDIUM,Urgent donation request with unverifiable details,DONATE,ENGLISH,Charity,0.92,synthetic_augmented,0,0,0,0,1,0,HIGH,emergency donation appeal: transfer ₹500 now to help a hospital patient. please forward to 10 groups.
IND-04041,Bhai sabko bhejo: All college exams are permanently cancelled this semester. Forward to every student.,misinformation,NONE,MEDIUM,Unverified or misleading claim; forwarding pressure or implausible assertion,VERIFY_SOURCE,HINGLISH,MISINFORMATION,0.95,synthetic_augmented,0,0,0,0,0,0,HIGH,bhai sabko bhejo: all college exams are permanently cancelled this semester. forward to every student.
IND-00109,Turant check karein: Your email account will close in 24 hours. Login through this link to keep it active.,scam,ACCOUNT_TAKEOVER,HIGH,Threatens account closure and requests login/OTP,LOGIN_OR_SHARE_OTP,HINDI_ROMAN,Account security,0.9,public_dataset_derived,0,0,0,0,0,0,CRITICAL,turant check karein: your email account will close in 24 hours. login through this link to keep it active.
IND-00768,"Please dhyan do, Congratulations! You are selected for a work-from-home job. Pay ₹999 registration fee to confirm joining.",scam,JOB_SCAM,HIGH,Job offer requires upfront payment or sensitive documents,PAY_FEE,HINGLISH,Employment,0.9,synthetic_augmented,0,0,0,0,1,0,HIGH,"please dhyan do, congratulations! you are selected for a work-from-home job. pay ₹999 registration fee to confirm joining."
IND-01115,Instagram security alert: unusual login detected. Verify your password and OTP using http://security-check.example.,scam,ACCOUNT_TAKEOVER,HIGH,Threatens account closure and requests login/OTP,LOGIN_OR_SHARE_OTP,ENGLISH,Account security,0.89,public_dataset_derived,1,0,1,0,0,0,HIGH,instagram security alert: unusual login detected. verify your password and otp using URLTOKEN
IND-00399,"Bhai, Your tax refund cannot be processed. Share your bank account and OTP immediately for verification.",scam,TAX_REFUND_SCAM,HIGH,Fake refund plus PAN/bank/OTP request,SHARE_DETAILS,HINGLISH,Tax,0.98,synthetic_augmented,0,0,1,0,0,1,HIGH,"bhai, your tax refund cannot be processed. share your bank account and otp immediately for verification."
IND-02003,"Security reminder: bank staff will never ask for your OTP, UPI PIN, CVV or password. For security, never share OTP.",legit,NONE,LOW,Normal transactional/personal communication; no malicious request,NONE,ENGLISH,Banking,0.97,public_dataset_derived,0,0,1,1,0,1,LOW,"security reminder: bank staff will never ask for your otp , upi pin, cvv or password. for security, never share otp ."
IND-00915,"Sir, Your WhatsApp account will be permanently disabled today. Click http://appeal.example and enter your login code.",scam,ACCOUNT_TAKEOVER,HIGH,Threatens account closure and requests login/OTP,LOGIN_OR_SHARE_OTP,HINGLISH,Account security,0.91,public_dataset_derived,1,0,0,0,0,0,HIGH,"sir, your whatsapp account will be permanently disabled today. click URLTOKEN and enter your login code."
IND-01221,Urgent hai: Railway recruitment selected you for the next round. Pay ₹499 document verification fee today.,scam,RECRUITMENT_SCAM,HIGH,Fake recruitment with registration fee,PAY_FEE,HINGLISH,Employment,0.93,public_dataset_derived,0,0,0,0,1,0,HIGH,urgent hai: railway recruitment selected you for the next round. pay ₹499 document verification fee today.
IND-00396,"Please dhyan do, Emergency donation appeal: transfer ₹500 now to help a hospital patient. Please forward to 10 groups.",scam,CHARITY_SCAM,MEDIUM,Urgent donation request with unverifiable details,DONATE,HINGLISH,Charity,0.91,public_dataset_derived,0,0,0,0,1,0,HIGH,"please dhyan do, emergency donation appeal: transfer ₹500 now to help a hospital patient. please forward to 10 groups."
IND-01436,Turant check karein: Scholarship registration closes today. Pay ₹199 processing charges immediately.,scam,SCHOLARSHIP_SCAM,HIGH,Scholarship claim requires fee/bank details,PAY_FEE,HINDI_ROMAN,Education,0.95,public_dataset_derived,0,0,0,0,1,0,HIGH,turant check karein: scholarship registration closes today. pay ₹199 processing charges immediately.
IND-03513,"Bhai, Someone says my KYC will expire today and wants my documents on WhatsApp. I have not verified the sender.",suspicious,KYC_FRAUD,MEDIUM,"Potential fraud indicators present, but authenticity is not established",VERIFY_BEFORE_ACTION,HINGLISH,UNVERIFIED_COMMUNICATION,0.76,synthetic_augmented,0,0,0,0,0,1,MEDIUM,"bhai, someone says my kyc will expire today and wants my documents on whatsapp. i have not verified the sender."
IND-00562,Urgent hai: Congratulations! You are selected for a work-from-home job. Pay ₹999 registration fee to confirm joining.,scam,JOB_SCAM,HIGH,Job offer requires upfront payment or sensitive documents,PAY_FEE,HINGLISH,Employment,0.89,synthetic_augmented,0,0,0,0,1,0,HIGH,urgent hai: congratulations! you are selected for a work-from-home job. pay ₹999 registration fee to confirm joining.
IND-00859,Turant check karein: Flood relief collection: donate immediately through this unfamiliar payment link.,scam,CHARITY_SCAM,MEDIUM,Urgent donation request with unverifiable details,DONATE,HINDI_ROMAN,Charity,0.89,synthetic_augmented,0,0,0,0,1,0,HIGH,turant check karein: flood relief collection: donate immediately through this unfamiliar payment link.
IND-00579,"Part-time job available: earn ₹5,000 daily. Send ₹499 security deposit and Aadhaar copy to start.",scam,JOB_SCAM,HIGH,Job offer requires upfront payment or sensitive documents,PAY_FEE,ENGLISH,Employment,0.94,public_dataset_derived,0,0,0,0,1,1,HIGH,"part-time job available: earn ₹5,000 daily. send ₹499 security deposit and aadhaar copy to start."
IND-00597,Bahut zaroori hai: Police notice: your SIM is involved in fraud. Do not tell anyone. Pay the settlement amount immediately.,scam,POLICE_IMPERSONATION,CRITICAL,Threat of arrest/case; demands money,PAY_OR_TRANSFER,HINDI_ROMAN,Law enforcement,0.94,public_dataset_derived,0,0,0,0,1,1,HIGH,bahut zaroori hai: police notice: your sim is involved in fraud. do not tell anyone. pay the settlement amount immediately.
IND-01458,"Sir, Prize department: pay the verification fee immediately to receive your lottery winnings.",scam,LOTTERY_SCAM,HIGH,Prize claim requires fee/payment,PAY_FEE,HINGLISH,Lottery,0.89,synthetic_augmented,0,0,0,0,1,0,CRITICAL,"sir, prize department: pay the verification fee immediately to receive your lottery winnings."
IND-03300,"Guys, A parcel-fee message came from an unknown number and asks for ₹499 through a link. Is it genuine?",suspicious,COURIER_FRAUD,MEDIUM,"Potential fraud indicators present, but authenticity is not established",VERIFY_BEFORE_ACTION,HINGLISH,UNVERIFIED_COMMUNICATION,0.87,synthetic_augmented,0,0,0,0,1,0,MEDIUM,"guys, a parcel-fee message came from an unknown number and asks for ₹499 through a link. is it genuine?"
IND-03018,"Guys, This message says I won a shopping voucher but asks me to pay a small fee first. Has anyone verified it?",suspicious,LOTTERY_SCAM,MEDIUM,"Potential fraud indicators present, but authenticity is not established",VERIFY_BEFORE_ACTION,HINGLISH,UNVERIFIED_COMMUNICATION,0.76,synthetic_augmented,0,0,0,0,1,0,MEDIUM,"guys, this message says i won a shopping voucher but asks me to pay a small fee first. has anyone verified it?"
IND-00157,Bahut zaroori hai: Emergency donation appeal: transfer ₹500 now to help a hospital patient. Please forward to 10 groups.,scam,CHARITY_SCAM,MEDIUM,Urgent donation request with unverifiable details,DONATE,HINDI_ROMAN,Charity,0.96,public_dataset_derived,0,0,0,0,1,0,CRITICAL,bahut zaroori hai: emergency donation appeal: transfer ₹500 now to help a hospital patient. please forward to 10 groups.
IND-00798,"Delhi Police Cyber Cell calling. Your number is linked to an illegal case. Pay ₹15,000 now to avoid arrest.",scam,POLICE_IMPERSONATION,CRITICAL,Threat of arrest/case; demands money,PAY_OR_TRANSFER,ENGLISH,Law enforcement,0.88,public_dataset_derived,0,0,0,0,1,1,HIGH,"delhi police cyber cell calling. your number is linked to an illegal case. pay ₹15,000 now to avoid arrest."
IND-00699,"Madam, Police video verification required. Stay on the call and transfer ₹25,000 to prove your account is clean.",scam,DIGITAL_ARREST,CRITICAL,Authority impersonation; intimidation; payment demand,PAY_OR_TRANSFER,HINGLISH,Law enforcement,0.89,synthetic_augmented,0,0,0,0,1,1,HIGH,"madam, police video verification required. stay on the call and transfer ₹25,000 to prove your account is clean."
IND-00018,Turant check karein: FASTag verification pending. Send vehicle RC and OTP to activate your account.,scam,FASTAG_SCAM,HIGH,KYC/recharge/blacklist threat plus payment/link,PAY_OR_UPDATE,HINDI_ROMAN,Transport,0.93,synthetic_augmented,0,0,1,0,0,0,HIGH,turant check karein: fastag verification pending. send vehicle rc and otp to activate your account.
IND-01042,"Sir, Your email account will close in 24 hours. Login through this link to keep it active.",scam,ACCOUNT_TAKEOVER,HIGH,Threatens account closure and requests login/OTP,LOGIN_OR_SHARE_OTP,HINGLISH,Account security,0.98,synthetic_augmented,0,0,0,0,0,0,CRITICAL,"sir, your email account will close in 24 hours. login through this link to keep it active."
IND-00024,Kripya dhyan dein: Income Tax Department: click http://refund.example to claim your pending refund today.,scam,TAX_REFUND_SCAM,HIGH,Fake refund plus PAN/bank/OTP request,SHARE_DETAILS,HINDI_ROMAN,Tax,0.93,public_dataset_derived,1,0,0,0,0,1,HIGH,kripya dhyan dein: income tax department: click URLTOKEN to claim your pending refund today.
IND-00208,Urgent hai: URGENT: KYC expires in 2 hours. Send OTP and Aadhaar details on WhatsApp to keep your account active.,scam,KYC_FRAUD,HIGH,OTP request; KYC/account threat; urgency,SHARE_OTP,HINGLISH,KYC / Banking,0.9,synthetic_augmented,0,0,1,0,0,1,HIGH,urgent hai: urgent: kyc expires in 2 hours. send otp and aadhaar details on whatsapp to keep your account active.
IND-00448,Bahut zaroori hai: Your meter has been flagged. Pay the pending amount now or your connection will be terminated today.,scam,ELECTRICITY_SCAM,HIGH,Disconnection threat plus payment/link,PAY_BILL,HINDI_ROMAN,Utilities,0.93,public_dataset_derived,0,0,0,0,1,0,CRITICAL,bahut zaroori hai: your meter has been flagged. pay the pending amount now or your connection will be terminated today.
IND-00565,"Madam, Click http://secure-login.example to prevent your WhatsApp account from being disabled.",scam,PHISHING,HIGH,Suspicious link requesting credentials/payment,CLICK_LINK,HINGLISH,Phishing,0.97,synthetic_augmented,1,0,0,0,0,0,CRITICAL,"madam, click URLTOKEN to prevent your whatsapp account from being disabled."
IND-00022,"Kripya dhyan dein: Instant personal loan approved without CIBIL check. Pay ₹1,499 processing fee before disbursement.",scam,LOAN_SCAM,HIGH,Loan promise with advance processing fee,PAY_FEE,HINDI_ROMAN,Loans,0.95,synthetic_augmented,0,0,0,0,1,0,CRITICAL,"kripya dhyan dein: instant personal loan approved without cibil check. pay ₹1,499 processing fee before disbursement."
IND-00810,"Bahut zaroori hai: Supreme Court cyber team here. You are under digital arrest due to money laundering. Transfer ₹50,000 for verification.",scam,DIGITAL_ARREST,CRITICAL,Authority impersonation; intimidation; payment demand,PAY_OR_TRANSFER,HINDI_ROMAN,Law enforcement,0.89,synthetic_augmented,0,0,0,0,1,1,CRITICAL,"bahut zaroori hai: supreme court cyber team here. you are under digital arrest due to money laundering. transfer ₹50,000 for verification."
IND-04923,Sabko forward karein: ₹500 notes will stop being legal tender tonight. Exchange them immediately.,misinformation,NONE,MEDIUM,Unverified or misleading claim; forwarding pressure or implausible assertion,VERIFY_SOURCE,HINDI_ROMAN,MISINFORMATION,0.94,synthetic_augmented,0,0,0,0,1,0,HIGH,sabko forward karein: ₹500 notes will stop being legal tender tonight. exchange them immediately.
IND-00337,"Please dhyan do, Your verification OTP has been generated. Send the OTP here so we can stop the unauthorized transaction.",scam,OTP_THEFT,HIGH,Requests one-time password; suspicious verification,SHARE_OTP,HINGLISH,Banking,0.92,synthetic_augmented,0,0,1,0,0,0,HIGH,"please dhyan do, your verification otp has been generated. send the otp here so we can stop the unauthorized transaction."
IND-00127,Turant check karein: Your account needs phone verification. Please reply with the OTP to complete the security check.,scam,OTP_THEFT,HIGH,Requests one-time password; suspicious verification,SHARE_OTP,HINDI_ROMAN,Banking,0.96,synthetic_augmented,0,0,1,0,0,0,CRITICAL,turant check karein: your account needs phone verification. please reply with the otp to complete the security check.
IND-01121,HR department: your job is approved. Pay the refundable training fee today to receive your offer letter.,scam,JOB_SCAM,HIGH,Job offer requires upfront payment or sensitive documents,PAY_FEE,ENGLISH,Employment,0.98,synthetic_augmented,0,0,0,0,1,1,HIGH,hr department: your job is approved. pay the refundable training fee today to receive your offer letter.
IND-03160,Mujhe ye message aaya: Someone says my KYC will expire today and wants my documents on WhatsApp. I have not verified the sender.,suspicious,KYC_FRAUD,MEDIUM,"Potential fraud indicators present, but authenticity is not established",VERIFY_BEFORE_ACTION,HINGLISH,UNVERIFIED_COMMUNICATION,0.88,synthetic_augmented,0,0,0,0,0,1,HIGH,mujhe ye message aaya: someone says my kyc will expire today and wants my documents on whatsapp. i have not verified the sender.
IND-03654,"Guys, A WhatsApp group promises guaranteed crypto returns and asks members to transfer money. Can this be verified?",suspicious,INVESTMENT_SCAM,MEDIUM,"Potential fraud indicators present, but authenticity is not established",VERIFY_BEFORE_ACTION,HINGLISH,UNVERIFIED_COMMUNICATION,0.82,synthetic_augmented,0,0,0,0,1,0,MEDIUM,"guys, a whatsapp group promises guaranteed crypto returns and asks members to transfer money. can this be verified?"
IND-00605,Kripya dhyan dein: Bank security: an unusual transaction was detected. Share the OTP you receive to cancel it immediately.,scam,OTP_THEFT,HIGH,Requests one-time password; suspicious verification,SHARE_OTP,HINDI_ROMAN,Banking,0.98,synthetic_augmented,0,0,1,0,0,1,CRITICAL,kripya dhyan dein: bank security: an unusual transaction was detected. share the otp you receive to cancel it immediately.
IND-00780,Bahut zaroori hai: URGENT: KYC expires in 2 hours. Send OTP and Aadhaar details on WhatsApp to keep your account active.,scam,KYC_FRAUD,HIGH,OTP request; KYC/account threat; urgency,SHARE_OTP,HINDI_ROMAN,KYC / Banking,0.95,public_dataset_derived,0,0,1,0,0,1,CRITICAL,bahut zaroori hai: urgent: kyc expires in 2 hours. send otp and aadhaar details on whatsapp to keep your account active.
IND-00927,"Bhai, Student scholarship selected. Send Aadhaar and bank details on WhatsApp to release ₹10,000.",scam,SCHOLARSHIP_SCAM,HIGH,Scholarship claim requires fee/bank details,PAY_FEE,HINGLISH,Education,0.99,synthetic_augmented,0,0,0,0,1,1,HIGH,"bhai, student scholarship selected. send aadhaar and bank details on whatsapp to release ₹10,000."
IND-00196,"Bhai, CBI officer here. A money laundering case is registered against your Aadhaar. Transfer ₹20,000 for verification.",scam,POLICE_IMPERSONATION,CRITICAL,Threat of arrest/case; demands money,PAY_OR_TRANSFER,HINGLISH,Law enforcement,0.88,public_dataset_derived,0,0,0,0,1,1,HIGH,"bhai, cbi officer here. a money laundering case is registered against your aadhaar. transfer ₹20,000 for verification."
IND-01397,Turant check karein: Your FASTag will be blocked tonight. Recharge ₹500 immediately through this link.,scam,FASTAG_SCAM,HIGH,KYC/recharge/blacklist threat plus payment/link,PAY_OR_UPDATE,HINDI_ROMAN,Transport,0.91,synthetic_augmented,0,0,0,0,1,0,CRITICAL,turant check karein: your fastag will be blocked tonight. recharge ₹500 immediately through this link.
IND-04660,"Guys please forward: Government is giving ₹10,000 to every citizen who forwards this message to 10 groups.",misinformation,NONE,MEDIUM,Unverified or misleading claim; forwarding pressure or implausible assertion,VERIFY_SOURCE,HINGLISH,MISINFORMATION,0.82,synthetic_augmented,0,0,0,0,1,1,HIGH,"guys please forward: government is giving ₹10,000 to every citizen who forwards this message to 10 groups."
IND-01192,"Urgent hai: Urgent help needed for a child. Please send ₹1,000 to this personal UPI ID immediately. No time for verification.",scam,CHARITY_SCAM,MEDIUM,Urgent donation request with unverifiable details,DONATE,HINGLISH,Charity,0.89,public_dataset_derived,0,0,0,0,1,0,HIGH,"urgent hai: urgent help needed for a child. please send ₹1,000 to this personal upi id immediately. no time for verification."
IND-00340,Urgent hai: Your meter has been flagged. Pay the pending amount now or your connection will be terminated today.,scam,ELECTRICITY_SCAM,HIGH,Disconnection threat plus payment/link,PAY_BILL,HINGLISH,Utilities,0.99,public_dataset_derived,0,0,0,0,1,0,HIGH,urgent hai: your meter has been flagged. pay the pending amount now or your connection will be terminated today.
IND-00450,"Refund pending. To receive ₹1,499, enter your UPI PIN on the link http://refund-check.example.",scam,UPI_FRAUD,HIGH,Requests UPI PIN/payment; urgency,PAY_OR_SHARE_UPI,ENGLISH,UPI,0.96,synthetic_augmented,1,0,0,1,1,0,HIGH,"refund pending. to receive ₹1,499, enter your upi pin on the link URLTOKEN"
IND-01329,Kripya dhyan dein: Loan verification requires an advance payment of ₹799 and PAN/Aadhaar on WhatsApp.,scam,LOAN_SCAM,HIGH,Loan promise with advance processing fee,PAY_FEE,HINDI_ROMAN,Loans,0.9,public_dataset_derived,0,0,0,0,1,1,HIGH,kripya dhyan dein: loan verification requires an advance payment of ₹799 and pan/aadhaar on whatsapp.
IND-00724,Flood relief collection: donate immediately through this unfamiliar payment link.,scam,CHARITY_SCAM,MEDIUM,Urgent donation request with unverifiable details,DONATE,ENGLISH,Charity,0.91,public_dataset_derived,0,0,0,0,1,0,CRITICAL,flood relief collection: donate immediately through this unfamiliar payment link.
IND-04350,Important hai: From tomorrow all UPI transactions will have a mandatory 50% government tax. Forward this urgently.,misinformation,NONE,MEDIUM,Unverified or misleading claim; forwarding pressure or implausible assertion,VERIFY_SOURCE,HINGLISH,MISINFORMATION,0.78,synthetic_augmented,0,0,0,0,0,1,MEDIUM,important hai: from tomorrow all upi transactions will have a mandatory 50% government tax. forward this urgently.
IND-04074,"Bhai sabko bhejo: Government is giving ₹10,000 to every citizen who forwards this message to 10 groups.",misinformation,NONE,MEDIUM,Unverified or misleading claim; forwarding pressure or implausible assertion,VERIFY_SOURCE,HINGLISH,MISINFORMATION,0.87,synthetic_augmented,0,0,0,0,1,1,MEDIUM,"bhai sabko bhejo: government is giving ₹10,000 to every citizen who forwards this message to 10 groups."
IND-01008,Turant check karein: Your bank account has been flagged. Call +91 9876543210 and provide the OTP to cancel the transaction.,scam,BANK_IMPERSONATION,HIGH,Claims to be bank/security team; asks for sensitive information,VERIFY_BANK,HINDI_ROMAN,Banking,0.95,synthetic_augmented,0,1,1,0,0,1,HIGH,turant check karein: your bank account has been flagged. call +91 PHONETOKEN and provide the otp to cancel the transaction.
IND-00225,"Urgent hai: Refund pending. To receive ₹1,499, enter your UPI PIN on the link http://refund-check.example.",scam,UPI_FRAUD,HIGH,Requests UPI PIN/payment; urgency,PAY_OR_SHARE_UPI,HINGLISH,UPI,0.89,synthetic_augmented,1,0,0,1,1,0,CRITICAL,"urgent hai: refund pending. to receive ₹1,499, enter your upi pin on the link URLTOKEN"
IND-01408,"Bahut zaroori hai: Guaranteed 3X return in 7 days. Transfer ₹10,000 to our UPI account and our expert will trade for you.",scam,INVESTMENT_SCAM,HIGH,Guaranteed/high returns; asks for transfer,TRANSFER_MONEY,HINDI_ROMAN,Investment,0.89,synthetic_augmented,0,0,0,0,1,0,HIGH,"bahut zaroori hai: guaranteed 3x return in 7 days. transfer ₹10,000 to our upi account and our expert will trade for you."
IND-03802,Mujhe ek message mila hai: A WhatsApp group promises guaranteed crypto returns and asks members to transfer money. Can this be verified?,suspicious,INVESTMENT_SCAM,MEDIUM,"Potential fraud indicators present, but authenticity is not established",VERIFY_BEFORE_ACTION,HINDI_ROMAN,UNVERIFIED_COMMUNICATION,0.9,synthetic_augmented,0,0,0,0,1,0,HIGH,mujhe ek message mila hai: a whatsapp group promises guaranteed crypto returns and asks members to transfer money. can this be verified?
IND-00857,"Please dhyan do, CBI officer here. A money laundering case is registered against your Aadhaar. Transfer ₹20,000 for verification.",scam,POLICE_IMPERSONATION,CRITICAL,Threat of arrest/case; demands money,PAY_OR_TRANSFER,HINGLISH,Law enforcement,0.89,public_dataset_derived,0,0,0,0,1,1,HIGH,"please dhyan do, cbi officer here. a money laundering case is registered against your aadhaar. transfer ₹20,000 for verification."
IND-00313,"Bahut zaroori hai: Part-time job available: earn ₹5,000 daily. Send ₹499 security deposit and Aadhaar copy to start.",scam,JOB_SCAM,HIGH,Job offer requires upfront payment or sensitive documents,PAY_FEE,HINDI_ROMAN,Employment,0.89,synthetic_augmented,0,0,0,0,1,1,CRITICAL,"bahut zaroori hai: part-time job available: earn ₹5,000 daily. send ₹499 security deposit and aadhaar copy to start."
IND-00747,"Sir, Your FASTag will be blocked tonight. Recharge ₹500 immediately through this link.",scam,FASTAG_SCAM,HIGH,KYC/recharge/blacklist threat plus payment/link,PAY_OR_UPDATE,HINGLISH,Transport,0.97,synthetic_augmented,0,0,0,0,1,0,HIGH,"sir, your fastag will be blocked tonight. recharge ₹500 immediately through this link."
IND-01132,"Sir, Your refund is ready. Enter card number, CVV and OTP at http://refund-portal.example.",scam,PHISHING,HIGH,Suspicious link requesting credentials/payment,CLICK_LINK,HINGLISH,Phishing,0.97,public_dataset_derived,1,0,1,0,0,0,HIGH,"sir, your refund is ready. enter card number, cvv and otp at URLTOKEN"
IND-03342,"Bhai, A message says my social media account will close and gives an unfamiliar login link. I haven't clicked it.",suspicious,ACCOUNT_TAKEOVER,MEDIUM,"Potential fraud indicators present, but authenticity is not established",VERIFY_BEFORE_ACTION,HINGLISH,UNVERIFIED_COMMUNICATION,0.84,synthetic_augmented,0,0,0,0,0,0,HIGH,"bhai, a message says my social media account will close and gives an unfamiliar login link. i haven't clicked it."
IND-00185,"Sir, Instant personal loan approved without CIBIL check. Pay ₹1,499 processing fee before disbursement.",scam,LOAN_SCAM,HIGH,Loan promise with advance processing fee,PAY_FEE,HINGLISH,Loans,0.98,public_dataset_derived,0,0,0,0,1,0,CRITICAL,"sir, instant personal loan approved without cibil check. pay ₹1,499 processing fee before disbursement."
IND-00362,"Madam, Your account needs urgent verification. Login at http://account-check.example before midnight.",scam,PHISHING,HIGH,Suspicious link requesting credentials/payment,CLICK_LINK,HINGLISH,Phishing,0.9,synthetic_augmented,1,0,0,0,0,0,CRITICAL,"madam, your account needs urgent verification. login at URLTOKEN before midnight."
IND-01391,"Sir, Police video verification required. Stay on the call and transfer ₹25,000 to prove your account is clean.",scam,DIGITAL_ARREST,CRITICAL,Authority impersonation; intimidation; payment demand,PAY_OR_TRANSFER,HINGLISH,Law enforcement,0.9,synthetic_augmented,0,0,0,0,1,1,HIGH,"sir, police video verification required. stay on the call and transfer ₹25,000 to prove your account is clean."
IND-00995,"Bhai, Police video verification required. Stay on the call and transfer ₹25,000 to prove your account is clean.",scam,DIGITAL_ARREST,CRITICAL,Authority impersonation; intimidation; payment demand,PAY_OR_TRANSFER,HINGLISH,Law enforcement,0.92,synthetic_augmented,0,0,0,0,1,1,HIGH,"bhai, police video verification required. stay on the call and transfer ₹25,000 to prove your account is clean."
IND-01373,"Sir, HR department: your job is approved. Pay the refundable training fee today to receive your offer letter.",scam,JOB_SCAM,HIGH,Job offer requires upfront payment or sensitive documents,PAY_FEE,HINGLISH,Employment,0.88,synthetic_augmented,0,0,0,0,1,1,CRITICAL,"sir, hr department: your job is approved. pay the refundable training fee today to receive your offer letter."
IND-00818,"Sir, Delhi Police Cyber Cell calling. Your number is linked to an illegal case. Pay ₹15,000 now to avoid arrest.",scam,POLICE_IMPERSONATION,CRITICAL,Threat of arrest/case; demands money,PAY_OR_TRANSFER,HINGLISH,Law enforcement,0.97,synthetic_augmented,0,0,0,0,1,1,HIGH,"sir, delhi police cyber cell calling. your number is linked to an illegal case. pay ₹15,000 now to avoid arrest."
IND-01288,"Bahut zaroori hai: You have won ₹25,00,000 in the lucky draw. Pay ₹2,999 tax charges to release your prize.",scam,LOTTERY_SCAM,HIGH,Prize claim requires fee/payment,PAY_FEE,HINDI_ROMAN,Lottery,0.91,public_dataset_derived,0,0,0,0,1,0,HIGH,"bahut zaroori hai: you have won ₹25,00,000 in the lucky draw. pay ₹2,999 tax charges to release your prize."
IND-00380,"Turant check karein: Government scholarship of ₹25,000 approved. Pay ₹299 verification fee to receive it.",scam,SCHOLARSHIP_SCAM,HIGH,Scholarship claim requires fee/bank details,PAY_FEE,HINDI_ROMAN,Education,0.93,synthetic_augmented,0,0,0,0,1,1,CRITICAL,"turant check karein: government scholarship of ₹25,000 approved. pay ₹299 verification fee to receive it."
IND-00091,"Madam, You have won ₹25,00,000 in the lucky draw. Pay ₹2,999 tax charges to release your prize.",scam,LOTTERY_SCAM,HIGH,Prize claim requires fee/payment,PAY_FEE,HINGLISH,Lottery,0.97,synthetic_augmented,0,0,0,0,1,0,HIGH,"madam, you have won ₹25,00,000 in the lucky draw. pay ₹2,999 tax charges to release your prize."
IND-00573,"Madam, Loan verification requires an advance payment of ₹799 and PAN/Aadhaar on WhatsApp.",scam,LOAN_SCAM,HIGH,Loan promise with advance processing fee,PAY_FEE,HINGLISH,Loans,0.91,synthetic_augmented,0,0,0,0,1,1,HIGH,"madam, loan verification requires an advance payment of ₹799 and pan/aadhaar on whatsapp."
IND-00485,"Turant check karein: Your electricity connection will be disconnected tonight due to unpaid bill. Pay ₹1,850 at http://power-pay.example.",scam,ELECTRICITY_SCAM,HIGH,Disconnection threat plus payment/link,PAY_BILL,HINDI_ROMAN,Utilities,0.97,synthetic_augmented,1,0,0,0,1,0,HIGH,"turant check karein: your electricity connection will be disconnected tonight due to unpaid bill. pay ₹1,850 at URLTOKEN"
IND-01469,Turant check karein: Income Tax Department: click http://refund.example to claim your pending refund today.,scam,TAX_REFUND_SCAM,HIGH,Fake refund plus PAN/bank/OTP request,SHARE_DETAILS,HINDI_ROMAN,Tax,0.89,public_dataset_derived,1,0,0,0,0,1,CRITICAL,turant check karein: income tax department: click URLTOKEN to claim your pending refund today.
IND-00635,Bahut zaroori hai: Your parcel is held at customs. Pay ₹499 clearance charges immediately at http://parcel-fee.example.,scam,COURIER_FRAUD,HIGH,Unexpected parcel/customs fee; payment request or link,PAY_FEE,HINDI_ROMAN,Courier,0.93,public_dataset_derived,1,0,0,0,1,1,CRITICAL,bahut zaroori hai: your parcel is held at customs. pay ₹499 clearance charges immediately at URLTOKEN
IND-01372,"Turant check karein: Dear customer, your KYC has failed. Update it immediately through http://verify-kyc.example or your account will be suspended.",scam,KYC_FRAUD,HIGH,OTP request; KYC/account threat; urgency,SHARE_OTP,HINDI_ROMAN,KYC / Banking,0.98,public_dataset_derived,1,0,0,0,0,1,HIGH,"turant check karein: dear customer, your kyc has failed. update it immediately through URLTOKEN or your account will be suspended."
IND-04360,Bhai sabko bhejo: From tomorrow all UPI transactions will have a mandatory 50% government tax. Forward this urgently.,misinformation,NONE,MEDIUM,Unverified or misleading claim; forwarding pressure or implausible assertion,VERIFY_SOURCE,HINGLISH,MISINFORMATION,0.87,synthetic_augmented,0,0,0,0,0,1,MEDIUM,bhai sabko bhejo: from tomorrow all upi transactions will have a mandatory 50% government tax. forward this urgently.
IND-00858,"Please dhyan do, Your Aadhaar is linked to a criminal investigation. Do not disconnect. Pay the security deposit immediately.",scam,DIGITAL_ARREST,CRITICAL,Authority impersonation; intimidation; payment demand,PAY_OR_TRANSFER,HINGLISH,Law enforcement,0.9,public_dataset_derived,0,0,0,0,1,1,CRITICAL,"please dhyan do, your aadhaar is linked to a criminal investigation. do not disconnect. pay the security deposit immediately."
IND-00019,"Bhai, Your meter has been flagged. Pay the pending amount now or your connection will be terminated today.",scam,ELECTRICITY_SCAM,HIGH,Disconnection threat plus payment/link,PAY_BILL,HINGLISH,Utilities,0.98,synthetic_augmented,0,0,0,0,1,0,HIGH,"bhai, your meter has been flagged. pay the pending amount now or your connection will be terminated today."
IND-00720,"Bhai, Police notice: your SIM is involved in fraud. Do not tell anyone. Pay the settlement amount immediately.",scam,POLICE_IMPERSONATION,CRITICAL,Threat of arrest/case; demands money,PAY_OR_TRANSFER,HINGLISH,Law enforcement,0.91,synthetic_augmented,0,0,0,0,1,1,HIGH,"bhai, police notice: your sim is involved in fraud. do not tell anyone. pay the settlement amount immediately."
IND-00643,Turant check karein: Police notice: your SIM is involved in fraud. Do not tell anyone. Pay the settlement amount immediately.,scam,POLICE_IMPERSONATION,CRITICAL,Threat of arrest/case; demands money,PAY_OR_TRANSFER,HINDI_ROMAN,Law enforcement,0.98,synthetic_augmented,0,0,0,0,1,1,HIGH,turant check karein: police notice: your sim is involved in fraud. do not tell anyone. pay the settlement amount immediately.
IND-00986,"Urgent hai: Student scholarship selected. Send Aadhaar and bank details on WhatsApp to release ₹10,000.",scam,SCHOLARSHIP_SCAM,HIGH,Scholarship claim requires fee/bank details,PAY_FEE,HINGLISH,Education,0.95,public_dataset_derived,0,0,0,0,1,1,HIGH,"urgent hai: student scholarship selected. send aadhaar and bank details on whatsapp to release ₹10,000."
IND-01367,Bahut zaroori hai: Work from home recruitment: pay ₹299 onboarding charges and start earning immediately.,scam,RECRUITMENT_SCAM,HIGH,Fake recruitment with registration fee,PAY_FEE,HINDI_ROMAN,Employment,0.96,synthetic_augmented,0,0,0,0,1,0,HIGH,bahut zaroori hai: work from home recruitment: pay ₹299 onboarding charges and start earning immediately.
IND-01587,"Your OTP is 482913. Do not share this OTP with anyone. If you did not request it, contact your bank through the official app.",legit,NONE,LOW,Normal transactional/personal communication; no malicious request,NONE,ENGLISH,Banking,0.95,public_dataset_derived,0,0,1,0,0,1,LOW,"your otp is 482913. do not share this otp with anyone. if you did not request it, contact your bank through the official app."
IND-00748,Bahut zaroori hai: Bank security: an unusual transaction was detected. Share the OTP you receive to cancel it immediately.,scam,OTP_THEFT,HIGH,Requests one-time password; suspicious verification,SHARE_OTP,HINDI_ROMAN,Banking,0.94,public_dataset_derived,0,0,1,0,0,1,HIGH,bahut zaroori hai: bank security: an unusual transaction was detected. share the otp you receive to cancel it immediately.
IND-00080,"Bhai, FASTag verification pending. Send vehicle RC and OTP to activate your account.",scam,FASTAG_SCAM,HIGH,KYC/recharge/blacklist threat plus payment/link,PAY_OR_UPDATE,HINGLISH,Transport,0.97,public_dataset_derived,0,0,1,0,0,0,HIGH,"bhai, fastag verification pending. send vehicle rc and otp to activate your account."
IND-01701,Aadhaar update ke liye nearest authorised centre ya official UIDAI portal use karein.,legit,NONE,LOW,Normal transactional/personal communication; no malicious request,NONE,HINGLISH,Government,0.94,public_dataset_derived,0,0,0,0,0,1,LOW,aadhaar update ke liye nearest authorised centre ya official uidai portal use karein.
IND-00096,Turant check karein: FASTag KYC failed. Pay ₹499 and update vehicle details at http://fastag-update.example to avoid blacklisting.,scam,FASTAG_SCAM,HIGH,KYC/recharge/blacklist threat plus payment/link,PAY_OR_UPDATE,HINDI_ROMAN,Transport,0.96,public_dataset_derived,1,0,0,0,1,1,HIGH,turant check karein: fastag kyc failed. pay ₹499 and update vehicle details at URLTOKEN to avoid blacklisting.
IND-00204,Bahut zaroori hai: Congratulations! You are selected for a work-from-home job. Pay ₹999 registration fee to confirm joining.,scam,JOB_SCAM,HIGH,Job offer requires upfront payment or sensitive documents,PAY_FEE,HINDI_ROMAN,Employment,0.89,synthetic_augmented,0,0,0,0,1,0,CRITICAL,bahut zaroori hai: congratulations! you are selected for a work-from-home job. pay ₹999 registration fee to confirm joining.
IND-00651,"Kripya dhyan dein: Income Tax refund of ₹18,500 is pending. Confirm PAN, bank details and OTP at http://tax-refund.example.",scam,TAX_REFUND_SCAM,HIGH,Fake refund plus PAN/bank/OTP request,SHARE_DETAILS,HINDI_ROMAN,Tax,0.91,synthetic_augmented,1,0,1,0,1,1,HIGH,"kripya dhyan dein: income tax refund of ₹18,500 is pending. confirm pan, bank details and otp at URLTOKEN"
IND-01162,"Madam, Your refund is ready. Enter card number, CVV and OTP at http://refund-portal.example.",scam,PHISHING,HIGH,Suspicious link requesting credentials/payment,CLICK_LINK,HINGLISH,Phishing,0.89,synthetic_augmented,1,0,1,0,0,0,HIGH,"madam, your refund is ready. enter card number, cvv and otp at URLTOKEN"
IND-02190,Reminder: check your income-tax filing status through the official government tax portal.,legit,NONE,LOW,Normal transactional/personal communication; no malicious request,NONE,ENGLISH,Tax,0.96,public_dataset_derived,0,0,0,0,0,1,LOW,reminder: check your income-tax filing status through the official government tax portal.
IND-00953,Bahut zaroori hai: Instagram security alert: unusual login detected. Verify your password and OTP using http://security-check.example.,scam,ACCOUNT_TAKEOVER,HIGH,Threatens account closure and requests login/OTP,LOGIN_OR_SHARE_OTP,HINDI_ROMAN,Account security,0.96,synthetic_augmented,1,0,1,0,0,0,CRITICAL,bahut zaroori hai: instagram security alert: unusual login detected. verify your password and otp using URLTOKEN
IND-00830,Turant check karein: Your ₹5 lakh loan is approved. Send ₹999 insurance charges to release the amount today.,scam,LOAN_SCAM,HIGH,Loan promise with advance processing fee,PAY_FEE,HINDI_ROMAN,Loans,0.89,public_dataset_derived,0,0,0,0,1,0,HIGH,turant check karein: your ₹5 lakh loan is approved. send ₹999 insurance charges to release the amount today.
IND-00170,"Bahut zaroori hai: Crypto investment group: deposit ₹2,500 now and receive guaranteed returns within 48 hours.",scam,INVESTMENT_SCAM,HIGH,Guaranteed/high returns; asks for transfer,TRANSFER_MONEY,HINDI_ROMAN,Investment,0.96,synthetic_augmented,0,0,0,0,1,0,HIGH,"bahut zaroori hai: crypto investment group: deposit ₹2,500 now and receive guaranteed returns within 48 hours."
IND-02223,"Maine ₹500 UPI se bhej diye hain, transaction ID bhi aa gayi hai. Check the official portal for details.",legit,NONE,LOW,Normal transactional/personal communication; no malicious request,NONE,HINGLISH,UPI,0.95,public_dataset_derived,0,0,0,0,1,0,LOW,"maine ₹500 upi se bhej diye hain, transaction id bhi aa gayi hai. check the official portal for details."
IND-00766,"Sir, Courier department: parcel contains restricted material. Pay ₹2,000 immediately or legal action will start.",scam,COURIER_FRAUD,HIGH,Unexpected parcel/customs fee; payment request or link,PAY_FEE,HINGLISH,Courier,0.98,public_dataset_derived,0,0,0,0,1,0,HIGH,"sir, courier department: parcel contains restricted material. pay ₹2,000 immediately or legal action will start."
IND-01189,Urgent hai: Your bank account has been flagged. Call +91 9876543210 and provide the OTP to cancel the transaction.,scam,BANK_IMPERSONATION,HIGH,Claims to be bank/security team; asks for sensitive information,VERIFY_BANK,HINGLISH,Banking,0.95,synthetic_augmented,0,1,1,0,0,1,CRITICAL,urgent hai: your bank account has been flagged. call +91 PHONETOKEN and provide the otp to cancel the transaction.
IND-00094,"Turant check karein: Student scholarship selected. Send Aadhaar and bank details on WhatsApp to release ₹10,000.",scam,SCHOLARSHIP_SCAM,HIGH,Scholarship claim requires fee/bank details,PAY_FEE,HINDI_ROMAN,Education,0.89,synthetic_augmented,0,0,0,0,1,1,CRITICAL,"turant check karein: student scholarship selected. send aadhaar and bank details on whatsapp to release ₹10,000."
IND-00794,"Student scholarship selected. Send Aadhaar and bank details on WhatsApp to release ₹10,000.",scam,SCHOLARSHIP_SCAM,HIGH,Scholarship claim requires fee/bank details,PAY_FEE,ENGLISH,Education,0.92,public_dataset_derived,0,0,0,0,1,1,HIGH,"student scholarship selected. send aadhaar and bank details on whatsapp to release ₹10,000."
IND-00020,Bahut zaroori hai: This is the bank security department. Your account has suspicious activity. Confirm OTP and card details now.,scam,BANK_IMPERSONATION,HIGH,Claims to be bank/security team; asks for sensitive information,VERIFY_BANK,HINDI_ROMAN,Banking,0.93,public_dataset_derived,0,0,1,0,0,1,HIGH,bahut zaroori hai: this is the bank security department. your account has suspicious activity. confirm otp and card details now.
IND-00947,Kripya dhyan dein: Your account needs phone verification. Please reply with the OTP to complete the security check.,scam,OTP_THEFT,HIGH,Requests one-time password; suspicious verification,SHARE_OTP,HINDI_ROMAN,Banking,0.89,synthetic_augmented,0,0,1,0,0,0,HIGH,kripya dhyan dein: your account needs phone verification. please reply with the otp to complete the security check.
IND-00465,Urgent hai: Loan verification requires an advance payment of ₹799 and PAN/Aadhaar on WhatsApp.,scam,LOAN_SCAM,HIGH,Loan promise with advance processing fee,PAY_FEE,HINGLISH,Loans,0.92,public_dataset_derived,0,0,0,0,1,1,CRITICAL,urgent hai: loan verification requires an advance payment of ₹799 and pan/aadhaar on whatsapp.
IND-00167,Turant check karein: Congratulations! You are selected for a work-from-home job. Pay ₹999 registration fee to confirm joining.,scam,JOB_SCAM,HIGH,Job offer requires upfront payment or sensitive documents,PAY_FEE,HINDI_ROMAN,Employment,0.9,public_dataset_derived,0,0,0,0,1,0,CRITICAL,turant check karein: congratulations! you are selected for a work-from-home job. pay ₹999 registration fee to confirm joining.
IND-01233,"Bhai, URGENT: KYC expires in 2 hours. Send OTP and Aadhaar details on WhatsApp to keep your account active.",scam,KYC_FRAUD,HIGH,OTP request; KYC/account threat; urgency,SHARE_OTP,HINGLISH,KYC / Banking,0.98,synthetic_augmented,0,0,1,0,0,1,HIGH,"bhai, urgent: kyc expires in 2 hours. send otp and aadhaar details on whatsapp to keep your account active."
IND-00898,SBI security team here. Your debit card will be blocked unless you verify your details through this link.,scam,BANK_IMPERSONATION,HIGH,Claims to be bank/security team; asks for sensitive information,VERIFY_BANK,ENGLISH,Banking,0.92,synthetic_augmented,0,0,0,0,0,1,HIGH,sbi security team here. your debit card will be blocked unless you verify your details through this link.
IND-00431,Urgent hai: Your tax refund cannot be processed. Share your bank account and OTP immediately for verification.,scam,TAX_REFUND_SCAM,HIGH,Fake refund plus PAN/bank/OTP request,SHARE_DETAILS,HINGLISH,Tax,0.99,public_dataset_derived,0,0,1,0,0,1,HIGH,urgent hai: your tax refund cannot be processed. share your bank account and otp immediately for verification.
IND-00665,"Bhai, Urgent help needed for a child. Please send ₹1,000 to this personal UPI ID immediately. No time for verification.",scam,CHARITY_SCAM,MEDIUM,Urgent donation request with unverifiable details,DONATE,HINGLISH,Charity,0.91,synthetic_augmented,0,0,0,0,1,0,HIGH,"bhai, urgent help needed for a child. please send ₹1,000 to this personal upi id immediately. no time for verification."
IND-01454,"Turant check karein: You have won ₹25,00,000 in the lucky draw. Pay ₹2,999 tax charges to release your prize.",scam,LOTTERY_SCAM,HIGH,Prize claim requires fee/payment,PAY_FEE,HINDI_ROMAN,Lottery,0.95,synthetic_augmented,0,0,0,0,1,0,HIGH,"turant check karein: you have won ₹25,00,000 in the lucky draw. pay ₹2,999 tax charges to release your prize."
IND-00168,"Please dhyan do, Police notice: your SIM is involved in fraud. Do not tell anyone. Pay the settlement amount immediately.",scam,POLICE_IMPERSONATION,CRITICAL,Threat of arrest/case; demands money,PAY_OR_TRANSFER,HINGLISH,Law enforcement,0.9,synthetic_augmented,0,0,0,0,1,1,HIGH,"please dhyan do, police notice: your sim is involved in fraud. do not tell anyone. pay the settlement amount immediately."
IND-00620,"Please dhyan do, Urgent help needed for a child. Please send ₹1,000 to this personal UPI ID immediately. No time for verification.",scam,CHARITY_SCAM,MEDIUM,Urgent donation request with unverifiable details,DONATE,HINGLISH,Charity,0.89,synthetic_augmented,0,0,0,0,1,0,HIGH,"please dhyan do, urgent help needed for a child. please send ₹1,000 to this personal upi id immediately. no time for verification."
IND-01185,"Madam, Police notice: your SIM is involved in fraud. Do not tell anyone. Pay the settlement amount immediately.",scam,POLICE_IMPERSONATION,CRITICAL,Threat of arrest/case; demands money,PAY_OR_TRANSFER,HINGLISH,Law enforcement,0.96,public_dataset_derived,0,0,0,0,1,1,CRITICAL,"madam, police notice: your sim is involved in fraud. do not tell anyone. pay the settlement amount immediately."
IND-00566,Kripya dhyan dein: Electricity department: last warning. Pay ₹999 immediately to avoid disconnection.,scam,ELECTRICITY_SCAM,HIGH,Disconnection threat plus payment/link,PAY_BILL,HINDI_ROMAN,Utilities,0.9,public_dataset_derived,0,0,0,0,1,0,CRITICAL,kripya dhyan dein: electricity department: last warning. pay ₹999 immediately to avoid disconnection.
IND-00410,Bahut zaroori hai: FedEx parcel alert: your package cannot be delivered until ₹799 is paid. Pay now to avoid return.,scam,COURIER_FRAUD,HIGH,Unexpected parcel/customs fee; payment request or link,PAY_FEE,HINDI_ROMAN,Courier,0.95,synthetic_augmented,0,0,0,0,1,0,HIGH,bahut zaroori hai: fedex parcel alert: your package cannot be delivered until ₹799 is paid. pay now to avoid return.
IND-00012,"Turant check karein: Instant personal loan approved without CIBIL check. Pay ₹1,499 processing fee before disbursement.",scam,LOAN_SCAM,HIGH,Loan promise with advance processing fee,PAY_FEE,HINDI_ROMAN,Loans,0.95,synthetic_augmented,0,0,0,0,1,0,CRITICAL,"turant check karein: instant personal loan approved without cibil check. pay ₹1,499 processing fee before disbursement."
IND-00715,"Bhai, Government scholarship of ₹25,000 approved. Pay ₹299 verification fee to receive it.",scam,SCHOLARSHIP_SCAM,HIGH,Scholarship claim requires fee/bank details,PAY_FEE,HINGLISH,Education,0.94,synthetic_augmented,0,0,0,0,1,1,HIGH,"bhai, government scholarship of ₹25,000 approved. pay ₹299 verification fee to receive it."
IND-00224,"Bhai, This is the bank security department. Your account has suspicious activity. Confirm OTP and card details now.",scam,BANK_IMPERSONATION,HIGH,Claims to be bank/security team; asks for sensitive information,VERIFY_BANK,HINGLISH,Banking,0.99,synthetic_augmented,0,0,1,0,0,1,HIGH,"bhai, this is the bank security department. your account has suspicious activity. confirm otp and card details now."
IND-01159,"Sir, Flood relief collection: donate immediately through this unfamiliar payment link.",scam,CHARITY_SCAM,MEDIUM,Urgent donation request with unverifiable details,DONATE,HINGLISH,Charity,0.96,synthetic_augmented,0,0,0,0,1,0,HIGH,"sir, flood relief collection: donate immediately through this unfamiliar payment link."
IND-03651,"Guys, A forwarded donation request asks for money but gives no verifiable organisation details.",suspicious,CHARITY_SCAM,MEDIUM,"Potential fraud indicators present, but authenticity is not established",VERIFY_BEFORE_ACTION,HINGLISH,UNVERIFIED_COMMUNICATION,0.86,synthetic_augmented,0,0,0,0,0,0,MEDIUM,"guys, a forwarded donation request asks for money but gives no verifiable organisation details."
IND-01224,Kripya dhyan dein: Scholarship registration closes today. Pay ₹199 processing charges immediately.,scam,SCHOLARSHIP_SCAM,HIGH,Scholarship claim requires fee/bank details,PAY_FEE,HINDI_ROMAN,Education,0.97,public_dataset_derived,0,0,0,0,1,0,HIGH,kripya dhyan dein: scholarship registration closes today. pay ₹199 processing charges immediately.
IND-00253,Your UPI account will be suspended today. Send your UPI PIN to the verification agent to reactivate it.,scam,UPI_FRAUD,HIGH,Requests UPI PIN/payment; urgency,PAY_OR_SHARE_UPI,ENGLISH,UPI,0.95,public_dataset_derived,0,0,0,1,0,0,CRITICAL,your upi account will be suspended today. send your upi pin to the verification agent to reactivate it.
IND-00990,"Kripya dhyan dein: Part-time job available: earn ₹5,000 daily. Send ₹499 security deposit and Aadhaar copy to start.",scam,JOB_SCAM,HIGH,Job offer requires upfront payment or sensitive documents,PAY_FEE,HINDI_ROMAN,Employment,0.97,public_dataset_derived,0,0,0,0,1,1,HIGH,"kripya dhyan dein: part-time job available: earn ₹5,000 daily. send ₹499 security deposit and aadhaar copy to start."
IND-01323,"Madam, Please transfer ₹499 to this personal UPI ID to unlock your cashback immediately.",scam,UPI_FRAUD,HIGH,Requests UPI PIN/payment; urgency,PAY_OR_SHARE_UPI,HINGLISH,UPI,0.95,synthetic_augmented,0,0,0,0,1,0,CRITICAL,"madam, please transfer ₹499 to this personal upi id to unlock your cashback immediately."
IND-00475,"Please dhyan do, You have been shortlisted for a government job. Pay ₹1,000 registration fee to receive your appointment letter.",scam,RECRUITMENT_SCAM,HIGH,Fake recruitment with registration fee,PAY_FEE,HINGLISH,Employment,0.92,public_dataset_derived,0,0,0,0,1,1,CRITICAL,"please dhyan do, you have been shortlisted for a government job. pay ₹1,000 registration fee to receive your appointment letter."
IND-00544,"Bahut zaroori hai: Your electricity connection will be disconnected tonight due to unpaid bill. Pay ₹1,850 at http://power-pay.example.",scam,ELECTRICITY_SCAM,HIGH,Disconnection threat plus payment/link,PAY_BILL,HINDI_ROMAN,Utilities,0.96,synthetic_augmented,1,0,0,0,1,0,CRITICAL,"bahut zaroori hai: your electricity connection will be disconnected tonight due to unpaid bill. pay ₹1,850 at URLTOKEN"
IND-00672,Turant check karein: Your WhatsApp account will be permanently disabled today. Click http://appeal.example and enter your login code.,scam,ACCOUNT_TAKEOVER,HIGH,Threatens account closure and requests login/OTP,LOGIN_OR_SHARE_OTP,HINDI_ROMAN,Account security,0.93,synthetic_augmented,1,0,0,0,0,0,HIGH,turant check karein: your whatsapp account will be permanently disabled today. click URLTOKEN and enter your login code.
IND-00028,Bahut zaroori hai: Your verification OTP has been generated. Send the OTP here so we can stop the unauthorized transaction.,scam,OTP_THEFT,HIGH,Requests one-time password; suspicious verification,SHARE_OTP,HINDI_ROMAN,Banking,0.88,public_dataset_derived,0,0,1,0,0,0,HIGH,bahut zaroori hai: your verification otp has been generated. send the otp here so we can stop the unauthorized transaction.
IND-00147,"Madam, Guaranteed 3X return in 7 days. Transfer ₹10,000 to our UPI account and our expert will trade for you.",scam,INVESTMENT_SCAM,HIGH,Guaranteed/high returns; asks for transfer,TRANSFER_MONEY,HINGLISH,Investment,0.93,public_dataset_derived,0,0,0,0,1,0,HIGH,"madam, guaranteed 3x return in 7 days. transfer ₹10,000 to our upi account and our expert will trade for you."
IND-01486,Urgent hai: Prize department: pay the verification fee immediately to receive your lottery winnings.,scam,LOTTERY_SCAM,HIGH,Prize claim requires fee/payment,PAY_FEE,HINGLISH,Lottery,0.98,public_dataset_derived,0,0,0,0,1,0,CRITICAL,urgent hai: prize department: pay the verification fee immediately to receive your lottery winnings.
IND-00691,"Urgent hai: Guaranteed 3X return in 7 days. Transfer ₹10,000 to our UPI account and our expert will trade for you.",scam,INVESTMENT_SCAM,HIGH,Guaranteed/high returns; asks for transfer,TRANSFER_MONEY,HINGLISH,Investment,0.97,synthetic_augmented,0,0,0,0,1,0,HIGH,"urgent hai: guaranteed 3x return in 7 days. transfer ₹10,000 to our upi account and our expert will trade for you."
IND-00686,"Turant check karein: Refund pending. To receive ₹1,499, enter your UPI PIN on the link http://refund-check.example.",scam,UPI_FRAUD,HIGH,Requests UPI PIN/payment; urgency,PAY_OR_SHARE_UPI,HINDI_ROMAN,UPI,0.96,public_dataset_derived,1,0,0,1,1,0,HIGH,"turant check karein: refund pending. to receive ₹1,499, enter your upi pin on the link URLTOKEN"
IND-01222,Kripya dhyan dein: Your email account will close in 24 hours. Login through this link to keep it active.,scam,ACCOUNT_TAKEOVER,HIGH,Threatens account closure and requests login/OTP,LOGIN_OR_SHARE_OTP,HINDI_ROMAN,Account security,0.91,synthetic_augmented,0,0,0,0,0,0,CRITICAL,kripya dhyan dein: your email account will close in 24 hours. login through this link to keep it active.
IND-04029,Important hai: UPI PIN is required to receive money. Share your PIN with the sender.,misinformation,NONE,MEDIUM,Unverified or misleading claim; forwarding pressure or implausible assertion,VERIFY_SOURCE,HINGLISH,MISINFORMATION,0.79,synthetic_augmented,0,0,0,1,0,0,HIGH,important hai: upi pin is required to receive money. share your pin with the sender.
IND-00820,"Kripya dhyan dein: Limited investment opportunity: zero risk and guaranteed profit. Send ₹5,000 today to activate your account.",scam,INVESTMENT_SCAM,HIGH,Guaranteed/high returns; asks for transfer,TRANSFER_MONEY,HINDI_ROMAN,Investment,0.95,synthetic_augmented,0,0,0,0,1,0,CRITICAL,"kripya dhyan dein: limited investment opportunity: zero risk and guaranteed profit. send ₹5,000 today to activate your account."
IND-01093,Kripya dhyan dein: Your bank account has been flagged. Call +91 9876543210 and provide the OTP to cancel the transaction.,scam,BANK_IMPERSONATION,HIGH,Claims to be bank/security team; asks for sensitive information,VERIFY_BANK,HINDI_ROMAN,Banking,0.97,synthetic_augmented,0,1,1,0,0,1,HIGH,kripya dhyan dein: your bank account has been flagged. call +91 PHONETOKEN and provide the otp to cancel the transaction.
IND-01349,Bahut zaroori hai: Your ₹5 lakh loan is approved. Send ₹999 insurance charges to release the amount today.,scam,LOAN_SCAM,HIGH,Loan promise with advance processing fee,PAY_FEE,HINDI_ROMAN,Loans,0.91,public_dataset_derived,0,0,0,0,1,0,HIGH,bahut zaroori hai: your ₹5 lakh loan is approved. send ₹999 insurance charges to release the amount today.
IND-00751,"Please dhyan do, Please transfer ₹499 to this personal UPI ID to unlock your cashback immediately.",scam,UPI_FRAUD,HIGH,Requests UPI PIN/payment; urgency,PAY_OR_SHARE_UPI,HINGLISH,UPI,0.96,public_dataset_derived,0,0,0,0,1,0,HIGH,"please dhyan do, please transfer ₹499 to this personal upi id to unlock your cashback immediately."
IND-00703,"Sir, Your Aadhaar is linked to a criminal investigation. Do not disconnect. Pay the security deposit immediately.",scam,DIGITAL_ARREST,CRITICAL,Authority impersonation; intimidation; payment demand,PAY_OR_TRANSFER,HINGLISH,Law enforcement,0.98,public_dataset_derived,0,0,0,0,1,1,CRITICAL,"sir, your aadhaar is linked to a criminal investigation. do not disconnect. pay the security deposit immediately."
IND-00357,Kripya dhyan dein: Prize department: pay the verification fee immediately to receive your lottery winnings.,scam,LOTTERY_SCAM,HIGH,Prize claim requires fee/payment,PAY_FEE,HINDI_ROMAN,Lottery,0.94,synthetic_augmented,0,0,0,0,1,0,CRITICAL,kripya dhyan dein: prize department: pay the verification fee immediately to receive your lottery winnings.
IND-00964,Kripya dhyan dein: Your verification OTP has been generated. Send the OTP here so we can stop the unauthorized transaction.,scam,OTP_THEFT,HIGH,Requests one-time password; suspicious verification,SHARE_OTP,HINDI_ROMAN,Banking,0.95,synthetic_augmented,0,0,1,0,0,0,CRITICAL,kripya dhyan dein: your verification otp has been generated. send the otp here so we can stop the unauthorized transaction.
IND-00247,"Kripya dhyan dein: You have won ₹25,00,000 in the lucky draw. Pay ₹2,999 tax charges to release your prize.",scam,LOTTERY_SCAM,HIGH,Prize claim requires fee/payment,PAY_FEE,HINDI_ROMAN,Lottery,0.91,public_dataset_derived,0,0,0,0,1,0,HIGH,"kripya dhyan dein: you have won ₹25,00,000 in the lucky draw. pay ₹2,999 tax charges to release your prize."
IND-01035,"Please dhyan do, Your electricity connection will be disconnected tonight due to unpaid bill. Pay ₹1,850 at http://power-pay.example.",scam,ELECTRICITY_SCAM,HIGH,Disconnection threat plus payment/link,PAY_BILL,HINGLISH,Utilities,0.9,public_dataset_derived,1,0,0,0,1,0,HIGH,"please dhyan do, your electricity connection will be disconnected tonight due to unpaid bill. pay ₹1,850 at URLTOKEN"
IND-00478,"Please dhyan do, Bank security: an unusual transaction was detected. Share the OTP you receive to cancel it immediately.",scam,OTP_THEFT,HIGH,Requests one-time password; suspicious verification,SHARE_OTP,HINGLISH,Banking,0.93,synthetic_augmented,0,0,1,0,0,1,HIGH,"please dhyan do, bank security: an unusual transaction was detected. share the otp you receive to cancel it immediately."
IND-01027,"Madam, Scholarship registration closes today. Pay ₹199 processing charges immediately.",scam,SCHOLARSHIP_SCAM,HIGH,Scholarship claim requires fee/bank details,PAY_FEE,HINGLISH,Education,0.94,public_dataset_derived,0,0,0,0,1,0,HIGH,"madam, scholarship registration closes today. pay ₹199 processing charges immediately."
IND-00614,"Bahut zaroori hai: Income Tax refund of ₹18,500 is pending. Confirm PAN, bank details and OTP at http://tax-refund.example.",scam,TAX_REFUND_SCAM,HIGH,Fake refund plus PAN/bank/OTP request,SHARE_DETAILS,HINDI_ROMAN,Tax,0.94,synthetic_augmented,1,0,1,0,1,1,HIGH,"bahut zaroori hai: income tax refund of ₹18,500 is pending. confirm pan, bank details and otp at URLTOKEN"
IND-00791,"Bahut zaroori hai: Courier department: parcel contains restricted material. Pay ₹2,000 immediately or legal action will start.",scam,COURIER_FRAUD,HIGH,Unexpected parcel/customs fee; payment request or link,PAY_FEE,HINDI_ROMAN,Courier,0.92,synthetic_augmented,0,0,0,0,1,0,HIGH,"bahut zaroori hai: courier department: parcel contains restricted material. pay ₹2,000 immediately or legal action will start."
IND-00181,Bahut zaroori hai: SBI security team here. Your debit card will be blocked unless you verify your details through this link.,scam,BANK_IMPERSONATION,HIGH,Claims to be bank/security team; asks for sensitive information,VERIFY_BANK,HINDI_ROMAN,Banking,0.93,public_dataset_derived,0,0,0,0,0,1,HIGH,bahut zaroori hai: sbi security team here. your debit card will be blocked unless you verify your details through this link.
IND-00336,"Turant check karein: Courier department: parcel contains restricted material. Pay ₹2,000 immediately or legal action will start.",scam,COURIER_FRAUD,HIGH,Unexpected parcel/customs fee; payment request or link,PAY_FEE,HINDI_ROMAN,Courier,0.9,synthetic_augmented,0,0,0,0,1,0,HIGH,"turant check karein: courier department: parcel contains restricted material. pay ₹2,000 immediately or legal action will start."
IND-00717,"Madam, Government scholarship of ₹25,000 approved. Pay ₹299 verification fee to receive it.",scam,SCHOLARSHIP_SCAM,HIGH,Scholarship claim requires fee/bank details,PAY_FEE,HINGLISH,Education,0.92,public_dataset_derived,0,0,0,0,1,1,HIGH,"madam, government scholarship of ₹25,000 approved. pay ₹299 verification fee to receive it."
IND-00641,"Kripya dhyan dein: Delhi Police Cyber Cell calling. Your number is linked to an illegal case. Pay ₹15,000 now to avoid arrest.",scam,POLICE_IMPERSONATION,CRITICAL,Threat of arrest/case; demands money,PAY_OR_TRANSFER,HINDI_ROMAN,Law enforcement,0.88,public_dataset_derived,0,0,0,0,1,1,HIGH,"kripya dhyan dein: delhi police cyber cell calling. your number is linked to an illegal case. pay ₹15,000 now to avoid arrest."
IND-00511,"Turant check karein: Delhi Police Cyber Cell calling. Your number is linked to an illegal case. Pay ₹15,000 now to avoid arrest.",scam,POLICE_IMPERSONATION,CRITICAL,Threat of arrest/case; demands money,PAY_OR_TRANSFER,HINDI_ROMAN,Law enforcement,0.98,synthetic_augmented,0,0,0,0,1,1,HIGH,"turant check karein: delhi police cyber cell calling. your number is linked to an illegal case. pay ₹15,000 now to avoid arrest."
IND-01459,"Sir, Your ₹5 lakh loan is approved. Send ₹999 insurance charges to release the amount today.",scam,LOAN_SCAM,HIGH,Loan promise with advance processing fee,PAY_FEE,HINGLISH,Loans,0.88,public_dataset_derived,0,0,0,0,1,0,HIGH,"sir, your ₹5 lakh loan is approved. send ₹999 insurance charges to release the amount today."
IND-00863,"Bahut zaroori hai: Refund pending. To receive ₹1,499, enter your UPI PIN on the link http://refund-check.example.",scam,UPI_FRAUD,HIGH,Requests UPI PIN/payment; urgency,PAY_OR_SHARE_UPI,HINDI_ROMAN,UPI,0.92,public_dataset_derived,1,0,0,1,1,0,HIGH,"bahut zaroori hai: refund pending. to receive ₹1,499, enter your upi pin on the link URLTOKEN"
IND-00506,"Please dhyan do, Police video verification required. Stay on the call and transfer ₹25,000 to prove your account is clean.",scam,DIGITAL_ARREST,CRITICAL,Authority impersonation; intimidation; payment demand,PAY_OR_TRANSFER,HINGLISH,Law enforcement,0.98,public_dataset_derived,0,0,0,0,1,1,HIGH,"please dhyan do, police video verification required. stay on the call and transfer ₹25,000 to prove your account is clean."
IND-00258,Turant check karein: Your tax refund cannot be processed. Share your bank account and OTP immediately for verification.,scam,TAX_REFUND_SCAM,HIGH,Fake refund plus PAN/bank/OTP request,SHARE_DETAILS,HINDI_ROMAN,Tax,0.98,public_dataset_derived,0,0,1,0,0,1,CRITICAL,turant check karein: your tax refund cannot be processed. share your bank account and otp immediately for verification.
IND-00051,Urgent hai: Congratulations! Your mobile number won ₹10 lakh. Send ₹499 processing fee to claim the amount.,scam,LOTTERY_SCAM,HIGH,Prize claim requires fee/payment,PAY_FEE,HINGLISH,Lottery,0.96,public_dataset_derived,0,0,0,0,1,0,HIGH,urgent hai: congratulations! your mobile number won ₹10 lakh. send ₹499 processing fee to claim the amount.
IND-01346,Urgent hai: Your WhatsApp account will be permanently disabled today. Click http://appeal.example and enter your login code.,scam,ACCOUNT_TAKEOVER,HIGH,Threatens account closure and requests login/OTP,LOGIN_OR_SHARE_OTP,HINGLISH,Account security,0.95,public_dataset_derived,1,0,0,0,0,0,HIGH,urgent hai: your whatsapp account will be permanently disabled today. click URLTOKEN and enter your login code.
IND-01304,Urgent hai: Your verification OTP has been generated. Send the OTP here so we can stop the unauthorized transaction.,scam,OTP_THEFT,HIGH,Requests one-time password; suspicious verification,SHARE_OTP,HINGLISH,Banking,0.98,public_dataset_derived,0,0,1,0,0,0,HIGH,urgent hai: your verification otp has been generated. send the otp here so we can stop the unauthorized transaction.
IND-00829,Bahut zaroori hai: Your email account will close in 24 hours. Login through this link to keep it active.,scam,ACCOUNT_TAKEOVER,HIGH,Threatens account closure and requests login/OTP,LOGIN_OR_SHARE_OTP,HINDI_ROMAN,Account security,0.93,synthetic_augmented,0,0,0,0,0,0,HIGH,bahut zaroori hai: your email account will close in 24 hours. login through this link to keep it active.
IND-01283,"Madam, Congratulations! Your mobile number won ₹10 lakh. Send ₹499 processing fee to claim the amount.",scam,LOTTERY_SCAM,HIGH,Prize claim requires fee/payment,PAY_FEE,HINGLISH,Lottery,0.96,synthetic_augmented,0,0,0,0,1,0,HIGH,"madam, congratulations! your mobile number won ₹10 lakh. send ₹499 processing fee to claim the amount."
IND-00712,"Urgent hai: Limited investment opportunity: zero risk and guaranteed profit. Send ₹5,000 today to activate your account.",scam,INVESTMENT_SCAM,HIGH,Guaranteed/high returns; asks for transfer,TRANSFER_MONEY,HINGLISH,Investment,0.94,synthetic_augmented,0,0,0,0,1,0,CRITICAL,"urgent hai: limited investment opportunity: zero risk and guaranteed profit. send ₹5,000 today to activate your account."
IND-00637,"Madam, Bank security: an unusual transaction was detected. Share the OTP you receive to cancel it immediately.",scam,OTP_THEFT,HIGH,Requests one-time password; suspicious verification,SHARE_OTP,HINGLISH,Banking,0.96,public_dataset_derived,0,0,1,0,0,1,HIGH,"madam, bank security: an unusual transaction was detected. share the otp you receive to cancel it immediately."
IND-00060,"Kripya dhyan dein: Courier department: parcel contains restricted material. Pay ₹2,000 immediately or legal action will start.",scam,COURIER_FRAUD,HIGH,Unexpected parcel/customs fee; payment request or link,PAY_FEE,HINDI_ROMAN,Courier,0.94,public_dataset_derived,0,0,0,0,1,0,CRITICAL,"kripya dhyan dein: courier department: parcel contains restricted material. pay ₹2,000 immediately or legal action will start."
IND-00993,Kripya dhyan dein: Your parcel is held at customs. Pay ₹499 clearance charges immediately at http://parcel-fee.example.,scam,COURIER_FRAUD,HIGH,Unexpected parcel/customs fee; payment request or link,PAY_FEE,HINDI_ROMAN,Courier,0.98,public_dataset_derived,1,0,0,0,1,1,HIGH,kripya dhyan dein: your parcel is held at customs. pay ₹499 clearance charges immediately at URLTOKEN
IND-00670,Kripya dhyan dein: Your bank KYC is incomplete. Account will be blocked today. Share OTP to complete verification.,scam,KYC_FRAUD,HIGH,OTP request; KYC/account threat; urgency,SHARE_OTP,HINDI_ROMAN,KYC / Banking,0.99,synthetic_augmented,0,0,1,0,0,1,HIGH,kripya dhyan dein: your bank kyc is incomplete. account will be blocked today. share otp to complete verification.
IND-00320,"Madam, Railway recruitment selected you for the next round. Pay ₹499 document verification fee today.",scam,RECRUITMENT_SCAM,HIGH,Fake recruitment with registration fee,PAY_FEE,HINGLISH,Employment,0.91,synthetic_augmented,0,0,0,0,1,0,CRITICAL,"madam, railway recruitment selected you for the next round. pay ₹499 document verification fee today."
IND-03569,"Bhai, A caller claiming to be from my bank asked for an OTP to cancel a transaction. I did not share it.",suspicious,BANK_IMPERSONATION,MEDIUM,"Potential fraud indicators present, but authenticity is not established",VERIFY_BEFORE_ACTION,HINGLISH,UNVERIFIED_COMMUNICATION,0.7,synthetic_augmented,0,0,1,0,0,1,HIGH,"bhai, a caller claiming to be from my bank asked for an otp to cancel a transaction. i did not share it."
IND-00164,Kripya dhyan dein: URGENT: KYC expires in 2 hours. Send OTP and Aadhaar details on WhatsApp to keep your account active.,scam,KYC_FRAUD,HIGH,OTP request; KYC/account threat; urgency,SHARE_OTP,HINDI_ROMAN,KYC / Banking,0.91,public_dataset_derived,0,0,1,0,0,1,HIGH,kripya dhyan dein: urgent: kyc expires in 2 hours. send otp and aadhaar details on whatsapp to keep your account active.
IND-00866,"Bahut zaroori hai: Police video verification required. Stay on the call and transfer ₹25,000 to prove your account is clean.",scam,DIGITAL_ARREST,CRITICAL,Authority impersonation; intimidation; payment demand,PAY_OR_TRANSFER,HINDI_ROMAN,Law enforcement,0.99,synthetic_augmented,0,0,0,0,1,1,CRITICAL,"bahut zaroori hai: police video verification required. stay on the call and transfer ₹25,000 to prove your account is clean."
IND-00493,"Bhai, Click http://secure-login.example to prevent your WhatsApp account from being disabled.",scam,PHISHING,HIGH,Suspicious link requesting credentials/payment,CLICK_LINK,HINGLISH,Phishing,0.99,public_dataset_derived,1,0,0,0,0,0,HIGH,"bhai, click URLTOKEN to prevent your whatsapp account from being disabled."
IND-00584,"Please dhyan do, SBI security team here. Your debit card will be blocked unless you verify your details through this link.",scam,BANK_IMPERSONATION,HIGH,Claims to be bank/security team; asks for sensitive information,VERIFY_BANK,HINGLISH,Banking,0.9,public_dataset_derived,0,0,0,0,0,1,HIGH,"please dhyan do, sbi security team here. your debit card will be blocked unless you verify your details through this link."
IND-00770,"Please dhyan do, Railway recruitment selected you for the next round. Pay ₹499 document verification fee today.",scam,RECRUITMENT_SCAM,HIGH,Fake recruitment with registration fee,PAY_FEE,HINGLISH,Employment,0.88,public_dataset_derived,0,0,0,0,1,0,HIGH,"please dhyan do, railway recruitment selected you for the next round. pay ₹499 document verification fee today."
IND-00652,"Bahut zaroori hai: Instant personal loan approved without CIBIL check. Pay ₹1,499 processing fee before disbursement.",scam,LOAN_SCAM,HIGH,Loan promise with advance processing fee,PAY_FEE,HINDI_ROMAN,Loans,0.9,synthetic_augmented,0,0,0,0,1,0,CRITICAL,"bahut zaroori hai: instant personal loan approved without cibil check. pay ₹1,499 processing fee before disbursement."
IND-00349,"Bhai, Congratulations! Your mobile number won ₹10 lakh. Send ₹499 processing fee to claim the amount.",scam,LOTTERY_SCAM,HIGH,Prize claim requires fee/payment,PAY_FEE,HINGLISH,Lottery,0.89,synthetic_augmented,0,0,0,0,1,0,HIGH,"bhai, congratulations! your mobile number won ₹10 lakh. send ₹499 processing fee to claim the amount."
IND-01259,"Turant check karein: Crypto investment group: deposit ₹2,500 now and receive guaranteed returns within 48 hours.",scam,INVESTMENT_SCAM,HIGH,Guaranteed/high returns; asks for transfer,TRANSFER_MONEY,HINDI_ROMAN,Investment,0.89,synthetic_augmented,0,0,0,0,1,0,CRITICAL,"turant check karein: crypto investment group: deposit ₹2,500 now and receive guaranteed returns within 48 hours."
IND-01110,"Sir, SBI security team here. Your debit card will be blocked unless you verify your details through this link.",scam,BANK_IMPERSONATION,HIGH,Claims to be bank/security team; asks for sensitive information,VERIFY_BANK,HINGLISH,Banking,0.96,synthetic_augmented,0,0,0,0,0,1,HIGH,"sir, sbi security team here. your debit card will be blocked unless you verify your details through this link."
IND-01342,"Kripya dhyan dein: CBI officer here. A money laundering case is registered against your Aadhaar. Transfer ₹20,000 for verification.",scam,POLICE_IMPERSONATION,CRITICAL,Threat of arrest/case; demands money,PAY_OR_TRANSFER,HINDI_ROMAN,Law enforcement,0.98,public_dataset_derived,0,0,0,0,1,1,HIGH,"kripya dhyan dein: cbi officer here. a money laundering case is registered against your aadhaar. transfer ₹20,000 for verification."
IND-01153,"Madam, Dear customer, your KYC has failed. Update it immediately through http://verify-kyc.example or your account will be suspended.",scam,KYC_FRAUD,HIGH,OTP request; KYC/account threat; urgency,SHARE_OTP,HINGLISH,KYC / Banking,0.89,synthetic_augmented,1,0,0,0,0,1,HIGH,"madam, dear customer, your kyc has failed. update it immediately through URLTOKEN or your account will be suspended."
IND-01256,Bahut zaroori hai: Your bank KYC is incomplete. Account will be blocked today. Share OTP to complete verification.,scam,KYC_FRAUD,HIGH,OTP request; KYC/account threat; urgency,SHARE_OTP,HINDI_ROMAN,KYC / Banking,0.89,synthetic_augmented,0,0,1,0,0,1,HIGH,bahut zaroori hai: your bank kyc is incomplete. account will be blocked today. share otp to complete verification.
IND-01347,Urgent hai: SBI security team here. Your debit card will be blocked unless you verify your details through this link.,scam,BANK_IMPERSONATION,HIGH,Claims to be bank/security team; asks for sensitive information,VERIFY_BANK,HINGLISH,Banking,0.9,public_dataset_derived,0,0,0,0,0,1,CRITICAL,urgent hai: sbi security team here. your debit card will be blocked unless you verify your details through this link.
IND-00137,"Please dhyan do, Government scholarship of ₹25,000 approved. Pay ₹299 verification fee to receive it.",scam,SCHOLARSHIP_SCAM,HIGH,Scholarship claim requires fee/bank details,PAY_FEE,HINGLISH,Education,0.96,synthetic_augmented,0,0,0,0,1,1,CRITICAL,"please dhyan do, government scholarship of ₹25,000 approved. pay ₹299 verification fee to receive it."
IND-00016,"Sir, Your account needs urgent verification. Login at http://account-check.example before midnight.",scam,PHISHING,HIGH,Suspicious link requesting credentials/payment,CLICK_LINK,HINGLISH,Phishing,0.94,synthetic_augmented,1,0,0,0,0,0,HIGH,"sir, your account needs urgent verification. login at URLTOKEN before midnight."
IND-00569,"Bhai, Flood relief collection: donate immediately through this unfamiliar payment link.",scam,CHARITY_SCAM,MEDIUM,Urgent donation request with unverifiable details,DONATE,HINGLISH,Charity,0.98,synthetic_augmented,0,0,0,0,1,0,HIGH,"bhai, flood relief collection: donate immediately through this unfamiliar payment link."
IND-00057,"Please dhyan do, Your WhatsApp account will be permanently disabled today. Click http://appeal.example and enter your login code.",scam,ACCOUNT_TAKEOVER,HIGH,Threatens account closure and requests login/OTP,LOGIN_OR_SHARE_OTP,HINGLISH,Account security,0.9,public_dataset_derived,1,0,0,0,0,0,HIGH,"please dhyan do, your whatsapp account will be permanently disabled today. click URLTOKEN and enter your login code."
IND-00118,"Please dhyan do, Your meter has been flagged. Pay the pending amount now or your connection will be terminated today.",scam,ELECTRICITY_SCAM,HIGH,Disconnection threat plus payment/link,PAY_BILL,HINGLISH,Utilities,0.91,public_dataset_derived,0,0,0,0,1,0,CRITICAL,"please dhyan do, your meter has been flagged. pay the pending amount now or your connection will be terminated today."
IND-00301,"Bhai, Crypto investment group: deposit ₹2,500 now and receive guaranteed returns within 48 hours.",scam,INVESTMENT_SCAM,HIGH,Guaranteed/high returns; asks for transfer,TRANSFER_MONEY,HINGLISH,Investment,0.92,public_dataset_derived,0,0,0,0,1,0,HIGH,"bhai, crypto investment group: deposit ₹2,500 now and receive guaranteed returns within 48 hours."
IND-00874,"Sir, Congratulations! Your mobile number won ₹10 lakh. Send ₹499 processing fee to claim the amount.",scam,LOTTERY_SCAM,HIGH,Prize claim requires fee/payment,PAY_FEE,HINGLISH,Lottery,0.97,synthetic_augmented,0,0,0,0,1,0,HIGH,"sir, congratulations! your mobile number won ₹10 lakh. send ₹499 processing fee to claim the amount."
IND-00036,"Madam, Instagram security alert: unusual login detected. Verify your password and OTP using http://security-check.example.",scam,ACCOUNT_TAKEOVER,HIGH,Threatens account closure and requests login/OTP,LOGIN_OR_SHARE_OTP,HINGLISH,Account security,0.98,synthetic_augmented,1,0,1,0,0,0,HIGH,"madam, instagram security alert: unusual login detected. verify your password and otp using URLTOKEN"
IND-01043,URGENT: KYC expires in 2 hours. Send OTP and Aadhaar details on WhatsApp to keep your account active.,scam,KYC_FRAUD,HIGH,OTP request; KYC/account threat; urgency,SHARE_OTP,ENGLISH,KYC / Banking,0.99,public_dataset_derived,0,0,1,0,0,1,CRITICAL,urgent: kyc expires in 2 hours. send otp and aadhaar details on whatsapp to keep your account active.
IND-01413,"Please dhyan do, Your FASTag will be blocked tonight. Recharge ₹500 immediately through this link.",scam,FASTAG_SCAM,HIGH,KYC/recharge/blacklist threat plus payment/link,PAY_OR_UPDATE,HINGLISH,Transport,0.96,public_dataset_derived,0,0,0,0,1,0,HIGH,"please dhyan do, your fastag will be blocked tonight. recharge ₹500 immediately through this link."
IND-00796,Kripya dhyan dein: Your UPI account will be suspended today. Send your UPI PIN to the verification agent to reactivate it.,scam,UPI_FRAUD,HIGH,Requests UPI PIN/payment; urgency,PAY_OR_SHARE_UPI,HINDI_ROMAN,UPI,0.92,public_dataset_derived,0,0,0,1,0,0,HIGH,kripya dhyan dein: your upi account will be suspended today. send your upi pin to the verification agent to reactivate it.
IND-00987,Turant check karein: Congratulations! Your mobile number won ₹10 lakh. Send ₹499 processing fee to claim the amount.,scam,LOTTERY_SCAM,HIGH,Prize claim requires fee/payment,PAY_FEE,HINDI_ROMAN,Lottery,0.9,public_dataset_derived,0,0,0,0,1,0,CRITICAL,turant check karein: congratulations! your mobile number won ₹10 lakh. send ₹499 processing fee to claim the amount.
IND-01251,Bahut zaroori hai: Flood relief collection: donate immediately through this unfamiliar payment link.,scam,CHARITY_SCAM,MEDIUM,Urgent donation request with unverifiable details,DONATE,HINDI_ROMAN,Charity,0.98,synthetic_augmented,0,0,0,0,1,0,HIGH,bahut zaroori hai: flood relief collection: donate immediately through this unfamiliar payment link.
IND-00382,"Madam, Part-time job available: earn ₹5,000 daily. Send ₹499 security deposit and Aadhaar copy to start.",scam,JOB_SCAM,HIGH,Job offer requires upfront payment or sensitive documents,PAY_FEE,HINGLISH,Employment,0.89,synthetic_augmented,0,0,0,0,1,1,HIGH,"madam, part-time job available: earn ₹5,000 daily. send ₹499 security deposit and aadhaar copy to start."
IND-01426,"Bahut zaroori hai: CBI officer here. A money laundering case is registered against your Aadhaar. Transfer ₹20,000 for verification.",scam,POLICE_IMPERSONATION,CRITICAL,Threat of arrest/case; demands money,PAY_OR_TRANSFER,HINDI_ROMAN,Law enforcement,0.97,synthetic_augmented,0,0,0,0,1,1,CRITICAL,"bahut zaroori hai: cbi officer here. a money laundering case is registered against your aadhaar. transfer ₹20,000 for verification."
IND-00906,"Bhai, Your refund is ready. Enter card number, CVV and OTP at http://refund-portal.example.",scam,PHISHING,HIGH,Suspicious link requesting credentials/payment,CLICK_LINK,HINGLISH,Phishing,0.97,public_dataset_derived,1,0,1,0,0,0,HIGH,"bhai, your refund is ready. enter card number, cvv and otp at URLTOKEN"
IND-01265,"Urgent hai: Government scholarship of ₹25,000 approved. Pay ₹299 verification fee to receive it.",scam,SCHOLARSHIP_SCAM,HIGH,Scholarship claim requires fee/bank details,PAY_FEE,HINGLISH,Education,0.96,public_dataset_derived,0,0,0,0,1,1,HIGH,"urgent hai: government scholarship of ₹25,000 approved. pay ₹299 verification fee to receive it."
IND-00119,"Please dhyan do, Income Tax refund of ₹18,500 is pending. Confirm PAN, bank details and OTP at http://tax-refund.example.",scam,TAX_REFUND_SCAM,HIGH,Fake refund plus PAN/bank/OTP request,SHARE_DETAILS,HINGLISH,Tax,0.96,synthetic_augmented,1,0,1,0,1,1,HIGH,"please dhyan do, income tax refund of ₹18,500 is pending. confirm pan, bank details and otp at URLTOKEN"
IND-00082,"Sir, Railway recruitment selected you for the next round. Pay ₹499 document verification fee today.",scam,RECRUITMENT_SCAM,HIGH,Fake recruitment with registration fee,PAY_FEE,HINGLISH,Employment,0.91,synthetic_augmented,0,0,0,0,1,0,HIGH,"sir, railway recruitment selected you for the next round. pay ₹499 document verification fee today."
IND-00956,"Kripya dhyan dein: Crypto investment group: deposit ₹2,500 now and receive guaranteed returns within 48 hours.",scam,INVESTMENT_SCAM,HIGH,Guaranteed/high returns; asks for transfer,TRANSFER_MONEY,HINDI_ROMAN,Investment,0.97,synthetic_augmented,0,0,0,0,1,0,HIGH,"kripya dhyan dein: crypto investment group: deposit ₹2,500 now and receive guaranteed returns within 48 hours."
IND-00514,Turant check karein: URGENT: KYC expires in 2 hours. Send OTP and Aadhaar details on WhatsApp to keep your account active.,scam,KYC_FRAUD,HIGH,OTP request; KYC/account threat; urgency,SHARE_OTP,HINDI_ROMAN,KYC / Banking,0.99,public_dataset_derived,0,0,1,0,0,1,HIGH,turant check karein: urgent: kyc expires in 2 hours. send otp and aadhaar details on whatsapp to keep your account active.
IND-00115,"Sir, You have been shortlisted for a government job. Pay ₹1,000 registration fee to receive your appointment letter.",scam,RECRUITMENT_SCAM,HIGH,Fake recruitment with registration fee,PAY_FEE,HINGLISH,Employment,0.98,public_dataset_derived,0,0,0,0,1,1,HIGH,"sir, you have been shortlisted for a government job. pay ₹1,000 registration fee to receive your appointment letter."
IND-00994,"Please dhyan do, FedEx parcel alert: your package cannot be delivered until ₹799 is paid. Pay now to avoid return.",scam,COURIER_FRAUD,HIGH,Unexpected parcel/customs fee; payment request or link,PAY_FEE,HINGLISH,Courier,0.99,public_dataset_derived,0,0,0,0,1,0,HIGH,"please dhyan do, fedex parcel alert: your package cannot be delivered until ₹799 is paid. pay now to avoid return."
IND-01350,"Bahut zaroori hai: Urgent help needed for a child. Please send ₹1,000 to this personal UPI ID immediately. No time for verification.",scam,CHARITY_SCAM,MEDIUM,Urgent donation request with unverifiable details,DONATE,HINDI_ROMAN,Charity,0.91,synthetic_augmented,0,0,0,0,1,0,HIGH,"bahut zaroori hai: urgent help needed for a child. please send ₹1,000 to this personal upi id immediately. no time for verification."
IND-01145,"Bhai, Your parcel is held at customs. Pay ₹499 clearance charges immediately at http://parcel-fee.example.",scam,COURIER_FRAUD,HIGH,Unexpected parcel/customs fee; payment request or link,PAY_FEE,HINGLISH,Courier,0.97,synthetic_augmented,1,0,0,0,1,1,CRITICAL,"bhai, your parcel is held at customs. pay ₹499 clearance charges immediately at URLTOKEN"
IND-00762,"Sir, Your tax refund cannot be processed. Share your bank account and OTP immediately for verification.",scam,TAX_REFUND_SCAM,HIGH,Fake refund plus PAN/bank/OTP request,SHARE_DETAILS,HINGLISH,Tax,0.91,synthetic_augmented,0,0,1,0,0,1,HIGH,"sir, your tax refund cannot be processed. share your bank account and otp immediately for verification."
IND-00387,Urgent hai: FASTag verification pending. Send vehicle RC and OTP to activate your account.,scam,FASTAG_SCAM,HIGH,KYC/recharge/blacklist threat plus payment/link,PAY_OR_UPDATE,HINGLISH,Transport,0.93,synthetic_augmented,0,0,1,0,0,0,HIGH,urgent hai: fastag verification pending. send vehicle rc and otp to activate your account.
IND-00374,"Madam, HR department: your job is approved. Pay the refundable training fee today to receive your offer letter.",scam,JOB_SCAM,HIGH,Job offer requires upfront payment or sensitive documents,PAY_FEE,HINGLISH,Employment,0.89,synthetic_augmented,0,0,0,0,1,1,HIGH,"madam, hr department: your job is approved. pay the refundable training fee today to receive your offer letter."
IND-00523,"Kripya dhyan dein: Dear customer, your KYC has failed. Update it immediately through http://verify-kyc.example or your account will be suspended.",scam,KYC_FRAUD,HIGH,OTP request; KYC/account threat; urgency,SHARE_OTP,HINDI_ROMAN,KYC / Banking,0.96,synthetic_augmented,1,0,0,0,0,1,HIGH,"kripya dhyan dein: dear customer, your kyc has failed. update it immediately through URLTOKEN or your account will be suspended."
IND-00386,"Madam, Supreme Court cyber team here. You are under digital arrest due to money laundering. Transfer ₹50,000 for verification.",scam,DIGITAL_ARREST,CRITICAL,Authority impersonation; intimidation; payment demand,PAY_OR_TRANSFER,HINGLISH,Law enforcement,0.93,public_dataset_derived,0,0,0,0,1,1,HIGH,"madam, supreme court cyber team here. you are under digital arrest due to money laundering. transfer ₹50,000 for verification."
IND-01470,"Sir, Your electricity connection will be disconnected tonight due to unpaid bill. Pay ₹1,850 at http://power-pay.example.",scam,ELECTRICITY_SCAM,HIGH,Disconnection threat plus payment/link,PAY_BILL,HINGLISH,Utilities,0.89,public_dataset_derived,1,0,0,0,1,0,CRITICAL,"sir, your electricity connection will be disconnected tonight due to unpaid bill. pay ₹1,850 at URLTOKEN"
IND-01227,"Bahut zaroori hai: Limited investment opportunity: zero risk and guaranteed profit. Send ₹5,000 today to activate your account.",scam,INVESTMENT_SCAM,HIGH,Guaranteed/high returns; asks for transfer,TRANSFER_MONEY,HINDI_ROMAN,Investment,0.9,public_dataset_derived,0,0,0,0,1,0,HIGH,"bahut zaroori hai: limited investment opportunity: zero risk and guaranteed profit. send ₹5,000 today to activate your account."
IND-00277,"Kripya dhyan dein: Government scholarship of ₹25,000 approved. Pay ₹299 verification fee to receive it.",scam,SCHOLARSHIP_SCAM,HIGH,Scholarship claim requires fee/bank details,PAY_FEE,HINDI_ROMAN,Education,0.88,public_dataset_derived,0,0,0,0,1,1,CRITICAL,"kripya dhyan dein: government scholarship of ₹25,000 approved. pay ₹299 verification fee to receive it."
IND-00303,Bahut zaroori hai: Scholarship registration closes today. Pay ₹199 processing charges immediately.,scam,SCHOLARSHIP_SCAM,HIGH,Scholarship claim requires fee/bank details,PAY_FEE,HINDI_ROMAN,Education,0.93,public_dataset_derived,0,0,0,0,1,0,CRITICAL,bahut zaroori hai: scholarship registration closes today. pay ₹199 processing charges immediately.
IND-01420,"Please dhyan do, Instagram security alert: unusual login detected. Verify your password and OTP using http://security-check.example.",scam,ACCOUNT_TAKEOVER,HIGH,Threatens account closure and requests login/OTP,LOGIN_OR_SHARE_OTP,HINGLISH,Account security,0.98,synthetic_augmented,1,0,1,0,0,0,CRITICAL,"please dhyan do, instagram security alert: unusual login detected. verify your password and otp using URLTOKEN"
IND-01126,Kripya dhyan dein: Click http://secure-login.example to prevent your WhatsApp account from being disabled.,scam,PHISHING,HIGH,Suspicious link requesting credentials/payment,CLICK_LINK,HINDI_ROMAN,Phishing,0.96,public_dataset_derived,1,0,0,0,0,0,CRITICAL,kripya dhyan dein: click URLTOKEN to prevent your whatsapp account from being disabled.
IND-01437,Kripya dhyan dein: Railway recruitment selected you for the next round. Pay ₹499 document verification fee today.,scam,RECRUITMENT_SCAM,HIGH,Fake recruitment with registration fee,PAY_FEE,HINDI_ROMAN,Employment,0.9,synthetic_augmented,0,0,0,0,1,0,CRITICAL,kripya dhyan dein: railway recruitment selected you for the next round. pay ₹499 document verification fee today.
IND-01411,"Madam, Congratulations! You are selected for a work-from-home job. Pay ₹999 registration fee to confirm joining.",scam,JOB_SCAM,HIGH,Job offer requires upfront payment or sensitive documents,PAY_FEE,HINGLISH,Employment,0.97,public_dataset_derived,0,0,0,0,1,0,CRITICAL,"madam, congratulations! you are selected for a work-from-home job. pay ₹999 registration fee to confirm joining."
IND-00839,Turant check karein: Loan verification requires an advance payment of ₹799 and PAN/Aadhaar on WhatsApp.,scam,LOAN_SCAM,HIGH,Loan promise with advance processing fee,PAY_FEE,HINDI_ROMAN,Loans,0.89,synthetic_augmented,0,0,0,0,1,1,HIGH,turant check karein: loan verification requires an advance payment of ₹799 and pan/aadhaar on whatsapp.
IND-00622,Kripya dhyan dein: This is the bank security department. Your account has suspicious activity. Confirm OTP and card details now.,scam,BANK_IMPERSONATION,HIGH,Claims to be bank/security team; asks for sensitive information,VERIFY_BANK,HINDI_ROMAN,Banking,0.92,public_dataset_derived,0,0,1,0,0,1,HIGH,kripya dhyan dein: this is the bank security department. your account has suspicious activity. confirm otp and card details now.
IND-00480,Bahut zaroori hai: Income Tax Department: click http://refund.example to claim your pending refund today.,scam,TAX_REFUND_SCAM,HIGH,Fake refund plus PAN/bank/OTP request,SHARE_DETAILS,HINDI_ROMAN,Tax,0.93,synthetic_augmented,1,0,0,0,0,1,CRITICAL,bahut zaroori hai: income tax department: click URLTOKEN to claim your pending refund today.
IND-00040,Urgent hai: Your bank KYC is incomplete. Account will be blocked today. Share OTP to complete verification.,scam,KYC_FRAUD,HIGH,OTP request; KYC/account threat; urgency,SHARE_OTP,HINGLISH,KYC / Banking,0.94,synthetic_augmented,0,0,1,0,0,1,CRITICAL,urgent hai: your bank kyc is incomplete. account will be blocked today. share otp to complete verification.
IND-00716,"Bhai, Delhi Police Cyber Cell calling. Your number is linked to an illegal case. Pay ₹15,000 now to avoid arrest.",scam,POLICE_IMPERSONATION,CRITICAL,Threat of arrest/case; demands money,PAY_OR_TRANSFER,HINGLISH,Law enforcement,0.97,synthetic_augmented,0,0,0,0,1,1,HIGH,"bhai, delhi police cyber cell calling. your number is linked to an illegal case. pay ₹15,000 now to avoid arrest."
IND-01340,Kripya dhyan dein: Your ₹5 lakh loan is approved. Send ₹999 insurance charges to release the amount today.,scam,LOAN_SCAM,HIGH,Loan promise with advance processing fee,PAY_FEE,HINDI_ROMAN,Loans,0.98,public_dataset_derived,0,0,0,0,1,0,HIGH,kripya dhyan dein: your ₹5 lakh loan is approved. send ₹999 insurance charges to release the amount today.
IND-01417,"Madam, Your electricity connection will be disconnected tonight due to unpaid bill. Pay ₹1,850 at http://power-pay.example.",scam,ELECTRICITY_SCAM,HIGH,Disconnection threat plus payment/link,PAY_BILL,HINGLISH,Utilities,0.95,public_dataset_derived,1,0,0,0,1,0,CRITICAL,"madam, your electricity connection will be disconnected tonight due to unpaid bill. pay ₹1,850 at URLTOKEN"
IND-00132,"Bhai, HR department: your job is approved. Pay the refundable training fee today to receive your offer letter.",scam,JOB_SCAM,HIGH,Job offer requires upfront payment or sensitive documents,PAY_FEE,HINGLISH,Employment,0.96,public_dataset_derived,0,0,0,0,1,1,HIGH,"bhai, hr department: your job is approved. pay the refundable training fee today to receive your offer letter."
IND-01033,Kripya dhyan dein: Please transfer ₹499 to this personal UPI ID to unlock your cashback immediately.,scam,UPI_FRAUD,HIGH,Requests UPI PIN/payment; urgency,PAY_OR_SHARE_UPI,HINDI_ROMAN,UPI,0.91,public_dataset_derived,0,0,0,0,1,0,CRITICAL,kripya dhyan dein: please transfer ₹499 to this personal upi id to unlock your cashback immediately.
IND-01371,"Kripya dhyan dein: Your electricity connection will be disconnected tonight due to unpaid bill. Pay ₹1,850 at http://power-pay.example.",scam,ELECTRICITY_SCAM,HIGH,Disconnection threat plus payment/link,PAY_BILL,HINDI_ROMAN,Utilities,0.99,synthetic_augmented,1,0,0,0,1,0,CRITICAL,"kripya dhyan dein: your electricity connection will be disconnected tonight due to unpaid bill. pay ₹1,850 at URLTOKEN"
IND-00121,"Bhai, Work from home recruitment: pay ₹299 onboarding charges and start earning immediately.",scam,RECRUITMENT_SCAM,HIGH,Fake recruitment with registration fee,PAY_FEE,HINGLISH,Employment,0.96,public_dataset_derived,0,0,0,0,1,0,HIGH,"bhai, work from home recruitment: pay ₹299 onboarding charges and start earning immediately."
IND-00474,"Bhai, Emergency donation appeal: transfer ₹500 now to help a hospital patient. Please forward to 10 groups.",scam,CHARITY_SCAM,MEDIUM,Urgent donation request with unverifiable details,DONATE,HINGLISH,Charity,0.9,synthetic_augmented,0,0,0,0,1,0,HIGH,"bhai, emergency donation appeal: transfer ₹500 now to help a hospital patient. please forward to 10 groups."
IND-00151,"Madam, URGENT: KYC expires in 2 hours. Send OTP and Aadhaar details on WhatsApp to keep your account active.",scam,KYC_FRAUD,HIGH,OTP request; KYC/account threat; urgency,SHARE_OTP,HINGLISH,KYC / Banking,0.93,public_dataset_derived,0,0,1,0,0,1,CRITICAL,"madam, urgent: kyc expires in 2 hours. send otp and aadhaar details on whatsapp to keep your account active."
IND-00586,"Urgent hai: Delhi Police Cyber Cell calling. Your number is linked to an illegal case. Pay ₹15,000 now to avoid arrest.",scam,POLICE_IMPERSONATION,CRITICAL,Threat of arrest/case; demands money,PAY_OR_TRANSFER,HINGLISH,Law enforcement,0.92,synthetic_augmented,0,0,0,0,1,1,CRITICAL,"urgent hai: delhi police cyber cell calling. your number is linked to an illegal case. pay ₹15,000 now to avoid arrest."
IND-01314,"Sir, Urgent help needed for a child. Please send ₹1,000 to this personal UPI ID immediately. No time for verification.",scam,CHARITY_SCAM,MEDIUM,Urgent donation request with unverifiable details,DONATE,HINGLISH,Charity,0.9,public_dataset_derived,0,0,0,0,1,0,CRITICAL,"sir, urgent help needed for a child. please send ₹1,000 to this personal upi id immediately. no time for verification."
IND-01032,"Madam, Delhi Police Cyber Cell calling. Your number is linked to an illegal case. Pay ₹15,000 now to avoid arrest.",scam,POLICE_IMPERSONATION,CRITICAL,Threat of arrest/case; demands money,PAY_OR_TRANSFER,HINGLISH,Law enforcement,0.9,public_dataset_derived,0,0,0,0,1,1,HIGH,"madam, delhi police cyber cell calling. your number is linked to an illegal case. pay ₹15,000 now to avoid arrest."
IND-01315,"Bhai, Your WhatsApp account will be permanently disabled today. Click http://appeal.example and enter your login code.",scam,ACCOUNT_TAKEOVER,HIGH,Threatens account closure and requests login/OTP,LOGIN_OR_SHARE_OTP,HINGLISH,Account security,0.93,synthetic_augmented,1,0,0,0,0,0,CRITICAL,"bhai, your whatsapp account will be permanently disabled today. click URLTOKEN and enter your login code."
IND-00408,"Please dhyan do, Click http://secure-login.example to prevent your WhatsApp account from being disabled.",scam,PHISHING,HIGH,Suspicious link requesting credentials/payment,CLICK_LINK,HINGLISH,Phishing,0.9,public_dataset_derived,1,0,0,0,0,0,HIGH,"please dhyan do, click URLTOKEN to prevent your whatsapp account from being disabled."
IND-00099,"Urgent hai: Police video verification required. Stay on the call and transfer ₹25,000 to prove your account is clean.",scam,DIGITAL_ARREST,CRITICAL,Authority impersonation; intimidation; payment demand,PAY_OR_TRANSFER,HINGLISH,Law enforcement,0.91,synthetic_augmented,0,0,0,0,1,1,HIGH,"urgent hai: police video verification required. stay on the call and transfer ₹25,000 to prove your account is clean."
IND-01273,"Madam, Your WhatsApp account will be permanently disabled today. Click http://appeal.example and enter your login code.",scam,ACCOUNT_TAKEOVER,HIGH,Threatens account closure and requests login/OTP,LOGIN_OR_SHARE_OTP,HINGLISH,Account security,0.98,synthetic_augmented,1,0,0,0,0,0,HIGH,"madam, your whatsapp account will be permanently disabled today. click URLTOKEN and enter your login code."
IND-00949,"Sir, Police notice: your SIM is involved in fraud. Do not tell anyone. Pay the settlement amount immediately.",scam,POLICE_IMPERSONATION,CRITICAL,Threat of arrest/case; demands money,PAY_OR_TRANSFER,HINGLISH,Law enforcement,0.92,synthetic_augmented,0,0,0,0,1,1,HIGH,"sir, police notice: your sim is involved in fraud. do not tell anyone. pay the settlement amount immediately."
IND-01246,"Bhai, Congratulations! You are selected for a work-from-home job. Pay ₹999 registration fee to confirm joining.",scam,JOB_SCAM,HIGH,Job offer requires upfront payment or sensitive documents,PAY_FEE,HINGLISH,Employment,0.98,public_dataset_derived,0,0,0,0,1,0,HIGH,"bhai, congratulations! you are selected for a work-from-home job. pay ₹999 registration fee to confirm joining."
IND-00555,"Bhai, Your Aadhaar is linked to a criminal investigation. Do not disconnect. Pay the security deposit immediately.",scam,DIGITAL_ARREST,CRITICAL,Authority impersonation; intimidation; payment demand,PAY_OR_TRANSFER,HINGLISH,Law enforcement,0.98,public_dataset_derived,0,0,0,0,1,1,HIGH,"bhai, your aadhaar is linked to a criminal investigation. do not disconnect. pay the security deposit immediately."
IND-00501,"Please dhyan do, Income Tax Department: click http://refund.example to claim your pending refund today.",scam,TAX_REFUND_SCAM,HIGH,Fake refund plus PAN/bank/OTP request,SHARE_DETAILS,HINGLISH,Tax,0.88,public_dataset_derived,1,0,0,0,0,1,CRITICAL,"please dhyan do, income tax department: click URLTOKEN to claim your pending refund today."
IND-01009,Urgent hai: Your Aadhaar is linked to a criminal investigation. Do not disconnect. Pay the security deposit immediately.,scam,DIGITAL_ARREST,CRITICAL,Authority impersonation; intimidation; payment demand,PAY_OR_TRANSFER,HINGLISH,Law enforcement,0.91,public_dataset_derived,0,0,0,0,1,1,CRITICAL,urgent hai: your aadhaar is linked to a criminal investigation. do not disconnect. pay the security deposit immediately.
IND-01377,Urgent hai: Your account needs urgent verification. Login at http://account-check.example before midnight.,scam,PHISHING,HIGH,Suspicious link requesting credentials/payment,CLICK_LINK,HINGLISH,Phishing,0.91,public_dataset_derived,1,0,0,0,0,0,HIGH,urgent hai: your account needs urgent verification. login at URLTOKEN before midnight.
IND-00659,"Madam, Your email account will close in 24 hours. Login through this link to keep it active.",scam,ACCOUNT_TAKEOVER,HIGH,Threatens account closure and requests login/OTP,LOGIN_OR_SHARE_OTP,HINGLISH,Account security,0.93,public_dataset_derived,0,0,0,0,0,0,HIGH,"madam, your email account will close in 24 hours. login through this link to keep it active."
IND-00285,"Sir, Government scholarship of ₹25,000 approved. Pay ₹299 verification fee to receive it.",scam,SCHOLARSHIP_SCAM,HIGH,Scholarship claim requires fee/bank details,PAY_FEE,HINGLISH,Education,0.95,public_dataset_derived,0,0,0,0,1,1,HIGH,"sir, government scholarship of ₹25,000 approved. pay ₹299 verification fee to receive it."
IND-00749,"Turant check karein: You have been shortlisted for a government job. Pay ₹1,000 registration fee to receive your appointment letter.",scam,RECRUITMENT_SCAM,HIGH,Fake recruitment with registration fee,PAY_FEE,HINDI_ROMAN,Employment,0.94,public_dataset_derived,0,0,0,0,1,1,CRITICAL,"turant check karein: you have been shortlisted for a government job. pay ₹1,000 registration fee to receive your appointment letter."
IND-01357,Kripya dhyan dein: FASTag KYC failed. Pay ₹499 and update vehicle details at http://fastag-update.example to avoid blacklisting.,scam,FASTAG_SCAM,HIGH,KYC/recharge/blacklist threat plus payment/link,PAY_OR_UPDATE,HINDI_ROMAN,Transport,0.96,synthetic_augmented,1,0,0,0,1,1,HIGH,kripya dhyan dein: fastag kyc failed. pay ₹499 and update vehicle details at URLTOKEN to avoid blacklisting.
IND-00807,"Madam, Courier department: parcel contains restricted material. Pay ₹2,000 immediately or legal action will start.",scam,COURIER_FRAUD,HIGH,Unexpected parcel/customs fee; payment request or link,PAY_FEE,HINGLISH,Courier,0.89,public_dataset_derived,0,0,0,0,1,0,CRITICAL,"madam, courier department: parcel contains restricted material. pay ₹2,000 immediately or legal action will start."
IND-04424,Bhai sabko bhejo: ₹500 notes will stop being legal tender tonight. Exchange them immediately.,misinformation,NONE,MEDIUM,Unverified or misleading claim; forwarding pressure or implausible assertion,VERIFY_SOURCE,HINGLISH,MISINFORMATION,0.81,synthetic_augmented,0,0,0,0,1,0,MEDIUM,bhai sabko bhejo: ₹500 notes will stop being legal tender tonight. exchange them immediately.
IND-00404,"Bhai, Bank security: an unusual transaction was detected. Share the OTP you receive to cancel it immediately.",scam,OTP_THEFT,HIGH,Requests one-time password; suspicious verification,SHARE_OTP,HINGLISH,Banking,0.99,public_dataset_derived,0,0,1,0,0,1,HIGH,"bhai, bank security: an unusual transaction was detected. share the otp you receive to cancel it immediately."
IND-01386,Turant check karein: Your meter has been flagged. Pay the pending amount now or your connection will be terminated today.,scam,ELECTRICITY_SCAM,HIGH,Disconnection threat plus payment/link,PAY_BILL,HINDI_ROMAN,Utilities,0.94,synthetic_augmented,0,0,0,0,1,0,HIGH,turant check karein: your meter has been flagged. pay the pending amount now or your connection will be terminated today.
IND-01161,"Sir, Income Tax refund of ₹18,500 is pending. Confirm PAN, bank details and OTP at http://tax-refund.example.",scam,TAX_REFUND_SCAM,HIGH,Fake refund plus PAN/bank/OTP request,SHARE_DETAILS,HINGLISH,Tax,0.9,synthetic_augmented,1,0,1,0,1,1,HIGH,"sir, income tax refund of ₹18,500 is pending. confirm pan, bank details and otp at URLTOKEN"
IND-01091,"Madam, FASTag verification pending. Send vehicle RC and OTP to activate your account.",scam,FASTAG_SCAM,HIGH,KYC/recharge/blacklist threat plus payment/link,PAY_OR_UPDATE,HINGLISH,Transport,0.94,synthetic_augmented,0,0,1,0,0,0,CRITICAL,"madam, fastag verification pending. send vehicle rc and otp to activate your account."
IND-01157,"Sir, Limited investment opportunity: zero risk and guaranteed profit. Send ₹5,000 today to activate your account.",scam,INVESTMENT_SCAM,HIGH,Guaranteed/high returns; asks for transfer,TRANSFER_MONEY,HINGLISH,Investment,0.9,synthetic_augmented,0,0,0,0,1,0,HIGH,"sir, limited investment opportunity: zero risk and guaranteed profit. send ₹5,000 today to activate your account."
IND-00217,Kripya dhyan dein: Police notice: your SIM is involved in fraud. Do not tell anyone. Pay the settlement amount immediately.,scam,POLICE_IMPERSONATION,CRITICAL,Threat of arrest/case; demands money,PAY_OR_TRANSFER,HINDI_ROMAN,Law enforcement,0.96,public_dataset_derived,0,0,0,0,1,1,HIGH,kripya dhyan dein: police notice: your sim is involved in fraud. do not tell anyone. pay the settlement amount immediately.
IND-00279,"Please dhyan do, Delhi Police Cyber Cell calling. Your number is linked to an illegal case. Pay ₹15,000 now to avoid arrest.",scam,POLICE_IMPERSONATION,CRITICAL,Threat of arrest/case; demands money,PAY_OR_TRANSFER,HINGLISH,Law enforcement,0.98,public_dataset_derived,0,0,0,0,1,1,CRITICAL,"please dhyan do, delhi police cyber cell calling. your number is linked to an illegal case. pay ₹15,000 now to avoid arrest."
IND-01419,"Sir, Your account needs phone verification. Please reply with the OTP to complete the security check.",scam,OTP_THEFT,HIGH,Requests one-time password; suspicious verification,SHARE_OTP,HINGLISH,Banking,0.95,public_dataset_derived,0,0,1,0,0,0,HIGH,"sir, your account needs phone verification. please reply with the otp to complete the security check."
IND-00441,"Urgent hai: You have been shortlisted for a government job. Pay ₹1,000 registration fee to receive your appointment letter.",scam,RECRUITMENT_SCAM,HIGH,Fake recruitment with registration fee,PAY_FEE,HINGLISH,Employment,0.96,synthetic_augmented,0,0,0,0,1,1,HIGH,"urgent hai: you have been shortlisted for a government job. pay ₹1,000 registration fee to receive your appointment letter."
IND-01321,"Madam, Your tax refund cannot be processed. Share your bank account and OTP immediately for verification.",scam,TAX_REFUND_SCAM,HIGH,Fake refund plus PAN/bank/OTP request,SHARE_DETAILS,HINGLISH,Tax,0.91,synthetic_augmented,0,0,1,0,0,1,HIGH,"madam, your tax refund cannot be processed. share your bank account and otp immediately for verification."
IND-01432,"Kripya dhyan dein: Police video verification required. Stay on the call and transfer ₹25,000 to prove your account is clean.",scam,DIGITAL_ARREST,CRITICAL,Authority impersonation; intimidation; payment demand,PAY_OR_TRANSFER,HINDI_ROMAN,Law enforcement,0.98,public_dataset_derived,0,0,0,0,1,1,CRITICAL,"kripya dhyan dein: police video verification required. stay on the call and transfer ₹25,000 to prove your account is clean."
IND-00066,"Madam, Income Tax refund of ₹18,500 is pending. Confirm PAN, bank details and OTP at http://tax-refund.example.",scam,TAX_REFUND_SCAM,HIGH,Fake refund plus PAN/bank/OTP request,SHARE_DETAILS,HINGLISH,Tax,0.97,synthetic_augmented,1,0,1,0,1,1,CRITICAL,"madam, income tax refund of ₹18,500 is pending. confirm pan, bank details and otp at URLTOKEN"
IND-00174,Bahut zaroori hai: Your account needs phone verification. Please reply with the OTP to complete the security check.,scam,OTP_THEFT,HIGH,Requests one-time password; suspicious verification,SHARE_OTP,HINDI_ROMAN,Banking,0.97,synthetic_augmented,0,0,1,0,0,0,HIGH,bahut zaroori hai: your account needs phone verification. please reply with the otp to complete the security check.
IND-00950,"Bahut zaroori hai: Your refund is ready. Enter card number, CVV and OTP at http://refund-portal.example.",scam,PHISHING,HIGH,Suspicious link requesting credentials/payment,CLICK_LINK,HINDI_ROMAN,Phishing,0.88,synthetic_augmented,1,0,1,0,0,0,HIGH,"bahut zaroori hai: your refund is ready. enter card number, cvv and otp at URLTOKEN"
IND-01332,"Bhai, FedEx parcel alert: your package cannot be delivered until ₹799 is paid. Pay now to avoid return.",scam,COURIER_FRAUD,HIGH,Unexpected parcel/customs fee; payment request or link,PAY_FEE,HINGLISH,Courier,0.89,public_dataset_derived,0,0,0,0,1,0,HIGH,"bhai, fedex parcel alert: your package cannot be delivered until ₹799 is paid. pay now to avoid return."
IND-00165,Urgent hai: FASTag KYC failed. Pay ₹499 and update vehicle details at http://fastag-update.example to avoid blacklisting.,scam,FASTAG_SCAM,HIGH,KYC/recharge/blacklist threat plus payment/link,PAY_OR_UPDATE,HINGLISH,Transport,0.96,synthetic_augmented,1,0,0,0,1,1,CRITICAL,urgent hai: fastag kyc failed. pay ₹499 and update vehicle details at URLTOKEN to avoid blacklisting.
IND-01343,"Bhai, Instant personal loan approved without CIBIL check. Pay ₹1,499 processing fee before disbursement.",scam,LOAN_SCAM,HIGH,Loan promise with advance processing fee,PAY_FEE,HINGLISH,Loans,0.97,synthetic_augmented,0,0,0,0,1,0,HIGH,"bhai, instant personal loan approved without cibil check. pay ₹1,499 processing fee before disbursement."
IND-01172,"Madam, Your FASTag will be blocked tonight. Recharge ₹500 immediately through this link.",scam,FASTAG_SCAM,HIGH,KYC/recharge/blacklist threat plus payment/link,PAY_OR_UPDATE,HINGLISH,Transport,0.94,public_dataset_derived,0,0,0,0,1,0,HIGH,"madam, your fastag will be blocked tonight. recharge ₹500 immediately through this link."
IND-00148,Turant check karein: Please transfer ₹499 to this personal UPI ID to unlock your cashback immediately.,scam,UPI_FRAUD,HIGH,Requests UPI PIN/payment; urgency,PAY_OR_SHARE_UPI,HINDI_ROMAN,UPI,0.94,public_dataset_derived,0,0,0,0,1,0,CRITICAL,turant check karein: please transfer ₹499 to this personal upi id to unlock your cashback immediately.
IND-01286,Urgent hai: Your ₹5 lakh loan is approved. Send ₹999 insurance charges to release the amount today.,scam,LOAN_SCAM,HIGH,Loan promise with advance processing fee,PAY_FEE,HINGLISH,Loans,0.89,synthetic_augmented,0,0,0,0,1,0,HIGH,urgent hai: your ₹5 lakh loan is approved. send ₹999 insurance charges to release the amount today.
IND-00701,"Please dhyan do, Your refund is ready. Enter card number, CVV and OTP at http://refund-portal.example.",scam,PHISHING,HIGH,Suspicious link requesting credentials/payment,CLICK_LINK,HINGLISH,Phishing,0.96,public_dataset_derived,1,0,1,0,0,0,HIGH,"please dhyan do, your refund is ready. enter card number, cvv and otp at URLTOKEN"
IND-01479,"Bahut zaroori hai: Delhi Police Cyber Cell calling. Your number is linked to an illegal case. Pay ₹15,000 now to avoid arrest.",scam,POLICE_IMPERSONATION,CRITICAL,Threat of arrest/case; demands money,PAY_OR_TRANSFER,HINDI_ROMAN,Law enforcement,0.93,synthetic_augmented,0,0,0,0,1,1,CRITICAL,"bahut zaroori hai: delhi police cyber cell calling. your number is linked to an illegal case. pay ₹15,000 now to avoid arrest."
IND-00111,"Kripya dhyan dein: Urgent help needed for a child. Please send ₹1,000 to this personal UPI ID immediately. No time for verification.",scam,CHARITY_SCAM,MEDIUM,Urgent donation request with unverifiable details,DONATE,HINDI_ROMAN,Charity,0.97,synthetic_augmented,0,0,0,0,1,0,HIGH,"kripya dhyan dein: urgent help needed for a child. please send ₹1,000 to this personal upi id immediately. no time for verification."
IND-00674,"Madam, Limited investment opportunity: zero risk and guaranteed profit. Send ₹5,000 today to activate your account.",scam,INVESTMENT_SCAM,HIGH,Guaranteed/high returns; asks for transfer,TRANSFER_MONEY,HINGLISH,Investment,0.93,public_dataset_derived,0,0,0,0,1,0,HIGH,"madam, limited investment opportunity: zero risk and guaranteed profit. send ₹5,000 today to activate your account."
IND-00518,"Bhai, Your bank KYC is incomplete. Account will be blocked today. Share OTP to complete verification.",scam,KYC_FRAUD,HIGH,OTP request; KYC/account threat; urgency,SHARE_OTP,HINGLISH,KYC / Banking,0.92,synthetic_augmented,0,0,1,0,0,1,HIGH,"bhai, your bank kyc is incomplete. account will be blocked today. share otp to complete verification."
IND-00813,Urgent hai: Electricity department: last warning. Pay ₹999 immediately to avoid disconnection.,scam,ELECTRICITY_SCAM,HIGH,Disconnection threat plus payment/link,PAY_BILL,HINGLISH,Utilities,0.9,synthetic_augmented,0,0,0,0,1,0,HIGH,urgent hai: electricity department: last warning. pay ₹999 immediately to avoid disconnection.
IND-01252,"Sir, Your parcel is held at customs. Pay ₹499 clearance charges immediately at http://parcel-fee.example.",scam,COURIER_FRAUD,HIGH,Unexpected parcel/customs fee; payment request or link,PAY_FEE,HINGLISH,Courier,0.97,synthetic_augmented,1,0,0,0,1,1,HIGH,"sir, your parcel is held at customs. pay ₹499 clearance charges immediately at URLTOKEN"
IND-00891,"Bhai, Please transfer ₹499 to this personal UPI ID to unlock your cashback immediately.",scam,UPI_FRAUD,HIGH,Requests UPI PIN/payment; urgency,PAY_OR_SHARE_UPI,HINGLISH,UPI,0.88,synthetic_augmented,0,0,0,0,1,0,CRITICAL,"bhai, please transfer ₹499 to this personal upi id to unlock your cashback immediately."
IND-00502,"Sir, Loan verification requires an advance payment of ₹799 and PAN/Aadhaar on WhatsApp.",scam,LOAN_SCAM,HIGH,Loan promise with advance processing fee,PAY_FEE,HINGLISH,Loans,0.89,synthetic_augmented,0,0,0,0,1,1,CRITICAL,"sir, loan verification requires an advance payment of ₹799 and pan/aadhaar on whatsapp."
IND-00006,Urgent hai: Work from home recruitment: pay ₹299 onboarding charges and start earning immediately.,scam,RECRUITMENT_SCAM,HIGH,Fake recruitment with registration fee,PAY_FEE,HINGLISH,Employment,0.9,synthetic_augmented,0,0,0,0,1,0,CRITICAL,urgent hai: work from home recruitment: pay ₹299 onboarding charges and start earning immediately.
IND-00472,"Please dhyan do, Prize department: pay the verification fee immediately to receive your lottery winnings.",scam,LOTTERY_SCAM,HIGH,Prize claim requires fee/payment,PAY_FEE,HINGLISH,Lottery,0.9,public_dataset_derived,0,0,0,0,1,0,CRITICAL,"please dhyan do, prize department: pay the verification fee immediately to receive your lottery winnings."
IND-00131,"Please dhyan do, Your bank KYC is incomplete. Account will be blocked today. Share OTP to complete verification.",scam,KYC_FRAUD,HIGH,OTP request; KYC/account threat; urgency,SHARE_OTP,HINGLISH,KYC / Banking,0.89,public_dataset_derived,0,0,1,0,0,1,HIGH,"please dhyan do, your bank kyc is incomplete. account will be blocked today. share otp to complete verification."
IND-01295,Kripya dhyan dein: Your WhatsApp account will be permanently disabled today. Click http://appeal.example and enter your login code.,scam,ACCOUNT_TAKEOVER,HIGH,Threatens account closure and requests login/OTP,LOGIN_OR_SHARE_OTP,HINDI_ROMAN,Account security,0.97,public_dataset_derived,1,0,0,0,0,0,HIGH,kripya dhyan dein: your whatsapp account will be permanently disabled today. click URLTOKEN and enter your login code.
IND-00453,"Bhai, Courier department: parcel contains restricted material. Pay ₹2,000 immediately or legal action will start.",scam,COURIER_FRAUD,HIGH,Unexpected parcel/customs fee; payment request or link,PAY_FEE,HINGLISH,Courier,0.98,public_dataset_derived,0,0,0,0,1,0,HIGH,"bhai, courier department: parcel contains restricted material. pay ₹2,000 immediately or legal action will start."
IND-01438,"Urgent hai: You have won ₹25,00,000 in the lucky draw. Pay ₹2,999 tax charges to release your prize.",scam,LOTTERY_SCAM,HIGH,Prize claim requires fee/payment,PAY_FEE,HINGLISH,Lottery,0.97,public_dataset_derived,0,0,0,0,1,0,CRITICAL,"urgent hai: you have won ₹25,00,000 in the lucky draw. pay ₹2,999 tax charges to release your prize."
IND-00070,Bahut zaroori hai: Your UPI account will be suspended today. Send your UPI PIN to the verification agent to reactivate it.,scam,UPI_FRAUD,HIGH,Requests UPI PIN/payment; urgency,PAY_OR_SHARE_UPI,HINDI_ROMAN,UPI,0.94,synthetic_augmented,0,0,0,1,0,0,HIGH,bahut zaroori hai: your upi account will be suspended today. send your upi pin to the verification agent to reactivate it.
IND-00800,"Sir, Please transfer ₹499 to this personal UPI ID to unlock your cashback immediately.",scam,UPI_FRAUD,HIGH,Requests UPI PIN/payment; urgency,PAY_OR_SHARE_UPI,HINGLISH,UPI,0.93,public_dataset_derived,0,0,0,0,1,0,HIGH,"sir, please transfer ₹499 to this personal upi id to unlock your cashback immediately."
IND-00050,"Sir, Crypto investment group: deposit ₹2,500 now and receive guaranteed returns within 48 hours.",scam,INVESTMENT_SCAM,HIGH,Guaranteed/high returns; asks for transfer,TRANSFER_MONEY,HINGLISH,Investment,0.96,public_dataset_derived,0,0,0,0,1,0,CRITICAL,"sir, crypto investment group: deposit ₹2,500 now and receive guaranteed returns within 48 hours."
IND-01440,Bahut zaroori hai: Prize department: pay the verification fee immediately to receive your lottery winnings.,scam,LOTTERY_SCAM,HIGH,Prize claim requires fee/payment,PAY_FEE,HINDI_ROMAN,Lottery,0.98,synthetic_augmented,0,0,0,0,1,0,HIGH,bahut zaroori hai: prize department: pay the verification fee immediately to receive your lottery winnings.
IND-00587,"Please dhyan do, Your parcel is held at customs. Pay ₹499 clearance charges immediately at http://parcel-fee.example.",scam,COURIER_FRAUD,HIGH,Unexpected parcel/customs fee; payment request or link,PAY_FEE,HINGLISH,Courier,0.91,public_dataset_derived,1,0,0,0,1,1,CRITICAL,"please dhyan do, your parcel is held at customs. pay ₹499 clearance charges immediately at URLTOKEN"
IND-01048,Urgent hai: Flood relief collection: donate immediately through this unfamiliar payment link.,scam,CHARITY_SCAM,MEDIUM,Urgent donation request with unverifiable details,DONATE,HINGLISH,Charity,0.92,public_dataset_derived,0,0,0,0,1,0,HIGH,urgent hai: flood relief collection: donate immediately through this unfamiliar payment link.
IND-01281,"Madam, Your account needs phone verification. Please reply with the OTP to complete the security check.",scam,OTP_THEFT,HIGH,Requests one-time password; suspicious verification,SHARE_OTP,HINGLISH,Banking,0.88,synthetic_augmented,0,0,1,0,0,0,HIGH,"madam, your account needs phone verification. please reply with the otp to complete the security check."
IND-01334,Kripya dhyan dein: Congratulations! Your mobile number won ₹10 lakh. Send ₹499 processing fee to claim the amount.,scam,LOTTERY_SCAM,HIGH,Prize claim requires fee/payment,PAY_FEE,HINDI_ROMAN,Lottery,0.93,public_dataset_derived,0,0,0,0,1,0,HIGH,kripya dhyan dein: congratulations! your mobile number won ₹10 lakh. send ₹499 processing fee to claim the amount.
IND-00957,"Bhai, Limited investment opportunity: zero risk and guaranteed profit. Send ₹5,000 today to activate your account.",scam,INVESTMENT_SCAM,HIGH,Guaranteed/high returns; asks for transfer,TRANSFER_MONEY,HINGLISH,Investment,0.89,public_dataset_derived,0,0,0,0,1,0,HIGH,"bhai, limited investment opportunity: zero risk and guaranteed profit. send ₹5,000 today to activate your account."
IND-00001,Turant check karein: SBI security team here. Your debit card will be blocked unless you verify your details through this link.,scam,BANK_IMPERSONATION,HIGH,Claims to be bank/security team; asks for sensitive information,VERIFY_BANK,HINDI_ROMAN,Banking,0.98,public_dataset_derived,0,0,0,0,0,1,CRITICAL,turant check karein: sbi security team here. your debit card will be blocked unless you verify your details through this link.
IND-00660,"Please dhyan do, Your UPI account will be suspended today. Send your UPI PIN to the verification agent to reactivate it.",scam,UPI_FRAUD,HIGH,Requests UPI PIN/payment; urgency,PAY_OR_SHARE_UPI,HINGLISH,UPI,0.93,public_dataset_derived,0,0,0,1,0,0,HIGH,"please dhyan do, your upi account will be suspended today. send your upi pin to the verification agent to reactivate it."
IND-00868,"Madam, Your ₹5 lakh loan is approved. Send ₹999 insurance charges to release the amount today.",scam,LOAN_SCAM,HIGH,Loan promise with advance processing fee,PAY_FEE,HINGLISH,Loans,0.92,public_dataset_derived,0,0,0,0,1,0,HIGH,"madam, your ₹5 lakh loan is approved. send ₹999 insurance charges to release the amount today."
IND-01352,"Sir, Your verification OTP has been generated. Send the OTP here so we can stop the unauthorized transaction.",scam,OTP_THEFT,HIGH,Requests one-time password; suspicious verification,SHARE_OTP,HINGLISH,Banking,0.94,synthetic_augmented,0,0,1,0,0,0,HIGH,"sir, your verification otp has been generated. send the otp here so we can stop the unauthorized transaction."
IND-01489,Urgent hai: Your parcel is held at customs. Pay ₹499 clearance charges immediately at http://parcel-fee.example.,scam,COURIER_FRAUD,HIGH,Unexpected parcel/customs fee; payment request or link,PAY_FEE,HINGLISH,Courier,0.9,synthetic_augmented,1,0,0,0,1,1,HIGH,urgent hai: your parcel is held at customs. pay ₹499 clearance charges immediately at URLTOKEN
IND-00211,"Please dhyan do, Electricity department: last warning. Pay ₹999 immediately to avoid disconnection.",scam,ELECTRICITY_SCAM,HIGH,Disconnection threat plus payment/link,PAY_BILL,HINGLISH,Utilities,0.91,public_dataset_derived,0,0,0,0,1,0,HIGH,"please dhyan do, electricity department: last warning. pay ₹999 immediately to avoid disconnection."
IND-01229,Kripya dhyan dein: Your tax refund cannot be processed. Share your bank account and OTP immediately for verification.,scam,TAX_REFUND_SCAM,HIGH,Fake refund plus PAN/bank/OTP request,SHARE_DETAILS,HINDI_ROMAN,Tax,0.89,public_dataset_derived,0,0,1,0,0,1,CRITICAL,kripya dhyan dein: your tax refund cannot be processed. share your bank account and otp immediately for verification.
IND-00723,"Sir, Your bank account has been flagged. Call +91 9876543210 and provide the OTP to cancel the transaction.",scam,BANK_IMPERSONATION,HIGH,Claims to be bank/security team; asks for sensitive information,VERIFY_BANK,HINGLISH,Banking,0.99,synthetic_augmented,0,1,1,0,0,1,CRITICAL,"sir, your bank account has been flagged. call +91 PHONETOKEN and provide the otp to cancel the transaction."
IND-00155,"Please dhyan do, Courier department: parcel contains restricted material. Pay ₹2,000 immediately or legal action will start.",scam,COURIER_FRAUD,HIGH,Unexpected parcel/customs fee; payment request or link,PAY_FEE,HINGLISH,Courier,0.94,synthetic_augmented,0,0,0,0,1,0,HIGH,"please dhyan do, courier department: parcel contains restricted material. pay ₹2,000 immediately or legal action will start."
IND-01382,"Urgent hai: Your refund is ready. Enter card number, CVV and OTP at http://refund-portal.example.",scam,PHISHING,HIGH,Suspicious link requesting credentials/payment,CLICK_LINK,HINGLISH,Phishing,0.93,synthetic_augmented,1,0,1,0,0,0,HIGH,"urgent hai: your refund is ready. enter card number, cvv and otp at URLTOKEN"
IND-01418,"Please dhyan do, FASTag verification pending. Send vehicle RC and OTP to activate your account.",scam,FASTAG_SCAM,HIGH,KYC/recharge/blacklist threat plus payment/link,PAY_OR_UPDATE,HINGLISH,Transport,0.98,synthetic_augmented,0,0,1,0,0,0,HIGH,"please dhyan do, fastag verification pending. send vehicle rc and otp to activate your account."
IND-00272,"Sir, Supreme Court cyber team here. You are under digital arrest due to money laundering. Transfer ₹50,000 for verification.",scam,DIGITAL_ARREST,CRITICAL,Authority impersonation; intimidation; payment demand,PAY_OR_TRANSFER,HINGLISH,Law enforcement,0.97,public_dataset_derived,0,0,0,0,1,1,HIGH,"sir, supreme court cyber team here. you are under digital arrest due to money laundering. transfer ₹50,000 for verification."
IND-01070,Kripya dhyan dein: HR department: your job is approved. Pay the refundable training fee today to receive your offer letter.,scam,JOB_SCAM,HIGH,Job offer requires upfront payment or sensitive documents,PAY_FEE,HINDI_ROMAN,Employment,0.94,synthetic_augmented,0,0,0,0,1,1,HIGH,kripya dhyan dein: hr department: your job is approved. pay the refundable training fee today to receive your offer letter.
IND-01368,Urgent hai: Click http://secure-login.example to prevent your WhatsApp account from being disabled.,scam,PHISHING,HIGH,Suspicious link requesting credentials/payment,CLICK_LINK,HINGLISH,Phishing,0.91,public_dataset_derived,1,0,0,0,0,0,HIGH,urgent hai: click URLTOKEN to prevent your whatsapp account from being disabled.
IND-01254,"Urgent hai: Dear customer, your KYC has failed. Update it immediately through http://verify-kyc.example or your account will be suspended.",scam,KYC_FRAUD,HIGH,OTP request; KYC/account threat; urgency,SHARE_OTP,HINGLISH,KYC / Banking,0.91,synthetic_augmented,1,0,0,0,0,1,HIGH,"urgent hai: dear customer, your kyc has failed. update it immediately through URLTOKEN or your account will be suspended."
IND-00229,"Madam, Your meter has been flagged. Pay the pending amount now or your connection will be terminated today.",scam,ELECTRICITY_SCAM,HIGH,Disconnection threat plus payment/link,PAY_BILL,HINGLISH,Utilities,0.88,public_dataset_derived,0,0,0,0,1,0,CRITICAL,"madam, your meter has been flagged. pay the pending amount now or your connection will be terminated today."
IND-00317,Urgent hai: Scholarship registration closes today. Pay ₹199 processing charges immediately.,scam,SCHOLARSHIP_SCAM,HIGH,Scholarship claim requires fee/bank details,PAY_FEE,HINGLISH,Education,0.92,public_dataset_derived,0,0,0,0,1,0,HIGH,urgent hai: scholarship registration closes today. pay ₹199 processing charges immediately.
IND-01044,Bahut zaroori hai: Please transfer ₹499 to this personal UPI ID to unlock your cashback immediately.,scam,UPI_FRAUD,HIGH,Requests UPI PIN/payment; urgency,PAY_OR_SHARE_UPI,HINDI_ROMAN,UPI,0.98,public_dataset_derived,0,0,0,0,1,0,HIGH,bahut zaroori hai: please transfer ₹499 to this personal upi id to unlock your cashback immediately.
IND-00911,Kripya dhyan dein: Your FASTag will be blocked tonight. Recharge ₹500 immediately through this link.,scam,FASTAG_SCAM,HIGH,KYC/recharge/blacklist threat plus payment/link,PAY_OR_UPDATE,HINDI_ROMAN,Transport,0.95,public_dataset_derived,0,0,0,0,1,0,CRITICAL,kripya dhyan dein: your fastag will be blocked tonight. recharge ₹500 immediately through this link.
